date,v10,snowc,sd,ssro,P208_GD,P820_GD,P820_GH,upreach_flow,target_flow
1957-01-31,1.48874191,61.55458788,0.015773873,0.005370964,1.83,2.04,0.68,122.0131421744325,133.9979091995221
1957-02-28,0.48709514,64.41175649,0.019389334,0.004127413,0.12,0.03,0.01,112.02050264550265,128.01752645502646
1957-03-31,0.772182746,62.30714554,0.023660324,0.003245182,2.8,0.0,0.01,155.98864994026283,168.9814814814815
1957-04-30,0.61109618,46.14049526,0.020455578,0.002694351,19.93,9.24,2.18,295.98765432098764,304.0123456790124
1957-05-31,-0.031824292,34.75583771,0.017260096,0.002518471,6.02,11.746086569320376,9.79,448.0286738351255,446.90860215053766
1957-06-30,-0.586219853,12.46720742,0.004458032,0.002953801,6.93,3.78,13.39,570.9876543209876,569.0586419753087
1957-07-31,-0.553401089,3.342504503,0.00055535,0.007727692,70.92999999999999,17.57,54.97,1030.0925925925926,1099.910394265233
1957-08-31,-0.095306153,2.15106465,0.000346162,0.016647306,10.02,13.43,11.2,953.1810035842294,1009.931302270012
1957-09-30,-0.394578342,9.081131784,0.001398427,0.019147092,31.872615124583245,7.050000000000001,31.26,912.8086419753088,918.9814814814816
1957-10-31,0.266965207,41.82981495,0.007176222,0.014932986,3.52,0.11,0.74,723.9396654719235,741.8608124253285
1957-11-30,0.839551946,75.3911079,0.015101785,0.010460037,0.1,0.0,0.0,368.9814814814815,390.817901234568
1957-12-31,0.939273155,77.73666757,0.01815419,0.007537402,0.01,0.0,0.01,172.00567502986857,200.00746714456392
1958-01-31,0.790969182,77.81893741,0.022284405,0.005445664,0.1,0.21,0.02,154.00985663082437,161.99970131421748
1958-02-28,0.610881823,81.41432821,0.031002763,0.004086382,0.0,0.0,0.01,126.984126984127,151.99239417989418
1958-03-31,0.973050718,59.44350083,0.025191212,0.003216077,0.6,0.5,0.01,182.0116487455197,188.9934289127837
1958-04-30,0.126348378,28.33762081,0.010846191,0.002748643,10.81,1.22,0.54,263.00154320987656,252.00617283950615
1958-05-31,0.052092501,23.24357314,0.005527384,0.002758672,40.24,6.56,27.97,498.05854241338113,479.01732377538826
1958-06-30,-0.453457991,6.145022896,0.001164748,0.00475411,34.15,44.33,23.29,915.895061728395,949.8456790123456
1958-07-31,-0.269389939,0.841672477,0.000139436,0.009207668,8.55,46.64,34.05,966.9952210274791,1049.8805256869773
1958-08-31,-0.361036969,3.6298774,0.000584912,0.011547625,53.42,31.56,38.78,1239.9193548387098,1288.0824372759855
1958-09-30,-0.204626492,10.85237615,0.001759535,0.015388368,16.009999999999998,8.06,8.99,1310.1851851851852,1420.138888888889
1958-10-31,0.325235809,43.66853199,0.008265917,0.015893861,6.92,0.15,1.94,1099.910394265233,1160.020908004779
1958-11-30,0.865264659,62.19985864,0.015481172,0.012826021,0.91,1.32,0.21,592.9783950617284,638.5416666666666
1958-12-31,0.870199682,52.72256262,0.014789433,0.009244474,1.01,0.02,0.05,274.0068697729988,293.01075268817203
1959-01-31,0.398915149,61.164335,0.018124193,0.00664496,0.11,1.23,0.54,179.99551971326164,190.0014934289128
1959-02-28,0.962881238,79.41897065,0.025697775,0.004885733,1.53,1.35,0.45,177.00066137566137,182.99437830687827
1959-03-31,0.97209098,75.58878327,0.031715896,0.003764973,3.82,0.43,0.82,235.99910394265237,238.98596176821985
1959-04-30,0.148498455,49.32275237,0.022229473,0.003115567,13.21,2.91,6.76,334.99228395061726,338.0015432098765
1959-05-31,0.001078636,21.31148523,0.004594083,0.002828018,9.25,19.24,10.88,521.9534050179211,523.8201911589008
1959-06-30,-0.60800291,15.47280825,0.002573342,0.003922972,17.91,7.609999999999999,23.95,991.1265432098766,1079.861111111111
1959-07-31,-0.116393634,1.066476911,0.000167988,0.009171186,55.53,13.98,28.55,1030.0925925925926,1089.8297491039427
1959-08-31,-0.262699795,2.261951761,0.000357232,0.009393091,25.26,40.96,46.54,968.8620071684588,1009.931302270012
1959-09-30,-0.618857218,13.44861081,0.002104718,0.011792833,13.0,2.28,30.79,734.9537037037037,787.037037037037
1959-10-31,0.105637223,28.32518145,0.005003239,0.00882977,18.7,3.2,4.93,368.9889486260453,395.7586618876941
1959-11-30,1.009314989,70.98017282,0.013660756,0.006874824,1.02,0.22,1.6,254.0123456790124,279.0123456790124
1959-12-31,0.998013933,75.09556363,0.01698118,0.005395208,0.5,0.3,0.22,155.98864994026283,179.99551971326164
1960-01-31,0.937510527,78.36999082,0.020467767,0.00408977,0.0,0.0,0.0,114.99402628434886,123.99193548387096
1960-02-29,0.527553895,72.49143768,0.020472578,0.003107174,0.3,1.0,5.0200000000000005,121.00893997445722,135.01756066411238
1960-03-31,0.934352142,53.19949147,0.019049564,0.002482385,0.23,0.02,0.13,158.90083632019116,182.9823775388292
1960-04-30,0.094988916,38.79646295,0.015168752,0.002131303,10.33,7.96,6.29,209.9922839506173,220.98765432098764
1960-05-31,-0.06023432,15.63066493,0.004706154,0.001985247,10.62,9.84,8.36,252.01612903225808,252.01612903225808
1960-06-30,-0.604777793,3.957183877,0.000683102,0.002181046,19.95,19.76,15.71,554.0123456790124,574.074074074074
1960-07-31,-0.53020894,0.248638546,3.9344e-05,0.004128173,33.47,22.87,29.3,1080.1224611708485,1180.1821983273596
1960-08-31,-0.30772679,3.358656512,0.000554685,0.005515936,34.83,2.92,26.16,1210.0507765830346,1279.868578255675
1960-09-30,-0.12675097,2.439360483,0.000385969,0.007056327,10.36,7.84,6.39,1010.0308641975308,1050.1543209876545
1960-10-31,0.178112772,46.0361611,0.007845234,0.006848919,2.02,4.54,13.84,787.037037037037,819.1457586618877
1960-11-30,0.806478701,49.82667366,0.0085031,0.006537134,1.81,0.21,0.71,459.10493827160496,486.88271604938274
1960-12-31,0.858594796,60.61854749,0.011267005,0.005467475,0.0,0.0,0.0,200.00746714456392,219.0113500597372
1961-01-31,0.681549147,79.12990248,0.018231143,0.004267166,0.3,0.12,0.13,168.01075268817203,173.01373954599762
1961-02-28,0.649344448,84.18268258,0.026777133,0.003300662,0.7,0.42,0.43,160.135582010582,167.989417989418
1961-03-31,0.482967775,82.12319021,0.041291683,0.002620677,11.43,6.24,0.17,231.00731780167263,241.0020908004779
1961-04-30,0.505226113,54.82408377,0.025433844,0.002192687,2.53,0.23,3.99,469.9074074074074,476.8518518518519
1961-05-31,-0.201855344,18.89338807,0.005284827,0.002082173,9.53,8.930000000000001,6.44,635.8273596176822,673.9097968936678
1961-06-30,-0.39781543,4.318555263,0.000942422,0.002171482,42.14,17.55,27.76,784.5293209876543,834.104938271605
1961-07-31,-0.34197347,0.686506856,0.00011027,0.005155715,31.25,8.559999999999999,20.07,1649.8655913978494,1699.895459976105
1961-08-31,-0.009654627,2.192608555,0.000355196,0.006884496,55.010000000000005,40.45,26.45,1089.8297491039427,1099.910394265233
1961-09-30,-0.015731951,13.52284883,0.002135544,0.007944693,48.52,17.04,20.54,1060.1851851851852,1079.861111111111
1961-10-31,0.489343093,54.58031296,0.011868982,0.00969401,52.52,20.89,8.07,1300.0298685782557,1310.110513739546
1961-11-30,0.841332231,83.24566443,0.024594587,0.009978482,7.9,4.72,1.15,695.9876543209876,755.0154320987655
1961-12-31,0.948045314,80.86804999,0.028247021,0.00791989,0.6000000000000001,0.6000000000000001,1.83,269.0038829151732,286.9997013142174
1962-01-31,0.488868705,84.0531577,0.034950351,0.006044939,0.0,0.02,0.14,192.98835125448028,196.01254480286735
1962-02-28,0.820249372,84.84613645,0.047160069,0.004676056,0.0,0.0,0.01,185.0198412698413,192.00562169312167
1962-03-31,0.329949188,76.43783477,0.05071818,0.003746636,0.01,0.01,0.02,201.9862604540024,205.01045400238948
1962-04-30,0.292472252,47.05155641,0.027789091,0.003117182,3.1100000000000003,0.04,0.05,400.8487654320988,398.14814814814815
1962-05-31,-0.247088459,13.51726346,0.004302074,0.002927695,6.01,7.05,23.36,576.0902031063322,576.836917562724
1962-06-30,-0.608019698,9.228650369,0.001614638,0.00348301,13.03,6.78,16.099999999999998,1050.1543209876545,1140.0462962962963
1962-07-31,-0.397846673,2.774898813,0.000449937,0.008988619,20.93,15.18,28.18,1379.9283154121863,1490.068697729988
1962-08-31,-0.19907541,2.966999605,0.000491215,0.013094981,37.82,2.57,5.48,1099.910394265233,1239.9193548387098
1962-09-30,0.100189869,7.708420589,0.001201491,0.011538816,24.92,22.24,18.16,641.9753086419753,694.8302469135804
1962-10-31,0.299199667,51.33219758,0.011476716,0.011835652,6.05,10.94,3.53,670.9229390681004,732.1535244922342
1962-11-30,0.995837028,83.85384479,0.025337699,0.010645608,0.31,0.12,3.86,415.89506172839504,456.0185185185185
1962-12-31,0.92491465,84.74010718,0.031754765,0.008183496,1.0,0.0,0.02,187.0146356033453,214.0083632019116
1963-01-31,0.375192754,77.90712293,0.032368151,0.00621496,0.0,0.0,0.0,130.00298685782556,141.98775388291517
1963-02-28,0.419685625,66.74749034,0.028856842,0.00480462,0.0,0.0,0.0,129.00958994708995,137.97949735449737
1963-03-31,0.772666467,61.44439815,0.024344843,0.003900136,3.62,0.13,2.83,179.99551971326164,212.32078853046596
1963-04-30,0.466842248,34.0661867,0.01333172,0.003328937,2.64,4.0600000000000005,2.03,272.9938271604938,283.9891975308642
1963-05-31,-0.168380071,11.44688213,0.002517491,0.00307048,47.0,19.37,24.86,449.14874551971326,467.81660692951016
1963-06-30,-0.534491906,9.925232396,0.001566634,0.003833544,30.61,17.84,24.56,648.9197530864197,675.1543209876543
1963-07-31,-0.310269857,3.861007909,0.000652405,0.011277349,44.13,20.65,29.25,1490.068697729988,1519.937275985663
1963-08-31,-0.328428668,2.333677297,0.000372686,0.015079667,8.65,16.46,37.57,1139.8596176821984,1199.9701314217443
1963-09-30,-0.101973485,7.610056152,0.001187245,0.021441101,27.11,2.39,7.6,2219.9074074074074,2219.9074074074074
1963-10-31,0.232924559,25.55414929,0.003933074,0.021151972,2.3,1.71,0.03,1540.0985663082438,1630.077658303465
1963-11-30,0.595987141,40.71057289,0.006329202,0.014118544,0.31,4.72,1.81,540.1234567901234,574.8456790123457
1963-12-31,0.55535926,38.48186537,0.006064763,0.00932916,0.0,0.0,0.01,256.98178016726405,266.9877538829152
1964-01-31,0.760842432,62.04964998,0.009982,0.006317745,0.31,1.56,0.48,192.98835125448028,202.99432497013143
1964-02-29,1.143852679,84.41499237,0.020166909,0.00456869,0.03,0.63,1.14,184.98563218390805,191.01213282247764
1964-03-31,0.780099073,68.36511363,0.023308314,0.003478265,3.82,0.33,0.14,242.01015531660693,251.00806451612905
1964-04-30,0.375901161,23.59432022,0.006831258,0.002838144,16.03,2.35,3.68,405.0925925925926,405.0925925925926
1964-05-31,0.111949871,17.26431013,0.002717201,0.002560559,50.11,16.19,38.27,567.1296296296297,585.0507765830347
1964-06-30,-0.68909127,8.560752565,0.001385479,0.003697858,24.95,15.79,10.079999999999998,587.9629629629629,623.8425925925927
1964-07-31,-0.25682925,3.184864663,0.000497586,0.019306118,36.24,27.27,28.27,1820.116487455197,1810.0358422939069
1964-08-31,-0.393682555,1.231764915,0.000206944,0.019310624,67.96000000000001,6.01,30.61,1300.0298685782557,1410.1702508960575
1964-09-30,-0.069480266,8.320100959,0.00129818,0.018038087,32.58,19.79,17.34,1359.9537037037037,1410.1080246913575
1964-10-31,0.360869007,43.23810388,0.009293842,0.019531101,6.82,12.83,1.71,1160.020908004779,1249.9999999999998
1964-11-30,0.583267728,71.31588798,0.022036257,0.014824138,0.0,0.0,0.0,540.895061728395,584.8765432098766
1964-12-31,0.740050053,75.55968562,0.028759351,0.010365228,0.01,0.31,0.3399999999999999,256.98178016726405,275.01493428912784
1965-01-31,0.924785819,65.93256905,0.027645451,0.00723689,0.0,0.0,0.0,186.00657108721623,197.99133811230587
1965-02-28,1.098890973,67.47128097,0.027091093,0.005400306,0.38,0.04,0.26,189.98015873015876,207.010582010582
1965-03-31,0.270848304,60.57513388,0.025997057,0.004269764,0.05,0.03,0.06,210.01344086021504,227.0011947431302
1965-04-30,0.159661972,44.46067522,0.017193421,0.003614444,6.62,0.63,1.55,347.9938271604938,349.99999999999994
1965-05-31,-0.333202073,22.98267062,0.006382461,0.003475694,6.720000000000001,2.16,3.9,577.9569892473119,586.9175627240144
1965-06-30,-0.566578467,8.643224548,0.001637238,0.005836655,12.27,9.86,15.92,824.8456790123457,866.1265432098766
1965-07-31,-0.51335333,1.464203658,0.000235724,0.016105202,26.61,5.95,4.18,1440.0388291517324,1500.1493428912784
1965-08-31,-0.393193325,5.27378257,0.000852657,0.01423213,12.04,22.97,17.96,711.9922341696536,794.1308243727599
1965-09-30,-0.307526339,9.311439982,0.001438669,0.01364149,13.95,5.409999999999999,15.77,964.891975308642,996.141975308642
1965-10-31,0.319471542,37.32659341,0.005940013,0.014002702,24.91,8.03,21.72,778.8231780167264,823.9994026284348
1965-11-30,0.929676172,39.1342927,0.006560465,0.011104316,0.4,0.03,0.14,369.9845679012346,417.0524691358025
1965-12-31,0.88063554,50.3965574,0.008124382,0.007854814,0.3,0.3,0.31,168.9814814814815,213.00029868578252
1966-01-31,0.942621458,45.67791151,0.007545709,0.005413337,0.0,0.0,0.0,169.98954599761052,173.98446833930706
1966-02-28,0.664557134,64.19505109,0.012149831,0.003949814,0.01,0.01,0.02,159.01951058201058,166.9973544973545
1966-03-31,0.670683485,58.37801425,0.014788801,0.003092622,0.01,0.03,0.23,224.98506571087216,227.0011947431302
1966-04-30,0.443067936,33.82709809,0.010190176,0.002625959,3.91,5.15,5.859999999999999,302.0061728395062,310.9953703703704
1966-05-31,-0.403112621,16.29295738,0.002912353,0.00252913,35.52,5.97,10.17,349.0143369175628,368.0182198327359
1966-06-30,-0.743085855,6.118736077,0.0009809,0.003424206,11.55,2.42,0.16,425.15432098765433,447.9166666666667
1966-07-31,-0.360281552,0.472462426,7.49343e-05,0.011273815,22.04,12.49,6.45,1049.8805256869773,1049.8805256869773
1966-08-31,-0.33412174,1.161638751,0.00018809,0.021500968,15.55,5.67,23.48,1689.8148148148148,1749.9253285543607
1966-09-30,-0.422886357,21.75107617,0.003415515,0.020661294,24.77,10.66,30.96,2010.030864197531,2010.030864197531
1966-10-31,0.43732486,31.87181653,0.005579665,0.017182294,4.33,9.01,16.72,1350.0597371565111,1440.0388291517324
1966-11-30,0.453316669,61.79959901,0.011182356,0.011525151,0.7,1.31,2.4,569.0586419753087,601.8518518518518
1966-12-31,1.193124517,80.06538971,0.02294658,0.00803884,0.0,0.01,0.2,272.9988052568698,285.9916367980884
1967-01-31,0.774289809,81.44230497,0.02947707,0.00570349,0.0,0.0,0.02,201.01553166069291,206.0185185185185
1967-02-28,0.696992543,81.1640536,0.036277289,0.004188378,0.03,0.03,0.14,186.0119047619048,192.9976851851852
1967-03-31,0.640752368,73.6242816,0.040431781,0.003303212,4.12,0.64,0.04,247.98387096774192,249.7759856630824
1967-04-30,0.500133607,61.42946487,0.034134619,0.002806592,6.05,1.6,10.25,360.9953703703703,347.9938271604938
1967-05-31,-0.19328064,23.63932572,0.007484634,0.002845092,53.16,9.86,33.57,1099.910394265233,1109.9910394265232
1967-06-30,-0.777924921,9.204149025,0.001461147,0.00389548,27.03,24.75,22.31,1130.0154320987654,1170.138888888889
1967-07-31,-0.469853539,3.538761327,0.00057764,0.008631145,41.91,19.44,18.34,2029.9432497013145,1969.8327359617683
1967-08-31,0.002568453,0.865030636,0.000140955,0.010963195,65.02,47.17,41.35,1580.047789725209,1649.8655913978494
1967-09-30,-0.448022195,8.746781187,0.001380061,0.02239898,21.96,23.58,31.27,2400.0771604938277,2359.953703703704
1967-10-31,0.30706067,60.39817585,0.015359071,0.013278692,8.14,5.37,7.53,1509.8566308243728,1540.0985663082438
1967-11-30,0.97493373,77.71757337,0.023495964,0.010625286,0.22,0.02,0.03,719.9074074074074,812.1141975308642
1967-12-31,0.659967841,73.17738103,0.022949563,0.008091558,0.0,0.0,0.0,307.9823775388292,353.00925925925924
1968-01-31,1.095333246,71.32194509,0.02395169,0.006127253,0.03,0.3,0.73,238.98596176821985,255.0029868578256
1968-02-29,0.123415138,76.1640815,0.028293309,0.004681214,0.01,0.01,1.11,211.007343550447,229.00702426564496
1968-03-31,0.493365622,65.18674763,0.028635637,0.003661847,4.9,0.8300000000000001,0.25,289.98655913978496,307.0116487455198
1968-04-30,0.42829202,63.82475096,0.033521617,0.003035653,1.5499999999999998,1.55,2.56,491.12654320987656,500.0
1968-05-31,-0.386877162,23.90340607,0.009669702,0.002719657,17.65,11.29,15.6,1149.9402628434889,1189.889486260454
1968-06-30,-0.666492369,6.193106756,0.001067415,0.002761187,12.73,6.989999999999999,20.34,1109.9537037037037,1160.108024691358
1968-07-31,-0.62989076,1.093237912,0.00017577,0.004204183,14.74,18.07,41.11,1329.8984468339306,1419.8775388291515
1968-08-31,-0.278691645,4.405350086,0.000718759,0.006460154,40.35,23.26,13.88,921.0722819593788,974.8357228195938
1968-09-30,-0.312092399,6.983527183,0.001094878,0.012192405,23.43,3.24,7.380000000000001,2050.1543209876545,2040.123456790124
1968-10-31,0.490505628,29.583491,0.004599481,0.011760068,16.96,2.83,5.82,1130.152329749104,1220.131421744325
1968-11-30,0.712642933,30.9416452,0.00479886,0.009733304,7.1,0.3,0.02,513.1172839506173,562.8858024691358
1968-12-31,1.097990416,24.76325864,0.003928715,0.007336273,0.0,0.01,0.1,274.0068697729988,315.00149342891274
1969-01-31,0.929208067,53.37204517,0.008916578,0.005325115,0.71,0.11,0.12,210.7974910394265,234.9910394265233
1969-02-28,0.819576656,61.82429213,0.012233548,0.003913647,0.01,0.02,0.0,192.00562169312167,209.98677248677248
1969-03-31,-0.225022746,34.68031604,0.007269488,0.003105159,1.51,0.04,0.92,241.0020908004779,252.9868578255675
1969-04-30,0.20934141,37.77781392,0.007615364,0.002707615,9.62,2.19,0.6900000000000001,311.99845679012344,331.01851851851853
1969-05-31,-0.326752023,15.46763167,0.003390517,0.002915145,23.75,19.04,14.77,465.2031063321386,510.0059737156511
1969-06-30,-0.403165784,10.38306051,0.001733928,0.00668686,9.12,23.64,32.55,631.9444444444445,650.0771604938273
1969-07-31,-0.225979351,1.625161772,0.000266784,0.01494698,13.76,10.67,25.86,1080.1224611708485,1130.152329749104
1969-08-31,-0.345658186,1.2301574,0.000194138,0.015842902,28.03,35.43,12.74,734.0203106332139,793.0107526881719
1969-09-30,-0.291902096,10.02463842,0.001560402,0.010730292,38.33,9.07,13.37,689.0432098765432,709.104938271605
1969-10-31,0.15372199,17.95162149,0.002749016,0.010843425,12.12,1.7200000000000002,8.629999999999999,775.0896057347671,841.173835125448
1969-11-30,0.025452914,28.78171391,0.004405716,0.008907796,0.0,0.0,0.0,352.0061728395062,381.0185185185185
1969-12-31,0.337114393,27.69721097,0.004479591,0.006795528,0.0,0.0,0.0,159.98357228195937,190.0014934289128
1970-01-31,0.476065358,43.09952838,0.006476642,0.004877636,0.02,0.02,0.91,128.99492234169654,147.9988052568698
1970-02-28,0.672393012,73.06010608,0.014308546,0.00344693,1.1,0.03,0.01,129.00958994708995,145.99867724867724
1970-03-31,0.454137231,75.72217592,0.025312759,0.002632004,0.14,0.06,0.8300000000000001,181.00358422939067,188.9934289127837
1970-04-30,0.266026881,70.11889626,0.033987291,0.002156751,8.01,6.67,6.449999999999999,363.0015432098766,367.0138888888889
1970-05-31,-0.251151184,31.39046879,0.013821999,0.001995881,30.32,15.78,7.9,540.994623655914,558.1690561529272
1970-06-30,-0.183634846,28.02881173,0.007565426,0.002332852,20.35,6.2700000000000005,38.27,655.0925925925926,672.067901234568
1970-07-31,-0.395662835,1.319306207,0.000227759,0.006940892,20.56,19.85,13.0,709.0053763440859,726.926523297491
1970-08-31,-0.224467504,1.435021104,0.000246124,0.015858338,44.73,15.17,19.56,1099.910394265233,1180.1821983273596
1970-09-30,-0.017783616,12.88378254,0.002062378,0.011265523,16.53,20.45,13.94,535.108024691358,569.0586419753087
1970-10-31,0.687605101,42.06149622,0.007023478,0.008861829,1.93,1.03,10.42,583.9307048984468,614.1726403823178
1970-11-30,0.786075305,57.97583056,0.010986102,0.006986685,0.31,0.4,0.41,331.01851851851853,348.9969135802469
1970-12-31,1.044883569,68.97844836,0.016252182,0.005335969,0.0,0.4,0.0,159.98357228195937,177.00866188769413
1971-01-31,0.594445431,71.63357603,0.020762767,0.003808063,1.92,0.16,1.44,127.01612903225806,139.00089605734766
1971-02-28,1.041136152,76.11422024,0.027855516,0.002856014,0.04,0.02,0.02,41.33597883597884,135.0033068783069
1971-03-31,0.460371849,63.78116202,0.023469827,0.002301214,1.21,1.51,1.31,188.9934289127837,201.01553166069291
1971-04-30,0.031406074,46.16358286,0.015315552,0.002006706,3.13,0.53,3.55,335.9953703703704,335.9953703703704
1971-05-31,-0.298627997,22.84644156,0.007320058,0.0020573,14.53,4.47,8.07,445.0418160095579,486.85782556750297
1971-06-30,-0.736918085,12.33802498,0.002453438,0.002571602,34.23,4.64,6.0600000000000005,618.0555555555555,638.8888888888888
1971-07-31,0.051851303,1.128671998,0.000186225,0.005915968,20.23,18.63,33.03,655.9886499402628,719.8327359617682
1971-08-31,-0.076402707,1.476494685,0.000234809,0.006691173,60.42,13.05,21.64,604.8387096774194,638.0675029868578
1971-09-30,-0.239398374,14.24387357,0.002236952,0.014685408,34.89,9.08,15.8,1319.83024691358,1329.861111111111
1971-10-31,0.340331787,57.80264332,0.014025178,0.014319399,10.15,10.44,10.159999999999998,1709.9761051373955,1799.9551971326164
1971-11-30,0.776343834,70.53948383,0.022189405,0.010909325,1.62,1.41,1.32,641.9753086419753,721.0648148148149
1971-12-31,0.69488109,57.13814661,0.019883493,0.007947854,0.0,0.0,0.1,272.9988052568698,308.9904420549582
1972-01-31,1.053099074,58.94674951,0.019937534,0.005820513,0.0,0.0,0.0,211.99223416965356,214.0083632019116
1972-02-29,0.923604446,80.9651396,0.029172932,0.00440181,0.72,0.25,2.45,196.0129310344828,214.0006385696041
1972-03-31,0.53741412,52.72800811,0.025002031,0.003422539,3.13,0.43,0.03,275.01493428912784,284.98357228195937
1972-04-30,0.154893324,52.01750157,0.025736823,0.002855371,22.8,5.04,4.84,423.9969135802469,440.97222222222223
1972-05-31,-0.295414897,20.5197991,0.00975332,0.002653501,19.15,21.78,19.09,709.0053763440859,723.9396654719235
1972-06-30,-0.360026715,6.818608283,0.001102301,0.003697954,11.48,19.67,15.16,1020.0617283950618,1069.83024691358
1972-07-31,-0.151749624,0.113563266,1.80586e-05,0.014646526,46.06,16.38,13.6,1920.1762246117084,1910.0955794504184
1972-08-31,0.216988504,0.072517853,1.13549e-05,0.013058795,59.84,18.22,7.47,980.0627240143368,1059.9611708482676
1972-09-30,-0.317853295,16.46291837,0.002627801,0.009557032,2.81,1.28,5.58,758.8734567901236,775.8487654320987
1972-10-31,0.297953695,28.31929854,0.004419417,0.008537369,0.11,0.02,2.0,607.8255675029868,658.9755077658302
1972-11-30,0.853521582,49.03245567,0.008887122,0.007210701,7.8,5.3,1.2,338.0015432098765,364.0046296296296
1972-12-31,0.919718961,37.15835815,0.006435999,0.005492999,1.61,0.51,0.8500000000000001,192.98835125448028,213.00029868578252
1973-01-31,0.957732727,46.17551178,0.007733485,0.003882178,0.3,1.3,0.01,160.99163679808842,174.99253285543608
1973-02-28,1.340143706,46.48066504,0.008250667,0.002771139,0.0,0.1,0.5,160.01157407407408,176.00859788359787
1973-03-31,0.794594646,45.73781801,0.00900134,0.002200521,0.03,0.03,0.02,210.9841696535245,227.0011947431302
1973-04-30,0.029774434,31.78284066,0.007284007,0.001946049,7.209999999999999,10.24,7.34,272.9938271604938,293.98148148148147
1973-05-31,-0.232671014,16.41986519,0.003346739,0.001952784,13.95,12.96,12.88,542.1146953405018,564.1427718040621
1973-06-30,-0.639307626,7.94105742,0.00126581,0.003122324,3.4600000000000004,23.49,18.81,1020.0617283950618,1050.1543209876545
1973-07-31,-0.378814657,0.627212038,0.000105512,0.005949515,42.42,22.61,25.99,844.9074074074074,919.9522102747908
1973-08-31,-0.029551293,1.098861545,0.000173374,0.006957183,85.83,16.46,21.66,878.1362007168459,897.1774193548387
1973-09-30,-0.276971207,4.490007666,0.000704997,0.008087822,17.82,6.23,6.12,959.8765432098766,1020.0617283950618
1973-10-31,0.212500146,49.7968196,0.010073529,0.008799752,17.66,8.84,20.33,1020.0119474313022,1040.1732377538829
1973-11-30,0.57819214,52.66649359,0.01147478,0.008825122,4.4,0.01,0.0,488.8117283950617,535.8796296296297
1973-12-31,0.65196219,49.557749,0.010960436,0.006846359,0.0,0.0,0.0,229.0173237753883,246.00507765830343
1974-01-31,1.007111716,47.39219891,0.010299906,0.004969611,0.9,0.3,0.23,145.9826762246117,168.01075268817203
1974-02-28,0.802503785,83.07783166,0.020328058,0.003581112,0.02,0.92,1.94,155.00992063492063,175.01653439153438
1974-03-31,0.407152298,78.26194234,0.026903116,0.002721026,0.45,3.19,5.94,207.997311827957,219.9820788530466
1974-04-30,-0.11815776,41.27956996,0.017763455,0.002216871,7.51,11.43,2.82,298.99691358024694,305.0154320987654
1974-05-31,-0.359456205,16.55085674,0.003277433,0.002019225,16.35,10.88,25.5,489.0979689366786,486.85782556750297
1974-06-30,-0.298763959,5.618590729,0.000889219,0.002465215,25.51,16.68,17.75,875.0,910.8796296296296
1974-07-31,-0.404500092,0.44377998,7.17147e-05,0.005757353,23.87,28.85,48.650000000000006,856.8548387096774,896.0573476702509
1974-08-31,-0.280449224,1.070852384,0.000168859,0.010210673,46.65,2.56,19.67,996.863799283154,999.8506571087216
1974-09-30,-0.20356761,8.790855418,0.001351216,0.011742136,32.55,7.35,2.88,1339.8919753086418,1359.9537037037037
1974-10-31,0.117237113,38.04333149,0.007638506,0.011805489,2.05,15.94,6.949999999999999,936.0065710872162,956.1678614097968
1974-11-30,0.561468154,89.04237081,0.02936774,0.010223191,0.71,0.22,0.53,565.9722222222222,589.891975308642
1974-12-31,1.096118201,92.07388235,0.04000924,0.007777771,2.8,0.5,0.06,253.9949223416965,278.0017921146953
1975-01-31,0.951693913,91.86784578,0.048439141,0.006035115,1.7000000000000002,0.11,0.23,168.01075268817203,178.9874551971326
1975-02-28,1.070441603,87.16934457,0.055174104,0.004870855,0.01,0.02,1.21,163.97982804232805,183.98644179894177
1975-03-31,0.625998957,68.39614496,0.045380292,0.004050657,0.02,2.61,1.22,227.0011947431302,233.98297491039423
1975-04-30,0.240229446,52.52083285,0.03178284,0.003551741,8.23,0.14,0.05,311.99845679012344,316.01080246913585
1975-05-31,-0.100811971,32.91887066,0.014074505,0.003589997,10.66,6.85,7.98,688.0973715651135,683.9904420549582
1975-06-30,-0.318196326,4.869848845,0.001608998,0.005097288,25.16,7.229999999999999,27.17,1140.0462962962963,1140.0462962962963
1975-07-31,-0.352155236,1.066435642,0.000173576,0.011376447,30.92,24.26,53.55,2309.961170848268,2230.0627240143367
1975-08-31,-0.064054558,0.536277276,8.47539e-05,0.015554841,19.43,4.44,33.33,1839.9044205495816,1829.823775388292
1975-09-30,0.140993668,6.691263141,0.001071927,0.013282943,66.15,27.95,21.47,1689.8148148148148,1689.8148148148148
1975-10-31,0.404764618,41.08297073,0.007119695,0.016849596,11.42,13.22,8.530000000000001,1969.8327359617683,1960.1254480286736
1975-11-30,0.385457171,69.8321473,0.0162002,0.014209228,1.62,0.62,0.07,861.8827160493827,881.9444444444445
1975-12-31,0.558407273,77.64650642,0.028255649,0.009919558,0.51,0.01,0.13,344.9820788530466,354.01732377538826
1976-01-31,0.578701398,67.96896158,0.027397291,0.006870244,0.0,0.0,0.0,248.99193548387095,239.99402628434888
1976-02-29,0.77673622,74.23640423,0.030082095,0.004935516,1.51,1.76,5.14,250.0,242.01787994891444
1976-03-31,0.775623849,86.84357759,0.045430708,0.003787235,1.2600000000000002,0.23,1.31,317.9883512544803,321.98327359617684
1976-04-30,0.406494704,73.16039604,0.057180426,0.003069783,4.0200000000000005,0.54,3.43,449.0740740740741,449.84567901234567
1976-05-31,-0.087555901,36.46852275,0.017876148,0.003131308,7.579999999999999,6.5,25.3,660.84229390681,636.9474313022699
1976-06-30,-0.352347143,7.985380083,0.001526064,0.003685889,69.86,15.18,33.260000000000005,1140.0462962962963,1170.138888888889
1976-07-31,-0.226392737,3.48665135,0.000562048,0.00523243,46.25,19.86,32.99,1500.1493428912784,1469.9074074074072
1976-08-31,-0.415503576,4.938414917,0.000781924,0.011964515,72.71,34.08,30.84,1939.9641577060927,1920.1762246117084
1976-09-30,-0.244364319,13.57641225,0.002122729,0.016277948,5.74,15.35,20.49,1880.0154320987651,2000.0
1976-10-31,0.411594787,41.02551089,0.006460101,0.013272609,4.01,2.82,6.45,994.9970131421744,1089.8297491039427
1976-11-30,0.402893951,54.23041553,0.010345354,0.010063366,0.1,0.01,0.3,519.675925925926,523.9197530864197
1976-12-31,0.827938711,60.51775416,0.015122915,0.007474096,0.0,0.0,0.0,262.99283154121866,289.98655913978496
1977-01-31,0.849910805,70.4509991,0.020179665,0.005240882,0.31,0.11,0.31,198.9994026284349,214.0083632019116
1977-02-28,0.466175503,84.64769722,0.031749283,0.003846031,0.01,0.02,0.01,186.0119047619048,204.98511904761904
1977-03-31,0.242419978,81.5261701,0.045794044,0.002999049,0.04,0.44,2.24,279.00985663082434,293.01075268817203
1977-04-30,0.46059027,73.11584087,0.059546902,0.002471995,14.04,14.44,2.76,643.1327160493828,606.8672839506173
1977-05-31,0.225612611,54.60477525,0.047049384,0.002680997,0.84,7.359999999999999,10.26,853.8679808841099,860.9617682198327
1977-06-30,-0.185396345,16.95022362,0.012827336,0.00290209,14.15,16.85,9.5,966.820987654321,966.820987654321
1977-07-31,-0.018923527,1.136724106,0.000178653,0.003083025,15.73,16.45,27.14,791.1439665471925,800.8512544802867
1977-08-31,-0.407930755,1.795918586,0.000287341,0.00551621,13.16,8.459999999999999,10.07,676.1499402628435,711.9922341696536
1977-09-30,-0.103801284,3.902184898,0.000608118,0.005452623,35.42,11.77,12.91,636.1882716049382,658.9506172839506
1977-10-31,0.383743876,48.46089196,0.007891121,0.006303099,9.02,6.9,12.81,518.9665471923537,539.8745519713261
1977-11-30,0.601120226,89.36385192,0.019515104,0.005674557,2.1,1.31,3.57,285.1851851851852,333.9891975308642
1977-12-31,1.06080431,90.1239523,0.022700319,0.004665148,1.12,1.0,0.12,159.98357228195937,188.9934289127837
1978-01-31,0.84285753,84.11934733,0.022033417,0.003520347,0.11,0.03,0.01,116.0020908004779,127.01612903225806
1978-02-28,1.158439789,79.37646724,0.023085203,0.00259898,1.8,0.41,1.63,123.015873015873,141.0094246031746
1978-03-31,0.670799574,72.14421277,0.026434022,0.002015414,3.5,0.23,1.97,178.01672640382318,196.01254480286735
1978-04-30,0.313881753,60.85817686,0.029353622,0.00167838,11.92,8.85,1.93,478.0092592592592,467.9783950617284
1978-05-31,-0.250609769,16.01371021,0.007977639,0.001566028,7.84,3.17,7.15,548.8351254480286,551.0752688172043
1978-06-30,-0.481415043,11.7974008,0.001897267,0.001668017,26.53,16.94,23.65,773.9197530864196,760.0308641975308
1978-07-31,-0.499723555,0.866226568,0.00014015,0.002784535,42.73,20.47,37.63,564.1427718040621,568.9964157706094
1978-08-31,0.001175405,3.526017182,0.000562304,0.008064823,72.53,15.43,23.94,1099.910394265233,1070.041816009558
1978-09-30,-0.124345225,15.35515088,0.002586246,0.018716983,40.41,10.55,17.87,1760.030864197531,1760.030864197531
1978-10-31,0.221742228,53.65910917,0.008990463,0.011728266,26.72,8.809999999999999,10.23,999.1039426523296,1020.0119474313022
1978-11-30,0.606096559,77.35083436,0.018334104,0.00927319,1.11,1.13,3.15,503.0864197530864,523.9197530864197
1978-12-31,1.057288234,77.29458643,0.021997457,0.006974443,0.0,0.0,0.0,228.00925925925927,256.0110513739546
1979-01-31,0.689738031,70.72907425,0.019993607,0.005083923,0.01,0.01,0.01,164.98655913978493,193.99641577060933
1979-02-28,0.833690209,76.16963611,0.028574735,0.003727868,0.01,0.02,0.21,151.99239417989418,178.98478835978835
1979-03-31,0.912057647,72.03035017,0.030706479,0.002909109,2.9,0.31,1.02,196.01254480286735,220.99014336917563
1979-04-30,0.42608568,47.95443878,0.021822954,0.002468113,10.3,4.15,1.35,380.0154320987654,390.817901234568
1979-05-31,-0.052144305,15.52388659,0.005069408,0.002426705,19.02,10.240000000000002,17.85,390.158303464755,402.85244922341695
1979-06-30,-0.581213729,5.923512367,0.000967552,0.003207324,7.36,11.37,12.47,449.84567901234567,466.04938271604937
1979-07-31,-0.451239315,9.380873737,0.001853477,0.010543742,67.91,24.67,32.85,1130.152329749104,1109.9910394265232
1979-08-31,-0.036951871,2.04652656,0.000325947,0.020692258,59.03,17.35,22.16,1699.895459976105,1739.8446833930705
1979-09-30,-0.050188588,25.24918841,0.004063523,0.017822456,13.16,14.84,16.63,1650.0771604938273,1680.16975308642
1979-10-31,0.313011301,46.88992488,0.008867086,0.014086383,3.5,3.12,8.0,938.9934289127838,965.1284348864992
1979-11-30,0.301642182,35.82997994,0.006960514,0.010078027,1.1,0.0,0.0,410.1080246913581,440.97222222222223
1979-12-31,0.954535511,36.73264111,0.007472834,0.007162305,0.0,0.02,0.04,216.9952210274791,248.99193548387095
1980-01-31,0.927759696,52.16663282,0.01039698,0.004900582,0.51,0.04,0.52,150.98566308243724,173.98446833930706
1980-02-29,0.598115359,65.7775031,0.014581324,0.003450653,0.62,0.23,1.22,148.98627075351214,172.01468710089398
1980-03-31,0.869011518,66.97303032,0.020706982,0.002699011,0.8200000000000001,0.05,0.23,211.99223416965356,237.00716845878136
1980-04-30,0.402276039,53.470853,0.026430972,0.002291752,3.9,1.4300000000000002,0.44,308.1404320987654,328.0092592592593
1980-05-31,-0.426830452,19.56948513,0.008952541,0.00207312,7.719999999999999,10.45,0.65,340.0164277180406,362.0071684587813
1980-06-30,-0.212249644,14.86851582,0.003348966,0.002248599,7.92,15.04,17.18,618.8271604938271,618.8271604938271
1980-07-31,-0.444602313,3.623246088,0.000586395,0.00765949,46.92,21.24,40.68,1329.8984468339306,1350.0597371565111
1980-08-31,-0.504906684,2.899237828,0.000462703,0.016524728,24.83,11.98,27.23,937.126642771804,949.074074074074
1980-09-30,-0.210643156,17.12541437,0.002857377,0.023055912,9.05,11.37,20.45,1400.0771604938273,1390.0462962962963
1980-10-31,0.42706909,39.03536251,0.00784993,0.016538085,1.52,6.53,0.13,1059.9611708482676,1130.152329749104
1980-11-30,0.740167921,33.23870637,0.007135649,0.01052426,0.01,0.0,0.0,464.1203703703704,494.9845679012346
1980-12-31,0.398130106,28.5304803,0.006076353,0.007259406,0.0,0.0,0.0,201.9862604540024,221.99820788530465
1981-01-31,1.062481692,36.53408177,0.007117838,0.005487048,1.02,0.05,0.03,155.0179211469534,173.01373954599762
1981-02-28,0.88335489,47.97278648,0.009732562,0.004022286,0.0,0.0,0.2,156.00198412698413,173.98313492063488
1981-03-31,0.521811461,64.68438199,0.014991628,0.00323229,2.92,0.91,5.32,84.97610513739545,223.0062724014337
1981-04-30,0.157752038,42.92380609,0.013016373,0.002773281,16.04,3.04,16.54,331.983024691358,341.0108024691358
1981-05-31,-0.434040279,20.41048711,0.005733474,0.002599608,20.83,1.4899999999999998,3.58,548.8351254480286,583.9307048984468
1981-06-30,-0.365945286,3.25488375,0.000678286,0.00302982,7.44,12.76,27.77,1040.1234567901236,1060.1851851851852
1981-07-31,-0.1106134,0.427882239,7.09033e-05,0.009143442,31.66,27.45,37.92,1599.8357228195937,1640.1583034647551
1981-08-31,-0.133447469,0.266596573,4.32996e-05,0.008727815,59.83,47.93,31.15,989.0232974910394,1059.9611708482676
1981-09-30,-0.348824388,11.53380531,0.001889103,0.023250595,50.46,6.44,12.08,3550.1543209876545,3469.9074074074074
1981-10-31,0.152500027,41.34159344,0.008948386,0.016727921,0.92,0.01,4.72,1699.895459976105,1680.1075268817203
1981-11-30,0.857609736,78.88342049,0.023259928,0.012455053,4.0,0.81,0.01,687.1141975308641,714.891975308642
1981-12-31,0.898502607,79.49225622,0.027260003,0.008623035,0.0,0.01,0.2,312.01463560334525,352.00119474313027
1982-01-31,1.205373661,71.32521,0.026015079,0.006136414,0.0,0.0,0.0,233.01224611708483,251.00806451612905
1982-02-28,0.924147648,66.17708329,0.022366782,0.004595776,0.82,0.45,2.52,227.01719576719577,250.9920634920635
1982-03-31,0.88743166,59.28033937,0.025337168,0.003628069,1.34,3.92,7.53,262.99283154121866,285.9916367980884
1982-04-30,-0.111981235,61.93056879,0.032564693,0.00306068,0.73,0.25,6.640000000000001,381.0185185185185,395.8333333333333
1982-05-31,-0.063738158,43.23686184,0.029031005,0.002895129,8.149999999999999,2.8600000000000003,9.38,900.1642771804062,850.1344086021505
1982-06-30,-0.424014655,10.19896696,0.003609829,0.00373706,13.33,7.689999999999999,21.26,1560.1851851851852,1514.6604938271605
1982-07-31,-0.573902425,1.47179605,0.000255937,0.009285325,19.82,12.97,16.28,1789.874551971326,1749.9253285543607
1982-08-31,-0.157116503,0.999694834,0.000165691,0.010134173,20.47,18.01,24.53,1049.8805256869773,1059.9611708482676
1982-09-30,-0.246553753,15.90644012,0.00270188,0.014544441,32.03,13.49,28.27,1699.8456790123455,1650.0771604938273
1982-10-31,0.312181845,38.43510965,0.010009318,0.016738857,19.05,4.04,3.71,1630.077658303465,1649.8655913978494
1982-11-30,0.669697918,40.53999849,0.009003656,0.012101699,2.81,0.04,1.21,653.1635802469136,697.145061728395
1982-12-31,0.667054158,69.78253936,0.015143669,0.008429337,0.61,0.43,0.51,284.98357228195937,326.0155316606929
1983-01-31,0.785404066,83.47056125,0.020333139,0.005747959,0.8200000000000001,0.33,1.53,210.9841696535245,233.98297491039423
1983-02-28,0.395015084,70.82218409,0.020068495,0.004072166,0.01,0.02,0.4,201.01686507936512,215.9804894179894
1983-03-31,0.46269568,70.1491169,0.023781605,0.003089265,0.02,0.01,0.62,238.98596176821985,251.00806451612905
1983-04-30,0.552981732,60.98013248,0.027647859,0.002522762,18.22,1.36,2.54,464.1203703703704,476.08024691358025
1983-05-31,0.058028439,27.68040706,0.017330639,0.002261126,48.33,17.54,9.19,885.9767025089606,872.1624850657108
1983-06-30,-0.40249315,10.8015266,0.002526346,0.002415744,45.81999999999999,14.11,37.49,1209.8765432098764,1209.8765432098764
1983-07-31,-0.3383121,1.809329602,0.000305563,0.014105684,28.26,19.5,69.72,2650.0896057347672,2529.8685782556754
1983-08-31,-0.429911775,2.173292802,0.000367439,0.020879138,33.24,12.73,22.56,1730.137395459976,1789.874551971326
1983-09-30,-0.105656885,13.47531358,0.002602869,0.011670219,13.13,21.23,20.65,1150.0771604938273,1099.9228395061727
1983-10-31,0.25163642,63.32880632,0.024292077,0.015410863,14.48,3.78,9.23,1960.1254480286736,1960.1254480286736
1983-11-30,0.677459678,68.58984584,0.039531623,0.012468091,0.0,0.0,0.0,842.9783950617284,912.8086419753088
1983-12-31,0.776460785,68.16167267,0.042184885,0.00885654,0.01,0.2,0.8200000000000001,340.0164277180406,579.8237753882916
1984-01-31,0.726438905,78.91086717,0.052767303,0.006500755,0.21,0.01,0.52,233.98297491039423,275.98566308243727
1984-02-29,1.213167692,83.32718239,0.06483513,0.005029467,0.0,0.01,0.04,250.9977650063857,283.0060664112388
1984-03-31,0.554719217,74.59594967,0.067050048,0.004047134,0.41,0.0,0.02,293.01075268817203,326.9862604540023
1984-04-30,0.534083327,56.50778738,0.062634501,0.003516577,13.91,4.63,8.71,412.037037037037,444.0586419753087
1984-05-31,-0.251403717,40.92406518,0.042769661,0.003491652,52.67,16.509999999999998,20.98,479.01732377538826,520.0866188769414
1984-06-30,-0.311725896,18.03989693,0.006477102,0.005554271,31.820000000000004,16.17,16.95,1109.9537037037037,1060.1851851851852
1984-07-31,-0.332806253,1.807875974,0.000379411,0.018698868,21.82,32.25,12.5,2430.1821983273594,2460.050776583035
1984-08-31,-0.467843225,1.536296463,0.00026277,0.018080618,13.23,14.73,15.95,1400.089605734767,1479.9880525686976
1984-09-30,-0.29272107,16.05363062,0.002865113,0.011381556,39.45,7.3,10.07,861.1111111111111,834.8765432098766
1984-10-31,-0.022503526,55.059267,0.017326346,0.013906483,11.11,2.56,1.02,854.9880525686978,893.0704898446834
1984-11-30,0.873185856,81.05597612,0.032228894,0.012443101,0.01,0.01,0.61,478.0092592592592,520.0617283950618
1984-12-31,0.824437207,78.09741335,0.03750413,0.009190877,0.5,0.2,0.03,257.9898446833931,280.0179211469534
1985-01-31,0.802474973,79.01218864,0.045988116,0.00678312,0.01,0.12,0.03,182.0116487455197,207.997311827957
1985-02-28,0.54123225,76.35325138,0.050182192,0.00519281,0.0,0.0,0.1,166.9973544973545,177.99272486772486
1985-03-31,0.198959354,69.00555479,0.054225632,0.004148685,0.4,0.11,0.5,223.0062724014337,233.98297491039423
1985-04-30,0.221074109,58.37050842,0.062433357,0.003494613,4.92,6.74,15.44,344.9845679012346,356.983024691358
1985-05-31,0.112550443,40.11089212,0.043115043,0.003426193,33.73,18.02,41.24,430.1075268817205,452.1356033452808
1985-06-30,-0.403874364,16.34859556,0.009226681,0.004766036,29.02,19.7,32.76,638.8888888888888,665.1234567901233
1985-07-31,-0.494767873,4.51297271,0.000805603,0.011636737,53.6,29.17,41.02,1199.9701314217443,1249.9999999999998
1985-08-31,-0.308035147,1.660556792,0.000280788,0.012053365,33.75,14.99,22.47,1009.931302270012,980.0627240143368
1985-09-30,-0.346176055,23.65236166,0.004251051,0.021797844,32.36,13.1,10.26,2349.9228395061727,2449.845679012345
1985-10-31,0.42475658,41.71909884,0.00916137,0.018715347,14.63,7.63,16.44,1139.8596176821984,1170.1015531660694
1985-11-30,0.583879074,73.30332858,0.018912582,0.01291348,3.6,1.2,0.01,451.00308641975306,508.8734567901234
1985-12-31,0.698973316,66.96026031,0.017531452,0.009127735,2.2,0.03,1.01,244.99701314217444,270.98267622461174
1986-01-31,0.605997511,64.26909418,0.017949136,0.006614165,0.0,0.01,0.0,181.00358422939067,205.01045400238948
1986-02-28,0.310541415,59.63481125,0.017509415,0.00492723,0.11,0.02,0.01,178.98478835978835,192.00562169312167
1986-03-31,0.423835064,65.0588599,0.022366183,0.003829956,0.01,0.52,3.23,229.0173237753883,238.98596176821985
1986-04-30,0.105142649,62.12528153,0.033671753,0.003243459,9.14,1.05,0.15,358.9891975308642,356.983024691358
1986-05-31,0.086804668,36.97542201,0.025312782,0.003243091,24.25,0.78,8.049999999999999,849.0143369175627,829.9731182795699
1986-06-30,-0.343214912,8.653796073,0.002971103,0.006137053,28.06,24.88,43.46,1119.9845679012346,1109.9537037037037
1986-07-31,-0.69353805,0.71285155,0.000117154,0.016020471,13.93,14.81,24.35,1720.0567502986858,1680.1075268817203
1986-08-31,-0.366176157,8.524597147,0.001611548,0.011914648,33.42,13.76,27.56,698.9247311827957,719.8327359617682
1986-09-30,-0.445054319,18.33334704,0.003076357,0.014736413,14.3,1.38,3.7600000000000007,1079.861111111111,1060.1851851851852
1986-10-31,0.163556684,30.99629045,0.004994347,0.01382982,8.43,1.21,6.45,573.8500597371565,369.9970131421744
1986-11-30,0.648878274,43.39540337,0.006953984,0.01016403,0.02,0.02,0.21,331.983024691358,311.50327932098764
1986-12-31,0.891113781,43.84198516,0.007109084,0.007619776,3.12,4.32,3.89,202.99432497013143,184.44941009557945
1987-01-31,0.433438568,39.44142582,0.007119168,0.005703591,0.0,0.0,0.0,140.0089605734767,122.40882616487455
1987-02-28,0.221740501,30.59277895,0.006113448,0.004312164,0.0,0.0,0.01,154.01785714285714,344.99007936507934
1987-03-31,0.355883162,47.1973631,0.01044903,0.003534816,1.6,3.02,0.23,187.0146356033453,627.9868578255675
1987-04-30,0.195036052,47.53812151,0.01243935,0.003062687,0.95,1.93,5.4,257.6388888888889,373.9969135802469
1987-05-31,-0.306239309,33.07489177,0.012328342,0.003169318,40.54,17.23,19.94,533.9008363201912,433.09438470728793
1987-06-30,-0.347683294,6.981955897,0.002591655,0.00650472,54.85,25.84,27.93,1130.0154320987654,587.5771604938271
1987-07-31,-0.500070761,0.720653001,0.00011831,0.018142243,22.65,25.87,33.07,1640.1583034647551,816.1589008363202
1987-08-31,-0.441781545,2.232130903,0.000378519,0.014841123,10.84,6.28,16.56,1009.931302270012,619.0262843488649
1987-09-30,-0.399440617,12.87510102,0.002142029,0.011160875,23.44,12.92,12.57,631.1728395061729,318.016975308642
1987-10-31,0.639968185,29.9320915,0.004816753,0.010417499,0.41,0.82,1.92,532.0340501792115,244.99701314217444
1987-11-30,0.472260074,47.85929368,0.008427036,0.008866794,0.8999999999999999,0.02,0.22,313.00154320987656,233.9891975308642
1987-12-31,0.378087291,42.7457008,0.008443376,0.007107079,0.0,0.0,0.02,165.99462365591398,417.0400238948626
1988-01-31,0.474795265,55.93357069,0.012135101,0.00551254,0.0,0.0,0.01,136.9847670250896,332.997311827957
1988-02-29,0.636078102,57.34077829,0.015876876,0.004213906,0.73,0.63,0.55,142.99968071519797,429.83716475095787
1988-03-31,0.489656605,83.81124877,0.037675475,0.003397763,1.65,0.98,8.57,215.9871565113501,502.9121863799283
1988-04-30,-0.146233726,72.40099505,0.054086579,0.002880593,0.41,0.7,0.02,339.0046296296297,348.9969135802469
1988-05-31,0.215460827,36.77438249,0.019044758,0.003122139,15.44,18.88,26.95,400.98566308243727,443.17502986857824
1988-06-30,-0.144606038,12.42705054,0.002858918,0.005630799,44.93,11.98,16.15,790.1234567901234,834.104938271605
1988-07-31,-0.287804181,1.085591155,0.000178725,0.011564977,36.13,19.35,35.27,800.1045400238949,701.9115890083632
1988-08-31,-0.147582004,1.377232078,0.000233838,0.011917751,45.02,25.11,38.27,529.0471923536439,1780.1672640382317
1988-09-30,-0.457983246,13.89135106,0.002314843,0.011257649,25.93,11.68,19.66,788.966049382716,616.8981481481482
1988-10-31,0.135629716,62.33821537,0.016375198,0.016787605,12.04,1.2300000000000002,8.26,1220.131421744325,620.1463560334528
1988-11-30,0.40044506,79.92441928,0.02818536,0.015104067,0.0,0.0,0.22,611.1111111111111,567.1296296296297
1988-12-31,0.992708969,71.03262717,0.029371752,0.010390976,0.2,0.0,0.01,256.0110513739546,536.1409796893668
1989-01-31,0.528525204,71.43574239,0.031012003,0.007536462,0.01,0.01,0.62,164.0158303464755,666.0692951015532
1989-02-28,0.670891056,81.97264308,0.043772481,0.005755437,0.23,0.07,1.46,157.0064484126984,467.09656084656086
1989-03-31,0.303761545,86.07102905,0.063119549,0.004563688,0.03,0.03,3.1500000000000004,267.9958183990442,477.1505376344086
1989-04-30,0.002190712,84.02249733,0.087526956,0.003797685,15.91,5.86,10.48,375.00000000000006,451.00308641975306
1989-05-31,-0.19976082,64.99726553,0.100891122,0.004358923,4.57,0.7899999999999999,5.32,880.0029868578256,672.0430107526881
1989-06-30,-0.000826267,33.65300274,0.048573776,0.010041159,18.66,13.69,36.35,2390.046296296296,711.033950617284
1989-07-31,-0.187466362,2.78695423,0.000790693,0.018202519,55.620000000000005,36.35,46.36,2339.8297491039425,918.8321385902032
1989-08-31,-0.061875447,1.522378325,0.000257892,0.02473468,55.81,30.03,32.56,1920.1762246117084,710.8721624850657
1989-09-30,-0.049677265,10.29906397,0.001684968,0.023945835,36.7,9.35,3.56,1829.861111111111,1706.4043209876545
1989-10-31,0.198700677,51.72977247,0.01039469,0.019914696,27.13,8.11,6.96,1149.9402628434889,760.1553166069295
1989-11-30,0.687252941,75.49343339,0.02162219,0.014360386,1.91,1.7000000000000002,0.8200000000000001,636.9598765432099,528.9351851851852
1989-12-31,0.902228552,75.3676007,0.028771065,0.010118981,0.1,0.02,3.13,317.01762246117084,452.8823178016726
1990-01-31,0.944600023,72.77966874,0.032698609,0.007382257,0.01,0.0,0.01,252.9868578255675,635.0806451612904
1990-02-28,0.988677778,75.54007766,0.040944051,0.005696263,0.21,0.11,0.44,249.0079365079365,660.135582010582
1990-03-31,0.948502336,74.26145967,0.048757708,0.004572895,3.74,0.33,1.03,285.9916367980884,679.8835125448029
1990-04-30,0.202555867,57.61174209,0.042671641,0.003856272,12.13,19.31,3.68,361.9984567901234,662.8086419753087
1990-05-31,-0.363434762,45.39287711,0.027579856,0.003564814,33.15,2.09,4.49,697.0579450418161,1040.1732377538829
1990-06-30,-0.614525112,5.968699722,0.00272092,0.003783546,9.87,21.26,37.66,728.0092592592592,900.8487654320988
1990-07-31,-0.325563379,1.64268648,0.00028486,0.004452299,30.75,18.16,5.98,762.0221027479092,710.1254480286739
1990-08-31,-0.244946795,2.189549954,0.000358109,0.006177628,30.55,18.81,12.68,807.9450418160095,618.279569892473
1990-09-30,-0.332701928,11.60377582,0.001920727,0.010574777,16.1,12.05,10.67,957.175925925926,638.8888888888888
1990-10-31,0.365877794,62.01999552,0.015987242,0.011814341,5.53,10.83,15.74,681.0035842293906,586.1708482676224
1990-11-30,0.724887964,55.26034616,0.018253712,0.010641876,1.7,0.0,0.0,400.0771604938272,520.0617283950618
1990-12-31,1.090002318,48.94367747,0.016021001,0.00809169,0.0,0.01,1.0,213.00029868578252,617.1594982078853
1991-01-31,0.88561164,67.61726125,0.020461517,0.006030199,0.42,0.04,1.93,133.9979091995221,604.0919952210274
1991-02-28,0.913678231,65.98687186,0.021980814,0.004615495,0.01,0.05,0.76,139.01289682539684,574.156746031746
1991-03-31,0.911960924,57.48041297,0.024887365,0.003708834,0.01,1.02,0.12,198.9994026284349,614.1726403823178
1991-04-30,0.539621975,53.65118088,0.026441667,0.003169165,2.52,3.94,9.15,242.01388888888889,518.1327160493827
1991-05-31,0.305550008,26.27806006,0.017098397,0.003214884,18.04,19.95,24.48,445.0418160095579,582.0639187574671
1991-06-30,-0.250489868,8.679682499,0.001836707,0.003767472,37.25,6.2700000000000005,4.0200000000000005,555.1697530864197,724.1512345679013
1991-07-31,-0.313255719,1.189309576,0.000202665,0.005888663,50.220000000000006,13.23,31.74,827.7329749103943,823.9994026284348
1991-08-31,0.099155587,4.247886551,0.0007062,0.012176674,9.01,13.83,28.0,1130.152329749104,869.9223416965352
1991-09-30,-0.387255134,12.25511011,0.002010067,0.013089369,1.03,12.22,6.3100000000000005,734.9537037037037,579.0895061728395
1991-10-31,-0.076933094,50.81206505,0.010375045,0.014767677,2.23,6.64,2.54,638.8142174432497,552.942054958184
1991-11-30,0.641215692,73.50250386,0.027397355,0.012665362,0.0,0.0,0.0,391.9753086419753,731.0956790123457
1991-12-31,1.071490549,69.4474819,0.032992215,0.008945059,0.01,0.3,0.1,205.01045400238948,341.9952210274791
1992-01-31,0.852902446,69.17355756,0.03549629,0.006445761,0.0,0.0,0.0,145.9826762246117,678.0167264038232
1992-02-29,0.322464894,70.64825701,0.037813506,0.004876822,0.01,0.01,0.11,144.99521072796935,399.90421455938696
1992-03-31,0.642354526,74.6881162,0.048090326,0.003886354,0.41,2.02,9.44,182.9823775388292,359.9910394265233
1992-04-30,0.366519503,56.70569637,0.050606553,0.003356387,4.21,0.11,0.33,366.0108024691358,400.0771604938272
1992-05-31,0.063889466,31.42420328,0.014012092,0.003704622,32.43,0.8800000000000001,14.8,452.8823178016726,548.8351254480286
1992-06-30,-0.519095875,11.19160694,0.002100719,0.005642881,38.93,6.95,24.43,800.925925925926,710.6481481481483
1992-07-31,-0.292983682,4.258670982,0.00071986,0.018321046,39.01,20.84,40.08,1760.0059737156512,616.0394265232975
1992-08-31,-0.345634233,1.519188536,0.000258592,0.020004388,28.13,11.17,10.61,1040.1732377538829,582.0639187574671
1992-09-30,-0.031100397,18.76235547,0.003183774,0.017450076,60.14,14.34,11.65,1079.861111111111,368.9814814814815
1992-10-31,0.085743831,59.63201776,0.012601573,0.020385953,5.109999999999999,5.43,11.94,1009.931302270012,241.0020908004779
1992-11-30,0.440438911,75.17125294,0.020173632,0.014619356,0.91,1.22,1.41,396.9907407407407,542.824074074074
1992-12-31,0.850489367,64.29985351,0.020027734,0.009907496,0.0,0.0,0.21,193.99641577060933,691.8309438470728
1993-01-31,0.675522639,81.22311492,0.027841128,0.006924903,0.9,0.4,1.5499999999999998,173.01373954599762,551.0752688172043
1993-02-28,0.751069204,74.17328018,0.028583826,0.005134536,0.1,0.01,1.1,176.00859788359787,644.0145502645503
1993-03-31,0.798332075,71.90218237,0.035056434,0.004064126,0.6100000000000001,0.36,12.92,234.9910394265233,508.1391875746714
1993-04-30,-0.007133601,57.73515057,0.04128713,0.00347572,0.01,0.01,0.03,484.1820987654321,506.94444444444446
1993-05-31,-0.191724247,35.2643687,0.013836754,0.003530624,24.56,15.13,43.56,701.1648745519714,598.1182795698925
1993-06-30,-0.492653198,10.92963412,0.00315976,0.005292275,22.15,19.56,16.78,993.8271604938273,734.9537037037037
1993-07-31,-0.400709051,1.777992684,0.000305408,0.014829793,40.55,22.03,31.9,1400.089605734767,686.9772998805256
1993-08-31,-0.370423002,0.781724127,0.000136717,0.022078405,16.72,18.56,25.73,1619.9970131421744,745.9677419354839
1993-09-30,-0.289026061,13.9352009,0.002294225,0.01755039,28.32,17.7,27.33,1089.891975308642,804.0123456790124
1993-10-31,0.02377839,60.58363726,0.016528092,0.014777001,5.52,5.1,5.33,747.0878136200718,611.9324970131422
1993-11-30,1.108152995,71.7646849,0.030212082,0.01171904,0.0,0.01,0.02,442.9012345679012,592.9783950617284
1993-12-31,0.840700759,64.47828184,0.030347876,0.008664905,0.0,0.0,0.01,202.99432497013143,595.1314217443249
1994-01-31,0.912959835,74.02062293,0.037535579,0.006387476,0.31,0.02,1.3,161.99970131421748,651.1350059737157
1994-02-28,1.163054204,81.87012826,0.048615164,0.004950976,0.2,0.7,0.03,159.01951058201058,689.0707671957673
1994-03-31,0.292167756,77.95726897,0.058455024,0.004001128,0.02,0.41,0.02,193.99641577060933,729.9133811230586
1994-04-30,0.51754084,72.19011309,0.065077512,0.003409181,4.51,0.05,8.43,496.9135802469136,643.9043209876544
1994-05-31,-0.15312591,37.1111268,0.033634153,0.004395895,31.520000000000003,12.27,11.05,635.0806451612904,894.9372759856631
1994-06-30,-0.466418821,5.341221417,0.001252219,0.007157512,37.43,20.92,40.67,1150.0771604938273,724.9228395061729
1994-07-31,-0.441999538,0.768581188,0.000124918,0.010623279,21.62,29.82,34.260000000000005,1020.0119474313022,583.9307048984468
1994-08-31,-0.0004898,0.295276903,4.67161e-05,0.009559745,37.010000000000005,28.75,19.57,589.15770609319,734.0203106332139
1994-09-30,-0.18321362,3.958157403,0.00062655,0.012789119,13.46,12.28,9.17,702.9320987654321,663.966049382716
1994-10-31,0.047110173,47.78611132,0.008671262,0.015787697,6.109999999999999,0.93,0.03,574.9701314217443,632.0937873357228
1994-11-30,0.797667829,53.14483793,0.013529158,0.012932661,6.9,0.31,0.8,339.0046296296297,599.9228395061729
1994-12-31,0.850685837,62.2609405,0.015542124,0.009271011,0.0,0.31,0.63,159.98357228195937,703.0316606929509
1995-01-31,0.719190177,80.95631175,0.022763048,0.006512763,0.41,0.22,1.1900000000000002,130.00298685782556,704.8984468339307
1995-02-28,0.348760844,87.47560646,0.032506414,0.0048022,0.01,0.01,0.33,121.98247354497354,689.8974867724869
1995-03-31,0.498837784,85.43946136,0.050026395,0.003709235,0.01,0.0,0.01,176.00059737156514,636.9474313022699
1995-04-30,0.46222003,85.01513975,0.073257509,0.003011979,0.03,0.42,0.46,395.8333333333333,430.16975308641975
1995-05-31,-0.25069506,36.43711303,0.027165505,0.003321963,3.1100000000000003,0.63,1.13,714.979091995221,589.15770609319
1995-06-30,-0.600621328,3.527566471,0.000709352,0.005222843,15.41,13.85,20.27,559.0277777777778,750.0000000000001
1995-07-31,-0.127998047,1.947571974,0.000329413,0.007589946,25.24,28.37,44.67,532.0340501792115,716.0991636798088
1995-08-31,-0.213659918,3.453900591,0.000599489,0.015300016,24.53,30.83,16.98,984.9163679808842,533.9008363201912
1995-09-30,-0.047134693,2.457310492,0.00040339,0.017985122,30.14,22.43,13.42,998.8425925925926,609.9537037037037
1995-10-31,0.21600613,50.10988172,0.01071411,0.014210065,4.51,2.03,0.87,673.163082437276,655.9886499402628
1995-11-30,0.395516025,78.57826156,0.031332392,0.011316644,1.8,0.0,0.01,415.89506172839504,621.9135802469136
1995-12-31,0.749211265,77.43495687,0.038496506,0.008817821,0.2,0.02,0.34,213.00029868578252,344.01135005973714
1996-01-31,0.995354845,79.98356986,0.047460515,0.006771182,0.7999999999999999,0.02,0.22,136.9847670250896,464.8297491039427
1996-02-29,0.77432672,76.55840491,0.054762563,0.005321222,0.01,0.11,0.73,145.99297573435504,502.0753512132823
1996-03-31,0.886646468,74.71700594,0.065729821,0.004325166,1.82,0.52,4.82,207.997311827957,455.86917562724017
1996-04-30,0.239433581,68.84107763,0.073317875,0.003781521,0.52,2.82,4.53,331.01851851851853,330.0154320987654
1996-05-31,-0.25004516,40.79169731,0.029884292,0.005209561,12.12,7.970000000000001,20.69,557.0489844683393,529.0471923536439
1996-06-30,-0.616622917,13.99634338,0.006112978,0.009118851,21.52,16.15,18.86,787.8086419753088,520.8333333333334
1996-07-31,-0.460966239,0.370685257,6.29205e-05,0.011237417,36.42,13.02,21.61,650.0149342891278,666.0692951015532
1996-08-31,0.062143809,0.101118375,1.45295e-05,0.012667056,25.32,14.96,22.36,713.8590203106332,661.9623655913979
1996-09-30,-0.344515357,12.79230642,0.002084027,0.011579391,13.52,11.3,15.86,645.8333333333333,582.175925925926
1996-10-31,0.329543338,57.18589454,0.013913255,0.012067486,0.7,8.52,10.5,595.1314217443249,378.9575866188769
1996-11-30,0.593750507,66.92414023,0.020757784,0.011282585,0.1,0.0,0.0,355.0154320987654,461.033950617284
1996-12-31,0.633631099,73.54563452,0.025959307,0.009097458,0.0,0.0,0.0,178.01672640382318,486.85782556750297
1997-01-31,0.670334449,66.32176508,0.025325094,0.006934221,0.2,0.0,0.11,131.0110513739546,406.9593787335723
1997-02-28,0.43384327,79.78965231,0.036233692,0.005351661,0.9,0.02,0.11,118.01421957671958,391.9890873015873
1997-03-31,0.780167756,77.06803183,0.045062366,0.004264003,0.82,2.8200000000000003,3.95,201.01553166069291,275.01493428912784
1997-04-30,0.030282407,59.2835958,0.044756379,0.003716177,15.53,30.22,5.46,284.99228395061726,339.0046296296297
1997-05-31,-0.225983604,34.24468619,0.014966242,0.004121612,14.62,7.38,19.92,804.9581839904421,455.1224611708483
1997-06-30,-0.435064306,9.213704453,0.002107774,0.00670358,16.439999999999998,12.05,24.07,721.8364197530864,667.0524691358024
1997-07-31,-0.378172046,1.822871349,0.000320492,0.012600417,62.73,19.26,17.46,809.8118279569892,527.9271206690562
1997-08-31,0.052518884,3.62206926,0.000629876,0.013799473,62.3,28.93,11.55,642.1744324970132,293.98148148148147
1997-09-30,-0.537115755,16.21621868,0.002719845,0.014507698,32.71,10.14,22.98,498.8425925925926,474.92283950617286
1997-10-31,0.162768584,66.38919474,0.017094688,0.013845295,0.3,0.2,0.01,483.1242532855436,620.1463560334528
1997-11-30,1.014572261,70.94666226,0.023932658,0.011958905,1.0,0.01,0.12,318.016975308642,532.0216049382716
1997-12-31,0.993355693,79.1394816,0.031596647,0.009072672,0.0,0.0,0.01,173.01373954599762,424.1338112305854
1998-01-31,0.948580626,77.60863546,0.034761353,0.006799353,0.01,0.01,0.42,137.90322580645162,387.9181600955794
1998-02-28,0.807672297,71.11193411,0.035921573,0.005236393,0.0,0.0,0.03,143.14285714285714,342.01388888888886
1998-03-31,0.835440699,77.53952404,0.047202361,0.004232897,8.92,0.75,7.42,181.2903225806452,331.989247311828
1998-04-30,0.412646969,53.85628566,0.0457319,0.003596833,33.4,0.61,0.04,402.6,291.0108024691358
1998-05-31,-0.239266298,14.12523094,0.003416844,0.003379572,30.23,18.28,15.64,579.1935483870968,363.0152329749104
1998-06-30,-0.523769786,2.17937174,0.000357247,0.004272234,29.75,6.83,17.06,539.0,582.9475308641976
1998-07-31,-0.499505624,0.649783113,0.000108835,0.008546781,12.43,26.77,51.65,1039.741935483871,390.905017921147
1998-08-31,-0.556813381,1.700965232,0.000288992,0.014582176,24.15,12.49,26.05,1189.9354838709678,417.0400238948626
1998-09-30,-0.180080311,6.274860716,0.001047643,0.018733065,13.01,3.54,7.92,1188.0,481.86728395061726
1998-10-31,0.11425279,46.70747144,0.012591747,0.017985696,6.61,2.91,1.6,847.0,529.0471923536439
1998-11-30,0.674593814,58.5500143,0.023807748,0.014575867,0.0,0.0,0.0,458.0,498.070987654321
1998-12-31,0.774813884,56.72900467,0.026883609,0.010313405,0.01,0.01,0.4,225.3548387096774,501.0454002389486
1999-01-31,0.923691638,72.5416667,0.032411754,0.007409085,0.0,0.0,0.01,152.87096774193552,492.4193548387097
1999-02-28,0.651553601,71.05870106,0.035672246,0.005610177,0.0,0.0,0.51,184.3571428571429,536.9642857142857
1999-03-31,0.616521641,72.02827937,0.047864816,0.004533404,0.6,0.03,1.22,224.58064516129036,557.9032258064516
1999-04-30,0.227311984,56.8794215,0.051445281,0.003951618,0.23,0.23,0.04,284.2,556.7333333333333
1999-05-31,-0.443480137,28.29556994,0.01286174,0.005058791,17.23,11.63,19.44,360.8064516129032,532.0967741935484
1999-06-30,-0.393891152,14.50844969,0.004339202,0.012906298,38.44,13.41,20.52,1529.4333333333336,629.7666666666667
1999-07-31,-0.468020489,0.997618274,0.000164797,0.025191302,37.55,17.63,52.16,2288.3870967741937,574.7096774193549
1999-08-31,-0.097858867,2.875291513,0.000491221,0.018783819,52.43,6.369999999999999,31.880000000000003,1363.2580645161288,535.1612903225806
1999-09-30,-0.109786863,5.108737831,0.000839022,0.014658921,38.02,22.16,14.14,855.1333333333333,616.1666666666666
1999-10-31,0.103878487,56.14148597,0.014386956,0.014407686,18.33,3.23,7.25,1118.8064516129032,563.5483870967741
1999-11-30,0.739285259,55.70866948,0.020609897,0.013527065,2.7,0.7,0.4,552.8333333333334,571.0333333333333
1999-12-31,0.455642203,55.73210848,0.020865889,0.010146957,0.2,0.0,0.0,237.32258064516128,579.6129032258065
2000-01-31,0.878747121,58.54679877,0.022134135,0.00758705,0.01,0.02,0.11,170.32258064516128,620.5483870967743
2000-02-29,0.669384625,71.05050685,0.028375135,0.005839917,0.02,0.42,0.43,156.72413793103448,571.5862068965517
2000-03-31,0.550419032,84.24185096,0.042400973,0.004651668,0.62,0.02,1.12,191.83870967741933,515.0
2000-04-30,0.118141399,63.23324204,0.044414493,0.003838095,0.33,0.0,0.81,386.1333333333333,650.8
2000-05-31,-0.3583456,28.2504776,0.017326874,0.003394816,0.3399999999999999,7.949999999999999,5.159999999999999,439.8709677419355,622.2903225806451
2000-06-30,-0.574962653,3.482138196,0.000789287,0.004315534,8.44,8.96,32.29,981.0333333333332,532.7333333333333
2000-07-31,-0.170686768,1.023636007,0.000184415,0.007309147,7.2,28.73,8.46,765.8387096774194,587.0645161290323
2000-08-31,-0.411225012,0.995922918,0.000165772,0.008222169,10.6,17.12,48.65,742.9032258064516,576.0967741935484
2000-09-30,-0.24048195,10.1545265,0.001677411,0.010750989,25.61,6.95,30.16,827.5333333333332,443.5
2000-10-31,0.390109502,48.65027848,0.010137062,0.011841947,5.32,1.34,2.12,670.8064516129032,552.4193548387096
2000-11-30,0.710223774,68.67563558,0.018047758,0.010767179,4.71,0.6,0.8099999999999999,357.9,586.0666666666667
2000-12-31,0.751821055,93.80308135,0.034028293,0.008520494,0.2,0.01,0.05,170.3548387096774,490.03225806451616
2001-01-31,0.773942466,88.77696013,0.040267952,0.006565669,0.4,0.02,0.02,132.74193548387098,401.4516129032258
2001-02-28,0.674318324,85.35867716,0.045811339,0.005179797,1.71,0.01,0.22,141.64285714285714,454.3928571428572
2001-03-31,0.34967707,79.78177919,0.050301103,0.004216305,0.0,0.0,0.01,164.4193548387097,414.35483870967744
2001-04-30,0.252962522,61.52926602,0.043366862,0.003574853,3.63,10.55,8.059999999999999,304.96666666666664,404.8333333333333
2001-05-31,-0.429530777,45.24582712,0.027195724,0.003731642,7.72,5.16,15.69,463.9354838709677,537.4516129032259
2001-06-30,-0.590389222,15.13625024,0.008936685,0.005909029,16.65,17.73,22.67,816.0,543.7666666666667
2001-07-31,0.138630562,0.782167315,0.000157956,0.007951704,26.630000000000003,22.45,24.75,582.1612903225806,549.1290322580645
2001-08-31,-0.301726402,1.048915288,0.000176119,0.008830674,13.13,12.22,28.62,523.6451612903226,578.483870967742
2001-09-30,0.065332646,5.017650746,0.000829958,0.012695026,33.92,25.25,31.89,761.3666666666667,449.23333333333335
2001-10-31,0.265022196,37.24542389,0.006824478,0.016831068,3.4000000000000004,3.74,1.84,803.8064516129032,385.61290322580646
2001-11-30,0.561529205,67.54825746,0.01606918,0.013699097,0.01,0.03,0.11,367.36666666666673,620.5333333333333
2001-12-31,0.878552915,73.87243486,0.022415081,0.010035711,0.4,0.01,0.52,182.2258064516129,583.0
2002-01-31,0.651483312,76.20529317,0.025982321,0.007223756,0.22,0.52,1.23,121.35483870967742,357.9677419354839
2002-02-28,1.040019035,72.95737732,0.029500835,0.005502145,0.0,0.01,0.02,135.60714285714286,323.07142857142856
2002-03-31,0.528463486,63.92840808,0.029258998,0.004402911,0.3399999999999999,1.72,0.43,168.29032258064518,424.5161290322581
2002-04-30,0.375066071,37.81132296,0.022443585,0.003736309,23.82,8.83,7.91,234.4,465.5
2002-05-31,-0.481663688,37.1394403,0.011852898,0.003650012,17.53,3.39,16.96,300.1290322580645,489.741935483871
2002-06-30,-0.395056225,6.545616869,0.00171399,0.005694813,23.15,11.96,29.59,794.0666666666667,366.3333333333333
2002-07-31,-0.319582693,0.140039199,2.22054e-05,0.01118825,10.72,12.24,17.68,781.3548387096774,468.5806451612903
2002-08-31,-0.536552238,0.626354264,0.000102723,0.010324511,14.31,14.929999999999998,15.19,447.2903225806452,521.3548387096774
2002-09-30,0.098414834,21.01275121,0.003797537,0.008410321,17.46,3.5699999999999994,17.54,381.63333333333327,496.1666666666667
2002-10-31,-0.177600402,25.82336423,0.004235876,0.008183537,0.12,1.33,0.31,328.7741935483871,720.0967741935483
2002-11-30,0.550182587,49.99674842,0.008482132,0.007280847,0.5,0.2,2.7,197.23333333333332,608.1333333333333
2002-12-31,0.915361428,40.90321782,0.007192575,0.005937322,0.01,0.21,0.0,123.94193548387096,461.6774193548387
2003-01-31,0.346051436,42.98435996,0.007759082,0.004666517,0.0,0.0,0.0,87.1,318.4258064516129
2003-02-28,1.155918839,49.81444288,0.009751528,0.003698714,0.0,0.0,0.0,97.92142857142858,184.1107142857143
2003-03-31,0.585100855,55.16483484,0.012870059,0.003078117,1.11,0.82,2.51,146.0,214.9032258064516
2003-04-30,0.245157054,27.76706666,0.008873558,0.00268272,5.92,3.03,0.16,218.56666666666663,362.6333333333334
2003-05-31,-0.086928769,31.56599563,0.007017466,0.00280001,28.84,18.28,19.27,367.0322580645161,358.03225806451616
2003-06-30,-0.589505447,9.09999196,0.001698025,0.004117911,14.81,18.25,19.37,509.03333333333336,392.8
2003-07-31,-0.201202903,0.816851001,0.000136174,0.008234824,36.81,11.06,23.06,795.258064516129,433.5161290322581
2003-08-31,-0.258256599,0.886165515,0.000150201,0.014323252,13.82,33.510000000000005,25.49,1184.5806451612902,288.51612903225805
2003-09-30,0.036997353,6.620990874,0.001083563,0.017217317,24.81,6.93,12.14,1471.6666666666667,360.9333333333333
2003-10-31,-0.09451924,36.61259068,0.006321243,0.01676458,8.709999999999999,2.46,3.8,995.258064516129,371.8387096774193
2003-11-30,0.806913508,40.8679045,0.007419205,0.014425457,0.61,0.2,0.01,426.3666666666667,456.73333333333335
2003-12-31,0.745569656,51.63826225,0.009828995,0.010136521,0.4,0.02,0.43,200.3870967741936,381.06451612903226
2004-01-31,0.846386865,68.68585807,0.014740018,0.00714248,0.7999999999999999,0.02,0.19,145.74193548387098,404.7096774193548
2004-02-29,0.383346487,65.82240372,0.016729606,0.005183496,0.51,0.12,0.81,129.86206896551724,466.9655172413793
2004-03-31,0.104548911,44.68236291,0.012745573,0.004006319,1.1,1.21,0.52,190.03225806451613,484.8709677419355
2004-04-30,0.001594295,33.22667923,0.010744387,0.003418319,34.33,11.43,3.1300000000000003,218.76666666666668,437.0
2004-05-31,-0.509656093,29.20355796,0.008453934,0.003303992,24.92,14.94,16.66,296.61290322580646,451.741935483871
2004-06-30,-0.505707293,9.230732337,0.002890884,0.005559296,31.12,15.56,35.44,648.4,546.8
2004-07-31,-0.296685989,1.44216574,0.000244097,0.010654898,22.95,19.84,58.04,688.2258064516129,455.8064516129032
2004-08-31,-0.111161383,2.28842238,0.000389076,0.012581059,37.52,24.67,22.26,876.4516129032259,429.741935483871
2004-09-30,-0.419341451,11.89830009,0.001969108,0.018297192,23.74,12.44,11.48,1060.5333333333333,397.6333333333333
2004-10-31,0.219929477,49.26535878,0.009575026,0.019325214,7.13,2.8400000000000003,15.0,825.6129032258065,476.7096774193548
2004-11-30,0.296688099,45.16108241,0.009724333,0.014268776,0.0,0.0,0.0,444.9666666666666,468.3666666666667
2004-12-31,0.636066158,47.16190209,0.010556852,0.009792221,0.61,0.11,0.3,210.4193548387097,469.9032258064516
2005-01-31,0.94770029,68.30562931,0.016752644,0.006898476,0.2,0.02,0.52,154.51612903225808,487.7741935483871
2005-02-28,1.013698173,69.89855007,0.022542263,0.005141309,0.32,0.42,0.42,146.10714285714286,360.2857142857143
2005-03-31,0.33065565,68.56339342,0.028300346,0.004046655,6.209999999999999,0.91,0.63,195.70967741935485,446.483870967742
2005-04-30,0.092463224,64.74060595,0.035444618,0.003428162,3.5,1.73,9.83,340.16666666666663,486.3333333333333
2005-05-31,-0.108220373,28.01376738,0.013030936,0.003663182,44.61,5.94,11.26,626.516129032258,510.5161290322581
2005-06-30,-0.530958182,7.763897497,0.001550797,0.007153273,18.4,15.06,35.85,786.5666666666667,492.06666666666666
2005-07-31,-0.281475499,0.684958735,0.000113991,0.023285217,28.04,18.72,47.45,1950.3225806451608,505.5806451612903
2005-08-31,-0.281815625,1.22913384,0.000207351,0.024518827,67.10000000000001,16.61,29.75,1528.7096774193549,490.5161290322581
2005-09-30,-0.11516425,7.860419644,0.001306047,0.019338541,43.41,9.63,23.64,1328.0,517.4
2005-10-31,0.004357543,53.81859027,0.011038024,0.024561273,15.01,5.22,1.65,1691.7096774193549,699.9032258064516
2005-11-30,0.666231444,75.53673406,0.022353604,0.016394629,1.7,0.51,2.4000000000000004,618.8,542.0
2005-12-31,0.807230378,77.22327477,0.030266387,0.011126287,0.0,0.0,0.01,266.2258064516129,509.1290322580645
2006-01-31,1.197292238,67.71726822,0.02775586,0.007958082,0.01,0.02,0.32,220.8709677419355,413.96774193548384
2006-02-28,0.528595897,72.9923523,0.033869729,0.006078896,0.8200000000000001,0.11,1.02,214.78571428571428,425.3928571428572
2006-03-31,0.451722862,63.6597231,0.041745629,0.004866904,0.31,0.0,0.0,227.83870967741936,656.483870967742
2006-04-30,0.184182778,58.69808128,0.047771251,0.004079395,4.2,11.11,15.72,290.0,881.7666666666667
2006-05-31,-0.349535302,34.27443538,0.022833416,0.003975945,31.8,3.55,7.970000000000001,365.03225806451616,901.1612903225806
2006-06-30,-0.427273058,10.28528082,0.003417958,0.005450848,17.8,17.740000000000002,26.76,622.3000000000001,738.6333333333333
2006-07-31,-0.120079052,0.216970682,3.60191e-05,0.010447115,18.93,26.05,46.57,823.4516129032259,832.7096774193549
2006-08-31,0.015514858,1.527455242,0.000256102,0.011328704,40.73,21.25,21.44,582.6451612903226,588.2258064516129
2006-09-30,-0.323817759,6.424026473,0.001044852,0.01367148,57.32,17.35,21.75,773.8,454.03333333333336
2006-10-31,0.202169105,31.08306729,0.005098292,0.014060385,4.41,1.12,0.16,699.5483870967741,482.0967741935484
2006-11-30,0.245114019,31.49323447,0.004969613,0.011865269,0.01,0.01,0.01,354.9333333333333,487.6333333333333
2006-12-31,0.765716296,77.54510614,0.015397879,0.008875225,0.11,0.22,2.02,185.5483870967742,470.8709677419355
2007-01-31,0.476533314,83.9658289,0.023620975,0.006554586,0.01,0.13,0.41,137.93548387096774,480.0
2007-02-28,0.926015337,78.89519468,0.027375708,0.004955588,0.01,0.01,0.21,133.25,496.5
2007-03-31,0.596665059,72.59260701,0.029417572,0.003915083,0.8300000000000001,1.11,4.14,216.48387096774192,518.9354838709677
2007-04-30,-0.950736719,32.29985943,0.011949205,0.003379247,1.71,2.91,0.63,292.8,635.2666666666667
2007-05-31,-0.494535054,16.11353344,0.003349817,0.003455578,48.52,11.2,5.93,297.03225806451616,687.1612903225807
2007-06-30,-0.524651663,17.62153018,0.003479429,0.007394596,69.21000000000001,14.54,24.39,1248.3666666666666,798.0999999999999
2007-07-31,-0.673275844,1.001940613,0.000181541,0.017426948,37.43,20.450000000000003,18.15,1397.9354838709678,624.9677419354838
2007-08-31,-0.032616065,0.867430861,0.000158911,0.015100789,38.53,18.630000000000003,27.24,889.9677419354839,771.8387096774194
2007-09-30,-0.080776007,3.487432678,0.000572783,0.015445586,13.94,6.34,12.16,1062.2,742.0333333333333
2007-10-31,0.21444656,48.76615983,0.013458217,0.013906244,28.04,1.73,7.640000000000001,814.258064516129,436.4516129032258
2007-11-30,0.601375829,58.92753707,0.020240569,0.012046658,0.0,0.0,0.0,455.7,447.4666666666666
2007-12-31,0.816223568,62.02623382,0.024236289,0.009235275,0.01,0.01,0.04,223.6451612903226,471.7741935483871
2008-01-31,1.009261532,70.78249154,0.028737204,0.006982742,1.52,1.34,3.15,176.6451612903226,483.7096774193548
2008-02-29,0.420233515,92.95369111,0.048545533,0.005446469,0.6,0.01,0.17,142.51724137931035,502.0
2008-03-31,0.360068145,73.23383401,0.050536095,0.004390761,2.31,1.0,3.2,227.8709677419355,449.3225806451613
2008-04-30,0.243644342,54.15119611,0.042439674,0.003737473,13.42,4.51,0.8400000000000001,363.5,672.7
2008-05-31,-0.519065267,23.45030446,0.012906528,0.003550297,17.62,0.98,2.06,357.38709677419354,781.9032258064515
2008-06-30,-0.769305663,9.400368903,0.001613601,0.004080453,37.43,23.46,22.36,447.4333333333333,922.0666666666668
2008-07-31,-0.280968343,2.448812739,0.000417367,0.008208065,37.22,32.42,31.17,860.0967741935484,753.4838709677418
2008-08-31,-0.481292246,3.108995887,0.000526018,0.013459329,49.3,9.12,24.54,1080.0967741935483,768.0000000000001
2008-09-30,0.086737685,8.286619356,0.001339043,0.013003877,50.81,22.05,16.68,958.2666666666668,591.5
2008-10-31,0.131005717,43.80618602,0.008207741,0.016593357,7.4,2.2,3.16,1140.5806451612902,430.483870967742
2008-11-30,0.389120405,73.97467171,0.020981647,0.013272084,0.31,0.01,1.8,575.5666666666667,477.9333333333333
2008-12-31,0.591592298,61.8521607,0.021581514,0.009760043,0.0,0.0,0.0,273.7741935483871,407.3225806451613
2009-01-31,0.296530683,58.07725066,0.022263773,0.007248923,0.0,0.21,0.22,192.03225806451616,541.258064516129
2009-02-28,0.797943027,48.87796468,0.020500596,0.005630946,0.01,0.01,0.21,218.67857142857144,585.5714285714286
2009-03-31,0.409754465,68.07353527,0.030676462,0.004602885,0.92,0.8400000000000001,0.94,270.83870967741933,534.6012903225807
2009-04-30,0.002090989,52.28246803,0.037077719,0.003937556,9.73,4.83,2.38,437.8,898.5
2009-05-31,-0.267484626,38.66353457,0.016563333,0.004995349,31.73,4.55,12.56,700.8387096774193,890.741935483871
2009-06-30,-0.334783219,12.31692348,0.004282419,0.010189454,17.22,6.23,6.42,1071.2,830.1
2009-07-31,-0.233546985,0.365393265,5.97288e-05,0.022375104,30.23,20.11,26.47,1684.774193548387,594.0645161290323
2009-08-31,-0.320328287,0.947025738,0.000157053,0.023351491,55.83,25.31,30.16,1553.225806451613,621.0322580645162
2009-09-30,0.077032894,5.998736476,0.000979593,0.02226696,44.12,25.23,35.11,1559.3333333333333,563.0666666666667
2009-10-31,-0.049382963,57.71871208,0.019366585,0.019578369,2.43,1.24,6.74,1238.1935483870968,602.3225806451613
2009-11-30,0.637370978,67.62093303,0.030901155,0.015185931,0.0,5.109999999999999,2.1,685.2333333333332,640.8999999999999
2009-12-31,0.792440855,69.87485034,0.040750395,0.010681026,0.0,0.0,0.0,367.2903225806451,561.516129032258
2010-01-31,0.974302205,61.23574315,0.039472838,0.007789681,0.0,0.0,0.0,237.38709677419357,531.5806451612904
2010-02-28,0.933681184,62.37382156,0.04219902,0.006038502,0.2,0.0,0.11,243.75,459.5
2010-03-31,0.157111582,57.54366921,0.044794447,0.00490537,0.52,0.21,0.11,286.51612903225805,527.3870967741935
2010-04-30,-0.41844793,52.79046753,0.044802218,0.004224482,5.5,5.109999999999999,2.11,317.03333333333336,878.9
2010-05-31,-0.035713709,28.46626139,0.017245543,0.004486012,21.62,28.81,34.45,373.2903225806452,943.741935483871
2010-06-30,-0.335019254,11.00903615,0.002526697,0.00823438,27.93,10.15,43.42,1009.7666666666668,931.5666666666668
2010-07-31,-0.229574866,0.557666302,9.47352e-05,0.020191952,31.13,12.010000000000002,16.759999999999998,2117.0967741935483,998.4193548387096
2010-08-31,-0.392500142,1.2069493,0.000213004,0.014572005,16.62,19.84,26.24,944.6774193548388,1140.0
2010-09-30,0.202314352,8.801879868,0.001428996,0.012001166,37.22,11.84,12.56,688.6333333333333,803.5666666666667
2010-10-31,0.234931141,44.42463458,0.007920174,0.010745819,2.52,7.720000000000001,3.34,616.7741935483871,636.2903225806451
2010-11-30,0.398601303,52.16559879,0.011297221,0.009387428,0.0,0.0,0.0,422.1666666666667,588.9
2010-12-31,0.695393107,40.95968899,0.008969856,0.007513794,0.0,0.03,0.1,203.4516129032258,605.3225806451613
2011-01-31,0.721683492,68.27422781,0.014446089,0.005779298,0.0,0.0,0.02,178.5483870967742,583.4516129032259
2011-02-28,1.244821992,55.93544612,0.013771754,0.004465289,0.0,0.0,0.3,157.5,333.03571428571433
2011-03-31,0.312114585,53.97777411,0.013643071,0.003600389,0.1,0.8999999999999999,0.22,215.70967741935485,617.0967741935484
2011-04-30,0.321167622,43.94683882,0.013433077,0.003075601,16.21,0.03,2.93,383.8,822.8999999999999
2011-05-31,-0.142056608,25.28058747,0.005820493,0.002859427,16.43,1.07,24.62,459.6774193548387,850.7096774193549
2011-06-30,-0.269584698,8.384341591,0.001711557,0.003571423,47.53,12.76,23.38,1166.8666666666666,645.6999999999999
2011-07-31,-0.512732056,2.259524518,0.00038385,0.00870874,21.3,11.04,25.66,1570.8064516129032,619.3225806451613
2011-08-31,-0.131864448,1.268419552,0.000210956,0.010690062,57.61,6.23,25.16,896.741935483871,632.6129032258065
2011-09-30,-0.317883856,13.02889968,0.002126242,0.012745357,42.93,21.92,14.34,985.1333333333332,599.0666666666667
2011-10-31,0.465060931,41.76987434,0.007536425,0.014864062,2.22,4.51,0.05,1057.6129032258063,550.4193548387096
2011-11-30,0.825697328,71.90574304,0.015901523,0.011892531,13.8,0.1,0.1,603.8666666666667,543.2
2011-12-31,0.628810374,70.42554411,0.020148689,0.008790897,0.0,0.01,0.13,326.0,589.4193548387096
2012-01-31,1.050602948,82.94513711,0.02926207,0.006460185,0.43,0.94,1.46,237.96774193548387,534.0
2012-02-29,0.982533793,85.74944665,0.035936812,0.004899673,0.23,0.11,3.26,237.79310344827587,506.5517241379311
2012-03-31,0.644906221,84.04507075,0.051133001,0.003895154,5.82,1.22,1.4400000000000002,300.77419354838713,469.03225806451616
2012-04-30,0.377841908,69.38456316,0.045459971,0.003267613,36.8,2.5,3.33,521.7,606.9
2012-05-31,0.023880163,22.77809773,0.011725875,0.003178936,24.53,23.05,30.86,822.7096774193549,840.8064516129032
2012-06-30,-0.498527185,5.690265901,0.001054827,0.004652123,2.53,13.54,18.31,1072.0,831.6666666666666
2012-07-31,-0.424319772,0.391852708,6.35527e-05,0.013683056,53.6,25.72,30.77,2577.741935483871,1009.6129032258063
2012-08-31,-0.048414086,0.996330919,0.000167489,0.020689644,30.32,15.94,23.81,2275.483870967742,1457.7096774193549
2012-09-30,-0.335947578,8.016950806,0.001275992,0.015348854,36.2,9.1,4.55,1065.3333333333333,916.2666666666668
2012-10-31,0.300190269,42.12856638,0.007731285,0.014262158,14.1,8.2,1.12,893.7741935483871,808.741935483871
2012-11-30,0.687096192,47.71844045,0.008820426,0.011895484,0.01,0.02,0.02,472.9666666666666,704.9666666666666
2012-12-31,0.861422055,54.69646731,0.010736239,0.008628905,0.0,0.0,0.1,243.51612903225808,572.7741935483871
2013-01-31,0.884106813,67.83531097,0.015550332,0.006195586,0.0,0.0,0.0,243.8709677419355,642.4516129032259
2013-02-28,1.358333906,63.73066336,0.01604516,0.00461319,0.3,0.0,0.71,264.6071428571428,519.1071428571429
2013-03-31,0.190925334,27.73236384,0.008457055,0.003685215,0.0,0.0,0.0,326.4193548387097,614.5483870967741
2013-04-30,0.005904089,20.10608614,0.004722347,0.00312388,4.5,2.71,8.2,312.2666666666667,755.1333333333333
2013-05-31,-0.148509099,30.32052109,0.005772197,0.003022873,20.41,17.12,17.14,663.7741935483871,827.5483870967741
2013-06-30,-0.118253782,5.628146815,0.001147577,0.004522393,44.71,11.81,24.24,886.6,782.6
2013-07-31,-0.276699221,0.832611186,0.000143214,0.013670395,23.0,25.42,41.37,1586.741935483871,707.4516129032259
2013-08-31,0.197711718,0.227613024,3.71527e-05,0.014370893,32.02,3.3,10.35,1193.516129032258,781.741935483871
2013-09-30,-0.212320351,14.67652017,0.002493497,0.010448109,26.71,20.2,19.45,732.3666666666667,656.4333333333333
2013-10-31,0.184349581,39.29139321,0.008054965,0.010155733,12.9,0.21,1.83,614.6451612903226,575.483870967742
2013-11-30,0.777086233,79.0920086,0.022213389,0.008658296,0.61,2.3,0.02,357.9666666666666,662.7333333333333
2013-12-31,0.564506335,76.45055565,0.024129079,0.006875106,0.01,0.21,0.73,183.7096774193548,561.9354838709677
2014-01-31,0.896123742,79.81024422,0.031457293,0.005343217,0.0,0.0,0.0,153.5161290322581,555.483870967742
2014-02-28,0.994685439,78.63047534,0.036770148,0.004197415,0.61,0.11,1.03,154.5357142857143,457.6071428571428
2014-03-31,0.725331016,74.53484132,0.050245078,0.003380611,1.31,0.02,0.02,217.6451612903226,526.2258064516129
2014-04-30,0.624884423,52.97431519,0.036391753,0.00288342,27.9,4.140000000000001,3.32,339.8333333333333,453.6666666666667
2014-05-31,-0.241081203,20.15590591,0.007005843,0.002871101,11.03,7.52,5.669999999999999,431.741935483871,600.0322580645161
2014-06-30,-0.372499024,7.077130877,0.001237974,0.005742587,30.22,18.85,35.47,954.8,650.8333333333334
2014-07-31,-0.125929813,0.571099447,9.7684e-05,0.011802296,18.34,10.65,39.23,955.3548387096774,686.1612903225806
2014-08-31,-0.335511509,1.246857951,0.000211663,0.016489725,14.11,18.63,40.43,1046.387096774194,729.0967741935484
2014-09-30,-0.066523031,12.0018078,0.001937884,0.018917715,41.71,16.12,12.32,1471.4,722.7666666666667
2014-10-31,0.409551705,36.33995604,0.006044108,0.018720185,27.71,6.73,3.71,1016.709677419355,566.9032258064516
2014-11-30,0.534458755,42.3903668,0.007226791,0.013306685,1.5,0.1,0.6,446.7666666666667,613.7333333333333
2014-12-31,0.449434634,55.33428292,0.011783854,0.009594464,0.0,0.01,0.0,267.1935483870968,520.258064516129
2015-01-31,1.045843465,71.76138452,0.020731455,0.006885736,0.02,0.7999999999999999,0.11,224.5806451612903,462.8709677419355
2015-02-28,0.888069186,60.21916626,0.019638958,0.005066976,0.01,0.01,0.01,210.25,450.7142857142857
2015-03-31,0.682058598,60.20519522,0.02117527,0.004018503,0.0,0.0,0.01,253.9032258064516,565.0
2015-04-30,0.144773256,45.01352075,0.01629747,0.003437233,8.32,3.63,14.03,286.2,544.1666666666666
2015-05-31,-0.070715447,21.53378652,0.009388977,0.003164888,2.3200000000000003,9.15,6.35,336.483870967742,574.2258064516129
2015-06-30,-0.331811375,7.225781787,0.001643416,0.004166894,17.3,8.81,38.07,764.8333333333334,551.3
2015-07-31,-0.699417018,1.505170576,0.000251086,0.010499296,27.6,8.82,14.53,1273.41935483871,748.1612903225806
2015-08-31,-0.466070742,2.332983875,0.00039719,0.007769668,51.7,11.51,24.25,479.1290322580645,659.8064516129032
2015-09-30,-0.034168581,10.93783721,0.001894797,0.009517572,10.81,9.02,10.67,663.3666666666667,574.3333333333334
2015-10-31,0.117723158,14.9275554,0.002278638,0.01348935,8.7,2.5,5.21,700.3225806451613,530.6129032258065
2015-11-30,0.518452997,25.72747,0.003905114,0.010615281,1.8,1.1,0.01,350.0,551.6333333333333
2015-12-31,0.416091154,50.49381988,0.008042912,0.008107609,0.3,0.0,0.02,205.7096774193548,447.61290322580646
2016-01-31,0.616536228,66.36505365,0.012854835,0.005951689,0.2,1.91,1.1,137.9032258064516,466.741935483871
2016-02-29,0.276840822,64.65096759,0.015178319,0.004302152,0.0,0.0,0.01,140.1379310344828,437.86206896551727
2016-03-31,0.512926058,59.51384585,0.015311168,0.003348658,11.42,2.4,10.4,197.8387096774194,522.4516129032259
2016-04-30,0.135438423,44.90762453,0.013186219,0.002869676,35.12,1.01,6.14,308.6,461.23333333333335
2016-05-31,-0.079969318,21.60493612,0.004686801,0.002764874,21.3,18.53,32.83,477.4193548387097,531.1935483870968
2016-06-30,-0.855730651,3.455396375,0.000671895,0.003412187,45.51,10.31,23.05,620.5666666666667,482.3333333333333
2016-07-31,-0.232485483,0.259104766,4.32695e-05,0.005600407,24.31,34.01,69.11,707.516129032258,639.0645161290323
2016-08-31,0.381281865,0.037085099,5.66819e-06,0.006541775,37.6,7.319999999999999,14.82,548.3225806451613,447.4193548387097
2016-09-30,-0.433915741,10.18831534,0.001702073,0.009135478,34.2,6.12,35.73,641.4,300.43333333333334
2016-10-31,0.457352445,48.10953615,0.011883658,0.010777546,24.8,13.42,10.22,768.6774193548387,336.38709677419354
2016-11-30,0.712064065,61.56102305,0.021449455,0.010485237,0.0,0.0,0.01,395.1,349.3333333333333
2016-12-31,0.707032974,51.4537322,0.021454401,0.008376939,0.2,0.2,0.01,223.1612903225806,274.96774193548384
2017-01-31,1.01168936,59.55589323,0.025800569,0.006531182,0.0,0.0,0.01,150.7096774193548,308.93548387096774
2017-02-28,0.539205395,58.52518582,0.028737806,0.005225555,0.01,0.42,0.93,163.1071428571429,380.6071428571428
2017-03-31,0.616435684,76.39829086,0.041414468,0.004343318,3.2,0.12,4.62,198.1612903225806,425.258064516129
2017-04-30,0.105564027,53.38359718,0.033387898,0.003722261,4.4,0.93,2.91,306.8333333333333,447.1
2017-05-31,-0.135619243,29.00190163,0.018734372,0.003464902,53.6,14.62,19.95,397.2258064516129,497.8709677419355
2017-06-30,-0.505260142,13.40087036,0.005053453,0.004639918,15.81,4.8,36.84,932.8,501.1
2017-07-31,-0.059464215,0.330850884,5.34535e-05,0.006879442,22.1,14.1,53.91,604.516129032258,588.258064516129
2017-08-31,-0.024668177,0.331180414,5.64726e-05,0.007692063,54.41,13.61,25.92,583.3225806451613,487.7741935483871
2017-09-30,-0.159085151,8.864573053,0.00150544,0.01658902,9.5,12.7,25.83,1195.666666666667,408.23333333333335
2017-10-31,0.19169144,52.48140633,0.013413954,0.020232525,34.910000000000004,16.32,5.52,1538.709677419355,395.3870967741936
2017-11-30,0.810176958,66.05162199,0.025691124,0.015244397,0.6,0.0,0.0,680.3333333333334,438.1333333333333
2017-12-31,0.889489739,62.23283217,0.028529392,0.010642832,0.01,2.3,1.5,313.0967741935484,465.6774193548387
2018-01-31,0.867775021,63.40620841,0.030785256,0.007752506,0.0127238305285573,0.4,0.6197276473045348,188.0,438.9354838709677
2018-02-28,0.479555979,66.12845374,0.036018852,0.006034777,0.0506172068417072,0.0,0.5,177.1071428571429,405.3571428571428
2018-03-31,0.455606431,60.63652003,0.041312441,0.004885446,10.18619002699852,0.2,3.081364244222641,221.5483870967742,447.7096774193548
2018-04-30,0.28509157,53.76435817,0.037495347,0.004118289,4.354425019025802,5.207646053284407,12.238303673267364,413.3333333333333,645.2666666666667
2018-05-31,0.131801749,23.32249724,0.01156939,0.004230877,21.97532189525664,10.23737802878022,18.58374258577824,831.0967741935484,843.2903225806451
2018-06-30,-0.271799345,9.073160806,0.001531602,0.005749916,10.8,11.638097519986331,25.964472463726995,1062.833333333333,974.5666666666668
2018-07-31,-0.021156761,0.174441527,2.844e-05,0.011624882,39.1,27.428271280229094,31.04382777810097,2295.483870967742,1152.483870967742
2018-08-31,-0.053551701,0.377491704,6.58017e-05,0.012774924,96.0,43.58742235898971,65.39279094934463,1298.387096774194,1005.9354838709676
2018-09-30,-0.344089436,7.42632048,0.001226091,0.018672633,30.3,14.855632063746452,32.13480637073517,2098.333333333333,1700.6333333333334
2018-10-31,0.273149916,50.18004051,0.009613445,0.018177735,17.31948184967041,7.5,16.6,1399.193548387097,1071.6129032258063
2018-11-30,0.92569892,84.71530562,0.023514573,0.013332762,6.906409132480622,2.183079951815307,5.822108846902847,692.7666666666667,566.3666666666667
2018-12-31,1.068571647,82.31875173,0.029542385,0.009625598,1.3,1.351341149955988,0.4538323521614074,345.8064516129032,548.8709677419355
