date,flow,R-BiLSTM
1961-01-31,173.01373954599762,182.03116
1961-02-28,167.989417989418,178.98114
1961-03-31,241.0020908004779,232.07797
1961-04-30,476.8518518518519,429.6844
1961-05-31,673.9097968936678,608.9731
1961-06-30,834.104938271605,771.04364
1961-07-31,1699.895459976105,1624.6748
1961-08-31,1099.910394265233,1130.9625
1961-09-30,1079.861111111111,1036.0896
1961-10-31,1310.110513739546,1268.0737
1961-11-30,755.0154320987655,707.6994
1961-12-31,286.9997013142174,284.56705
1962-01-31,196.01254480286727,197.20311
1962-02-28,192.00562169312167,195.05223
1962-03-31,205.01045400238948,215.26317
1962-04-30,398.1481481481481,377.25336
1962-05-31,576.836917562724,556.629
1962-06-30,1140.0462962962963,1022.11017
1962-07-31,1490.068697729988,1384.4377
1962-08-31,1239.9193548387098,1110.3572
1962-09-30,694.8302469135804,666.6544
1962-10-31,732.1535244922342,653.4006
1962-11-30,456.0185185185185,432.63654
1962-12-31,214.00836320191164,221.13652
1963-01-31,141.98775388291517,159.07526
1963-02-28,137.97949735449737,156.31673
1963-03-31,212.320788530466,195.16583
1963-04-30,283.9891975308642,277.27954
1963-05-31,467.8166069295101,436.6708
1963-06-30,675.1543209876543,647.8748
1963-07-31,1519.937275985663,1485.6672
1963-08-31,1199.9701314217443,1178.4265
1963-09-30,2219.9074074074074,2137.7683
1963-10-31,1630.077658303465,1537.4354
1963-11-30,574.8456790123457,589.9228
1963-12-31,266.9877538829152,268.4562
1964-01-31,202.99432497013143,204.18242
1964-02-29,191.01213282247764,197.25038
1964-03-31,251.00806451612905,244.00209
1964-04-30,405.0925925925926,384.06006
1964-05-31,585.0507765830347,547.226
1964-06-30,623.8425925925927,586.24884
1964-07-31,1810.0358422939066,1770.5192
1964-08-31,1410.1702508960575,1318.2462
1964-09-30,1410.1080246913575,1349.3329
1964-10-31,1249.9999999999998,1180.6179
1964-11-30,584.8765432098766,564.4874
1964-12-31,275.01493428912784,266.8435
1965-01-31,197.99133811230587,196.78035
1965-02-28,207.010582010582,200.83846
1965-03-31,227.00119474313024,223.64014
1965-04-30,349.99999999999994,336.72137
1965-05-31,586.9175627240144,548.7391
1965-06-30,866.1265432098766,803.28
1965-07-31,1500.1493428912784,1430.1848
1965-08-31,794.1308243727599,776.70764
1965-09-30,996.141975308642,925.1937
1965-10-31,823.9994026284348,792.0168
1965-11-30,417.0524691358025,396.79694
1965-12-31,213.0002986857825,199.26227
1966-01-31,173.98446833930706,183.29869
1966-02-28,166.9973544973545,181.18544
1966-03-31,227.00119474313024,230.06126
1966-04-30,310.9953703703704,303.4951
1966-05-31,368.0182198327359,359.9962
1966-06-30,447.91666666666674,438.28525
1966-07-31,1049.8805256869773,1030.5206
1966-08-31,1749.9253285543605,1683.7991
1966-09-30,2010.030864197531,1975.2236
1966-10-31,1440.0388291517324,1358.7874
1966-11-30,601.8518518518518,603.1511
1966-12-31,285.9916367980884,286.04184
1967-01-31,206.0185185185185,211.79413
1967-02-28,192.9976851851852,199.77765
1967-03-31,249.7759856630824,249.98587
1967-04-30,347.9938271604938,349.73993
1967-05-31,1109.9910394265232,1034.2272
1967-06-30,1170.138888888889,1129.4739
1967-07-31,1969.8327359617683,1963.2748
1967-08-31,1649.8655913978494,1577.1592
1967-09-30,2359.953703703704,2334.8323
1967-10-31,1540.0985663082438,1537.5662
1967-11-30,812.1141975308642,746.52997
1967-12-31,353.00925925925924,332.17957
1968-01-31,255.0029868578256,244.08679
1968-02-29,229.00702426564496,225.86244
1968-03-31,307.0116487455198,290.8617
1968-04-30,500.0,471.14746
1968-05-31,1189.889486260454,1120.0101
1968-06-30,1160.108024691358,1119.5503
1968-07-31,1419.8775388291515,1292.4098
1968-08-31,974.8357228195937,931.8491
1968-09-30,2040.123456790124,1989.9355
1968-10-31,1220.131421744325,1177.7194
1968-11-30,562.8858024691358,525.81824
1968-12-31,315.00149342891274,280.39566
1969-01-31,234.9910394265233,219.82533
1969-02-28,209.98677248677245,205.86407
1969-03-31,252.9868578255675,248.19542
1969-04-30,331.01851851851853,319.73767
1969-05-31,510.0059737156511,464.10437
1969-06-30,650.0771604938273,623.7051
1969-07-31,1130.152329749104,1060.7952
1969-08-31,793.0107526881719,769.8908
1969-09-30,709.104938271605,705.28015
1969-10-31,841.173835125448,764.6458
1969-11-30,381.0185185185185,393.86618
1969-12-31,190.0014934289128,197.95187
1970-01-31,147.9988052568698,159.07632
1970-02-28,145.99867724867724,158.96776
1970-03-31,188.9934289127837,198.42432
1970-04-30,367.0138888888889,345.21362
1970-05-31,558.1690561529272,524.42114
1970-06-30,672.067901234568,654.7327
1970-07-31,726.926523297491,723.0583
1970-08-31,1180.1821983273596,1079.6471
1970-09-30,569.0586419753087,592.46564
1970-10-31,614.1726403823178,559.34406
1970-11-30,348.9969135802469,354.90927
1970-12-31,177.00866188769413,196.82547
1971-01-31,139.00089605734766,156.36256
1971-02-28,135.0033068783069,99.92334
1971-03-31,201.0155316606929,192.84764
1971-04-30,335.9953703703704,329.7753
1971-05-31,486.857825567503,444.45233
1971-06-30,638.8888888888888,611.3037
1971-07-31,719.8327359617682,669.77075
1971-08-31,638.0675029868578,631.86993
1971-09-30,1329.861111111111,1277.1427
1971-10-31,1799.9551971326164,1687.8182
1971-11-30,721.0648148148149,693.25964
1971-12-31,308.9904420549582,280.70697
1972-01-31,214.00836320191164,213.72246
1972-02-29,214.0006385696041,202.29248
1972-03-31,284.98357228195937,266.8593
1972-04-30,440.97222222222223,402.10538
1972-05-31,723.9396654719235,673.2128
1972-06-30,1069.83024691358,998.8814
1972-07-31,1910.0955794504182,1868.3696
1972-08-31,1059.9611708482676,1013.6283
1972-09-30,775.8487654320987,747.80145
1972-10-31,658.9755077658302,625.78296
1972-11-30,364.0046296296296,361.70157
1972-12-31,213.0002986857825,216.6973
1973-01-31,174.99253285543608,182.79591
1973-02-28,176.00859788359787,183.03995
1973-03-31,227.00119474313024,223.85304
1973-04-30,293.98148148148147,281.95587
1973-05-31,564.1427718040621,514.7548
1973-06-30,1050.1543209876545,1005.6151
1973-07-31,919.9522102747908,897.48486
1973-08-31,897.1774193548387,872.9997
1973-09-30,1020.0617283950619,944.4518
1973-10-31,1040.1732377538829,994.0027
1973-11-30,535.8796296296297,507.1887
1973-12-31,246.00507765830343,245.58842
1974-01-31,168.01075268817203,168.8434
1974-02-28,175.01653439153438,171.8335
1974-03-31,219.98207885304657,215.4281
1974-04-30,305.0154320987654,296.08472
1974-05-31,486.857825567503,472.17514
1974-06-30,910.8796296296296,856.2035
1974-07-31,896.0573476702509,871.0795
1974-08-31,999.8506571087216,985.8376
1974-09-30,1359.9537037037037,1325.1152
1974-10-31,956.1678614097968,957.85736
1974-11-30,589.891975308642,558.9185
1974-12-31,278.0017921146953,272.80902
1975-01-31,178.9874551971326,184.27524
1975-02-28,183.98644179894177,179.12787
1975-03-31,233.98297491039423,229.828
1975-04-30,316.01080246913585,308.2936
1975-05-31,683.9904420549582,642.4404
1975-06-30,1140.0462962962963,1126.8276
1975-07-31,2230.0627240143367,2247.1165
1975-08-31,1829.823775388292,1803.8147
1975-09-30,1689.8148148148148,1675.9353
1975-10-31,1960.1254480286736,1944.5684
1975-11-30,881.9444444444445,919.10925
1975-12-31,354.0173237753882,361.63144
1976-01-31,239.9940262843489,249.18271
1976-02-29,242.01787994891444,252.67511
1976-03-31,321.98327359617684,313.60794
1976-04-30,449.8456790123456,435.27512
1976-05-31,636.9474313022699,641.8302
1976-06-30,1170.138888888889,1114.4854
1976-07-31,1469.9074074074072,1477.8809
1976-08-31,1920.1762246117087,1891.9216
1976-09-30,2000.0,1854.2224
1976-10-31,1089.8297491039427,1061.0033
1976-11-30,523.9197530864197,539.91174
1976-12-31,289.98655913978496,281.83835
1977-01-31,214.00836320191164,213.17438
1977-02-28,204.98511904761904,205.34818
1977-03-31,293.01075268817203,279.90018
1977-04-30,606.8672839506173,596.7389
1977-05-31,860.9617682198327,840.27747
1977-06-30,966.820987654321,956.61755
1977-07-31,800.8512544802867,794.3394
1977-08-31,711.9922341696536,682.65106
1977-09-30,658.9506172839506,649.97424
1977-10-31,539.8745519713261,528.6407
1977-11-30,333.9891975308642,316.32718
1977-12-31,188.9934289127837,194.32625
1978-01-31,127.01612903225808,151.18863
1978-02-28,141.0094246031746,153.45027
1978-03-31,196.01254480286727,199.92671
1978-04-30,467.9783950617284,451.20438
1978-05-31,551.0752688172043,562.19617
1978-06-30,760.0308641975308,771.7782
1978-07-31,568.9964157706094,600.90314
1978-08-31,1070.041816009558,1058.0758
1978-09-30,1760.030864197531,1734.3445
1978-10-31,1020.0119474313022,1020.4329
1978-11-30,523.9197530864197,499.1641
1978-12-31,256.0110513739546,245.52849
1979-01-31,193.99641577060933,179.2487
1979-02-28,178.98478835978835,169.79466
1979-03-31,220.99014336917563,207.69928
1979-04-30,390.81790123456796,363.7135
1979-05-31,402.85244922341695,400.382
1979-06-30,466.0493827160494,451.93433
1979-07-31,1109.9910394265232,1081.7094
1979-08-31,1739.8446833930702,1698.7709
1979-09-30,1680.1697530864203,1656.7023
1979-10-31,965.1284348864992,975.002
1979-11-30,440.97222222222223,436.69293
1979-12-31,248.99193548387092,233.57376
1980-01-31,173.98446833930706,172.81953
1980-02-29,172.01468710089398,169.40817
1980-03-31,237.0071684587814,220.15453
1980-04-30,328.0092592592593,307.02533
1980-05-31,362.0071684587812,344.40997
1980-06-30,618.8271604938271,582.16223
1980-07-31,1350.0597371565111,1310.9778
1980-08-31,949.0740740740739,991.77765
1980-09-30,1390.0462962962963,1380.1177
1980-10-31,1130.152329749104,1078.8757
1980-11-30,494.9845679012346,485.40472
1980-12-31,221.99820788530462,222.18462
1981-01-31,173.01373954599762,171.05594
1981-02-28,173.98313492063488,173.43419
1981-03-31,223.00627240143368,132.40775
1981-04-30,341.0108024691358,303.6959
1981-05-31,583.9307048984468,518.8047
1981-06-30,1060.1851851851852,1010.6128
1981-07-31,1640.1583034647551,1595.5978
1981-08-31,1059.9611708482676,1024.7888
1981-09-30,3469.907407407407,3304.4846
1981-10-31,1680.10752688172,1635.1244
1981-11-30,714.891975308642,715.2001
1981-12-31,352.0011947431302,351.10776
1982-01-31,251.00806451612905,252.94794
1982-02-28,250.9920634920635,237.95526
1982-03-31,285.9916367980884,269.07782
1982-04-30,395.83333333333326,379.2566
1982-05-31,850.1344086021505,859.3987
1982-06-30,1514.6604938271605,1548.2212
1982-07-31,1749.9253285543605,1746.3868
1982-08-31,1059.9611708482676,1059.5492
1982-09-30,1650.0771604938273,1649.946
1982-10-31,1649.8655913978494,1638.3956
1982-11-30,697.145061728395,697.45795
1982-12-31,326.0155316606929,294.2573
1983-01-31,233.98297491039423,218.15831
1983-02-28,215.98048941798942,213.46672
1983-03-31,251.00806451612905,247.0306
1983-04-30,476.08024691358025,434.92133
1983-05-31,872.1624850657109,854.82025
1983-06-30,1209.8765432098764,1208.0089
1983-07-31,2529.8685782556754,2549.8184
1983-08-31,1789.8745519713257,1688.588
1983-09-30,1099.9228395061727,1171.3995
1983-10-31,1960.1254480286736,1933.1321
1983-11-30,912.8086419753088,901.6775
1983-12-31,579.8237753882916,349.13742
1984-01-31,275.98566308243727,237.82027
1984-02-29,283.0060664112388,253.76746
1984-03-31,326.9862604540023,296.67395
1984-04-30,444.0586419753087,404.98856
1984-05-31,520.0866188769414,480.83853
1984-06-30,1060.1851851851852,1066.8408
1984-07-31,2460.050776583035,2359.59
1984-08-31,1479.9880525686976,1401.9545
1984-09-30,834.8765432098766,869.4478
1984-10-31,893.0704898446834,862.09204
1984-11-30,520.0617283950618,504.25754
1984-12-31,280.0179211469534,273.6369
1985-01-31,207.997311827957,202.05272
1985-02-28,177.99272486772486,191.88739
1985-03-31,233.98297491039423,234.44589
1985-04-30,356.98302469135797,336.02808
1985-05-31,452.13560334528086,421.9744
1985-06-30,665.1234567901233,624.7585
1985-07-31,1249.9999999999998,1200.4199
1985-08-31,980.0627240143368,1047.0735
1985-09-30,2449.845679012345,2268.7979
1985-10-31,1170.1015531660694,1183.5208
1985-11-30,508.87345679012344,474.23892
1985-12-31,270.98267622461174,258.84235
1986-01-31,205.01045400238948,199.11504
1986-02-28,192.00562169312167,193.7654
1986-03-31,238.98596176821985,236.1808
1986-04-30,356.98302469135797,347.96793
1986-05-31,829.9731182795699,795.294
1986-06-30,1109.9537037037037,1110.4194
1986-07-31,1680.10752688172,1685.1721
1986-08-31,719.8327359617682,768.6577
1986-09-30,1060.1851851851852,1036.6852
1986-10-31,369.9970131421744,619.62665
1986-11-30,311.50327932098764,338.67688
1986-12-31,184.44941009557945,220.0256
1987-01-31,122.40882616487457,167.97272
1987-02-28,344.9900793650793,173.9242
1987-03-31,627.9868578255675,203.62314
1987-04-30,373.9969135802469,266.61584
1987-05-31,433.09438470728793,510.38763
1987-06-30,587.5771604938271,1115.4774
1987-07-31,816.1589008363202,1653.7085
1987-08-31,619.0262843488649,1041.6201
1987-09-30,318.016975308642,647.4535
1987-10-31,244.99701314217444,514.9568
1987-11-30,233.9891975308642,327.9719
1987-12-31,417.04002389486254,196.47365
1988-01-31,332.997311827957,162.47714
1988-02-29,429.83716475095787,167.16008
1988-03-31,502.9121863799283,221.71083
1988-04-30,348.9969135802469,327.8115
1988-05-31,443.17502986857824,405.67023
1988-06-30,834.104938271605,771.89575
1988-07-31,701.9115890083632,840.1618
1988-08-31,1780.167264038232,572.44916
1988-09-30,616.8981481481482,752.45184
1988-10-31,620.1463560334528,1189.0332
1988-11-30,567.1296296296297,638.05505
1988-12-31,536.1409796893668,275.67538
1989-01-31,666.0692951015532,182.42177
1989-02-28,467.09656084656086,175.38643
1989-03-31,477.1505376344086,259.6437
1989-04-30,451.00308641975306,363.75647
1989-05-31,672.0430107526881,828.1031
1989-06-30,711.033950617284,2329.2427
1989-07-31,918.832138590203,2232.745
1989-08-31,710.8721624850657,1862.4515
1989-09-30,1706.4043209876545,1821.7201
1989-10-31,760.1553166069295,1203.9294
1989-11-30,528.9351851851852,650.4026
1989-12-31,452.88231780167257,328.99393
1990-01-31,635.0806451612904,255.6612
1990-02-28,660.135582010582,258.93765
1990-03-31,679.8835125448029,298.14517
1990-04-30,662.8086419753087,366.61075
1990-05-31,1040.1732377538829,662.55963
1990-06-30,900.8487654320987,722.0468
1990-07-31,710.1254480286739,753.02625
1990-08-31,618.279569892473,809.5555
1990-09-30,638.8888888888888,960.6063
1990-10-31,586.1708482676224,703.7729
1990-11-30,520.0617283950618,415.85034
1990-12-31,617.1594982078853,239.94202
1991-01-31,604.0919952210274,168.36613
1991-02-28,574.156746031746,166.31363
1991-03-31,614.1726403823178,213.38911
1991-04-30,518.1327160493827,259.4515
1991-05-31,582.0639187574671,434.08926
1991-06-30,724.1512345679013,556.9501
1991-07-31,823.9994026284348,815.87415
1991-08-31,869.9223416965351,1129.5288
1991-09-30,579.0895061728395,774.8245
1991-10-31,552.942054958184,624.6301
1991-11-30,731.0956790123457,404.41748
1991-12-31,341.9952210274791,233.34917
1992-01-31,678.0167264038232,172.71931
1992-02-29,399.90421455938696,169.4747
1992-03-31,359.99103942652323,200.2346
1992-04-30,400.0771604938272,345.15573
1992-05-31,548.8351254480286,448.51868
1992-06-30,710.6481481481483,771.55023
1992-07-31,616.0394265232975,1741.8214
1992-08-31,582.0639187574671,1091.8357
1992-09-30,368.98148148148147,1041.3197
1992-10-31,241.0020908004779,993.7618
1992-11-30,542.824074074074,431.3958
1992-12-31,691.8309438470728,209.38933
1993-01-31,551.0752688172043,182.72128
1993-02-28,644.0145502645503,189.8769
1993-03-31,508.1391875746714,237.63731
1993-04-30,506.9444444444444,446.88925
1993-05-31,598.1182795698925,674.6399
1993-06-30,734.9537037037037,979.73676
1993-07-31,686.9772998805256,1400.3075
1993-08-31,745.9677419354839,1604.533
1993-09-30,804.0123456790124,1113.8347
1993-10-31,611.9324970131422,748.36884
1993-11-30,592.9783950617284,439.24887
1993-12-31,595.1314217443249,225.99312
1994-01-31,651.1350059737157,177.86633
1994-02-28,689.0707671957673,178.84082
1994-03-31,729.9133811230586,210.5296
1994-04-30,643.9043209876544,457.52536
1994-05-31,894.9372759856631,624.1069
1994-06-30,724.9228395061729,1125.8877
1994-07-31,583.9307048984468,1045.847
1994-08-31,734.0203106332139,635.3856
1994-09-30,663.966049382716,677.3821
1994-10-31,632.0937873357228,577.0467
1994-11-30,599.9228395061729,358.06772
1994-12-31,703.0316606929509,196.44751
1995-01-31,704.8984468339307,158.22665
1995-02-28,689.8974867724869,152.23714
1995-03-31,636.9474313022699,193.30212
1995-04-30,430.1697530864197,377.071
1995-05-31,589.15770609319,691.4357
1995-06-30,750.0000000000001,604.8448
1995-07-31,716.0991636798088,551.12866
1995-08-31,533.9008363201912,948.6717
1995-09-30,609.9537037037037,1005.9702
1995-10-31,655.9886499402628,681.9173
1995-11-30,621.9135802469136,417.22995
1995-12-31,344.0113500597371,236.39226
1996-01-31,464.82974910394273,164.91553
1996-02-29,502.0753512132823,166.35997
1996-03-31,455.86917562724017,217.99799
1996-04-30,330.0154320987654,328.80307
1996-05-31,529.0471923536439,539.3257
1996-06-30,520.8333333333334,770.4726
1996-07-31,666.0692951015532,666.9749
1996-08-31,661.9623655913979,713.2536
1996-09-30,582.175925925926,660.0187
1996-10-31,378.9575866188769,591.9186
1996-11-30,461.033950617284,378.46658
1996-12-31,486.857825567503,214.675
1997-01-31,406.95937873357224,162.49734
1997-02-28,391.9890873015873,151.45714
1997-03-31,275.01493428912784,212.06445
1997-04-30,339.0046296296297,292.40195
1997-05-31,455.1224611708482,756.4451
1997-06-30,667.0524691358024,750.4523
1997-07-31,527.9271206690562,801.05023
1997-08-31,293.98148148148147,657.5845
1997-09-30,474.9228395061728,509.393
1997-10-31,620.1463560334528,477.92572
1997-11-30,532.0216049382716,339.13654
1997-12-31,424.1338112305854,208.98471
1998-01-31,387.91816009557937,167.81313
1998-02-28,342.01388888888886,169.1666
1998-03-31,331.989247311828,201.79193
1998-04-30,291.0108024691358,381.3886
1998-05-31,363.01523297491036,577.43176
1998-06-30,582.9475308641976,562.713
1998-07-31,390.90501792114696,1014.5195
1998-08-31,417.04002389486254,1193.1682
1998-09-30,481.8672839506172,1170.9458
1998-10-31,529.0471923536439,841.2555
1998-11-30,498.070987654321,459.11948
1998-12-31,501.0454002389486,241.3614
1999-01-31,492.41935483870975,172.71045
1999-02-28,536.9642857142857,192.61267
1999-03-31,557.9032258064516,232.27203
1999-04-30,556.7333333333333,291.5394
1999-05-31,532.0967741935484,363.83704
1999-06-30,629.7666666666667,1472.9144
1999-07-31,574.7096774193549,2242.3645
1999-08-31,535.1612903225806,1378.4548
1999-09-30,616.1666666666666,878.5206
1999-10-31,563.5483870967741,1083.1608
1999-11-30,571.0333333333333,576.665
1999-12-31,579.6129032258065,254.97093
2000-01-31,620.5483870967743,184.65924
2000-02-29,571.5862068965517,179.2277
2000-03-31,515.0,207.00203
2000-04-30,650.8,359.35208
2000-05-31,622.2903225806451,434.19684
2000-06-30,532.7333333333333,946.71405
2000-07-31,587.0645161290323,813.824
2000-08-31,576.0967741935484,747.1251
2000-09-30,443.5,815.1599
2000-10-31,552.4193548387096,686.31604
2000-11-30,586.0666666666667,384.73877
2000-12-31,490.0322580645161,205.10614
2001-01-31,401.4516129032258,160.94763
2001-02-28,454.3928571428572,165.62523
2001-03-31,414.35483870967744,187.14606
2001-04-30,404.8333333333333,301.0871
2001-05-31,537.4516129032259,453.66287
2001-06-30,543.7666666666667,802.0034
2001-07-31,549.1290322580645,622.32117
2001-08-31,578.483870967742,536.14075
2001-09-30,449.2333333333333,742.43195
2001-10-31,385.61290322580646,799.46173
2001-11-30,620.5333333333333,406.9212
2001-12-31,583.0,213.22466
2002-01-31,357.96774193548384,155.09898
2002-02-28,323.07142857142856,160.83678
2002-03-31,424.5161290322581,188.90237
2002-04-30,465.50000000000006,248.94127
2002-05-31,489.741935483871,316.6027
2002-06-30,366.33333333333326,756.7339
2002-07-31,468.5806451612903,797.7417
2002-08-31,521.3548387096774,489.94595
2002-09-30,496.1666666666667,405.5374
2002-10-31,720.0967741935483,361.10162
2002-11-30,608.1333333333333,242.36475
2002-12-31,461.6774193548387,169.03464
2003-01-31,318.4258064516129,134.459
2003-02-28,184.1107142857143,138.19318
2003-03-31,214.9032258064516,174.246
2003-04-30,362.6333333333334,236.74109
2003-05-31,358.0322580645161,367.54947
2003-06-30,392.79999999999995,522.1712
2003-07-31,433.5161290322581,792.02454
2003-08-31,288.51612903225805,1174.4417
2003-09-30,360.9333333333332,1451.8556
2003-10-31,371.8387096774192,998.0749
2003-11-30,456.7333333333333,443.24768
2003-12-31,381.06451612903226,217.90488
2004-01-31,404.7096774193548,164.26584
2004-02-29,466.9655172413793,153.3648
2004-03-31,484.8709677419355,198.34258
2004-04-30,437.0,232.75699
2004-05-31,451.741935483871,300.36075
2004-06-30,546.8,606.965
2004-07-31,455.8064516129032,698.2468
2004-08-31,429.7419354838709,880.241
2004-09-30,397.6333333333333,1076.8096
2004-10-31,476.7096774193548,845.0933
2004-11-30,468.3666666666667,459.80432
2004-12-31,469.9032258064516,236.57588
2005-01-31,487.7741935483871,176.8799
2005-02-28,360.2857142857142,169.12636
2005-03-31,446.48387096774195,207.264
2005-04-30,486.33333333333326,324.2177
2005-05-31,510.51612903225805,588.00867
2005-06-30,492.06666666666666,779.3151
2005-07-31,505.5806451612903,1905.613
2005-08-31,490.51612903225816,1530.417
2005-09-30,517.4,1317.67
2005-10-31,699.9032258064516,1658.842
2005-11-30,542.0,679.5836
2005-12-31,509.1290322580645,272.2108
2006-01-31,413.9677419354838,218.5388
2006-02-28,425.3928571428573,220.9702
2006-03-31,656.483870967742,237.95126
2006-04-30,881.7666666666667,295.06427
2006-05-31,901.1612903225806,368.61465
2006-06-30,738.6333333333333,595.4673
2006-07-31,832.7096774193549,821.4662
2006-08-31,588.2258064516129,621.9401
2006-09-30,454.03333333333336,763.5828
2006-10-31,482.0967741935484,731.3882
2006-11-30,487.63333333333327,394.80283
2006-12-31,470.87096774193554,219.79898
2007-01-31,479.99999999999994,171.40903
2007-02-28,496.5,165.23653
2007-03-31,518.9354838709677,224.93109
2007-04-30,635.2666666666667,296.72635
2007-05-31,687.1612903225807,316.62378
2007-06-30,798.0999999999999,1192.9039
2007-07-31,624.9677419354838,1417.3464
2007-08-31,771.8387096774194,909.9394
2007-09-30,742.0333333333333,1024.7452
2007-10-31,436.45161290322585,814.79443
2007-11-30,447.46666666666664,456.1421
2007-12-31,471.774193548387,240.68431
2008-01-31,483.70967741935476,189.63048
2008-02-29,502.0,167.17728
2008-03-31,449.3225806451613,228.31221
2008-04-30,672.7,346.1892
2008-05-31,781.9032258064515,366.64417
2008-06-30,922.0666666666667,461.7567
2008-07-31,753.4838709677418,846.1894
2008-08-31,768.0000000000001,1089.195
2008-09-30,591.5,977.1299
2008-10-31,430.483870967742,1115.1146
2008-11-30,477.9333333333333,599.6242
2008-12-31,407.3225806451612,286.27713
2009-01-31,541.258064516129,203.92285
2009-02-28,585.5714285714286,220.97267
2009-03-31,534.6012903225807,270.10425
2009-04-30,898.5,412.9137
2009-05-31,890.741935483871,663.50616
2009-06-30,830.1,1044.4863
2009-07-31,594.0645161290323,1658.279
2009-08-31,621.0322580645162,1544.0376
2009-09-30,563.0666666666667,1536.6514
2009-10-31,602.3225806451613,1248.9259
2009-11-30,640.8999999999999,693.31006
2009-12-31,561.516129032258,362.94962
2010-01-31,531.5806451612904,241.98601
2010-02-28,459.5,243.95792
2010-03-31,527.3870967741935,286.61417
2010-04-30,878.9,325.0583
2010-05-31,943.741935483871,379.1146
2010-06-30,931.566666666667,959.9817
2010-07-31,998.4193548387096,2084.3647
2010-08-31,1140.0,1008.4948
2010-09-30,803.5666666666667,685.0904
2010-10-31,636.2903225806451,618.94495
2010-11-30,588.9,434.20184
2010-12-31,605.3225806451613,238.4959
2011-01-31,583.4516129032259,197.61458
2011-02-28,333.03571428571433,185.58296
2011-03-31,617.0967741935484,226.22496
2011-04-30,822.8999999999999,361.65475
2011-05-31,850.7096774193549,451.69257
2011-06-30,645.6999999999999,1135.4122
2011-07-31,619.3225806451613,1597.1207
2011-08-31,632.6129032258065,937.92786
2011-09-30,599.0666666666667,941.3749
2011-10-31,550.4193548387096,1029.6072
2011-11-30,543.2,605.61316
2011-12-31,589.4193548387096,323.569
2012-01-31,534.0,239.73027
2012-02-29,506.55172413793116,238.06596
2012-03-31,469.03225806451616,291.79395
2012-04-30,606.9,484.48853
2012-05-31,840.8064516129032,789.3566
2012-06-30,831.6666666666666,1068.4691
2012-07-31,1009.6129032258063,2495.3704
2012-08-31,1457.7096774193549,2176.9106
2012-09-30,916.2666666666668,1114.9902
2012-10-31,808.741935483871,892.181
2012-11-30,704.9666666666666,502.96506
2012-12-31,572.7741935483871,265.57074
2013-01-31,642.4516129032259,245.32365
2013-02-28,519.1071428571429,272.1675
2013-03-31,614.5483870967741,329.83618
2013-04-30,755.1333333333333,333.36322
2013-05-31,827.5483870967741,621.1182
2013-06-30,782.6,870.3743
2013-07-31,707.4516129032259,1564.1135
2013-08-31,781.741935483871,1233.6158
2013-09-30,656.4333333333333,750.0567
2013-10-31,575.483870967742,599.3281
2013-11-30,662.7333333333333,370.62363
2013-12-31,561.9354838709677,211.76541
2014-01-31,555.483870967742,177.73138
2014-02-28,457.6071428571428,180.68536
2014-03-31,526.2258064516129,228.8122
2014-04-30,453.6666666666667,330.496
2014-05-31,600.0322580645161,431.49216
2014-06-30,650.8333333333334,923.81177
2014-07-31,686.1612903225806,993.7504
2014-08-31,729.0967741935484,1049.693
2014-09-30,722.7666666666667,1442.7052
2014-10-31,566.9032258064516,1025.276
2014-11-30,613.7333333333333,461.54297
2014-12-31,520.258064516129,265.36215
2015-01-31,462.8709677419355,226.30986
2015-02-28,450.7142857142857,218.33636
2015-03-31,565.0,255.29971
2015-04-30,544.1666666666666,292.98248
2015-05-31,574.2258064516129,342.0784
2015-06-30,551.3,726.4892
2015-07-31,748.1612903225806,1265.6343
2015-08-31,659.8064516129032,568.2777
2015-09-30,574.3333333333334,638.3559
2015-10-31,530.6129032258065,698.02386
2015-11-30,551.6333333333333,385.39575
2015-12-31,447.61290322580646,232.20488
2016-01-31,466.7419354838709,173.22186
2016-02-29,437.86206896551727,169.11966
2016-03-31,522.4516129032259,211.97508
2016-04-30,461.2333333333333,304.1109
2016-05-31,531.1935483870968,460.8977
2016-06-30,482.3333333333333,623.2184
2016-07-31,639.0645161290323,725.8145
2016-08-31,447.4193548387097,567.6338
2016-09-30,300.43333333333334,630.74603
2016-10-31,336.3870967741935,754.7084
2016-11-30,349.3333333333333,429.21628
2016-12-31,274.96774193548384,248.46802
2017-01-31,308.93548387096774,180.64496
2017-02-28,380.6071428571427,184.12158
2017-03-31,425.258064516129,215.01105
2017-04-30,447.1,306.46515
2017-05-31,497.8709677419355,400.18146
2017-06-30,501.1000000000001,894.5827
2017-07-31,588.258064516129,651.3466
2017-08-31,487.7741935483871,576.5722
2017-09-30,408.23333333333335,1153.3276
2017-10-31,395.3870967741936,1526.0933
2017-11-30,438.1333333333333,714.8328
2017-12-31,465.6774193548387,317.5563
2018-01-31,438.93548387096763,201.99155
2018-02-28,405.3571428571427,189.26607
2018-03-31,447.7096774193549,225.32121
2018-04-30,645.2666666666667,384.923
2018-05-31,843.290322580645,786.1969
2018-06-30,974.5666666666668,1060.9347
2018-07-31,1152.483870967742,2214.563
2018-08-31,1005.9354838709675,1304.7603
2018-09-30,1700.6333333333334,2024.0115
2018-10-31,1071.6129032258063,1444.3014
2018-11-30,566.3666666666667,714.58813
2018-12-31,548.8709677419355,352.53024
2019-01-31,438.94,262.48825
2019-02-28,405.36,267.79706
2019-03-31,447.71,300.43747
2019-04-30,645.27,529.4829
2019-05-31,843.2900000000001,806.0609
2019-06-30,974.5700000000002,1653.4254
2019-07-31,1152.48,2121.286
2019-08-31,1005.9400000000002,1487.533
2019-09-30,1700.63,1739.5836
2019-10-31,1071.61,1395.3058
2019-11-30,566.37,739.1485
2019-12-31,548.87,338.19238
