date,flow,E-BiLSTM
1961-01-31,173.01373954599762,156.41869
1961-02-28,167.989417989418,163.36832
1961-03-31,241.0020908004779,180.2055
1961-04-30,476.8518518518519,485.2163
1961-05-31,673.9097968936678,515.46545
1961-06-30,834.104938271605,731.6504
1961-07-31,1699.895459976105,900.32196
1961-08-31,1099.910394265233,897.2251
1961-09-30,1079.861111111111,928.325
1961-10-31,1310.110513739546,1062.4507
1961-11-30,755.0154320987655,655.4532
1961-12-31,286.9997013142174,308.06235
1962-01-31,196.01254480286727,197.48885
1962-02-28,192.00562169312167,223.17863
1962-03-31,205.01045400238948,223.43098
1962-04-30,398.1481481481481,436.36154
1962-05-31,576.836917562724,586.4409
1962-06-30,1140.0462962962963,832.57
1962-07-31,1490.068697729988,1286.2433
1962-08-31,1239.9193548387098,1173.814
1962-09-30,694.8302469135804,981.7482
1962-10-31,732.1535244922342,1007.75934
1962-11-30,456.0185185185185,650.78876
1962-12-31,214.00836320191164,314.93924
1963-01-31,141.98775388291517,186.70973
1963-02-28,137.97949735449737,187.59807
1963-03-31,212.320788530466,257.6831
1963-04-30,283.9891975308642,344.85635
1963-05-31,467.8166069295101,455.23474
1963-06-30,675.1543209876543,731.1685
1963-07-31,1519.937275985663,1409.7858
1963-08-31,1199.9701314217443,1349.919
1963-09-30,2219.9074074074074,1864.0087
1963-10-31,1630.077658303465,1460.686
1963-11-30,574.8456790123457,539.42554
1963-12-31,266.9877538829152,161.4908
1964-01-31,202.99432497013143,155.68033
1964-02-29,191.01213282247764,195.9101
1964-03-31,251.00806451612905,187.66002
1964-04-30,405.0925925925926,329.2576
1964-05-31,585.0507765830347,455.32095
1964-06-30,623.8425925925927,697.64703
1964-07-31,1810.0358422939066,2042.736
1964-08-31,1410.1702508960575,1410.6843
1964-09-30,1410.1080246913575,1447.3555
1964-10-31,1249.9999999999998,1534.8691
1964-11-30,584.8765432098766,808.30646
1964-12-31,275.01493428912784,398.01898
1965-01-31,197.99133811230587,219.1473
1965-02-28,207.010582010582,182.1946
1965-03-31,227.00119474313024,207.09627
1965-04-30,349.99999999999994,382.0784
1965-05-31,586.9175627240144,524.6466
1965-06-30,866.1265432098766,949.6759
1965-07-31,1500.1493428912784,1764.009
1965-08-31,794.1308243727599,1121.5214
1965-09-30,996.141975308642,1161.304
1965-10-31,823.9994026284348,1197.893
1965-11-30,417.0524691358025,577.6079
1965-12-31,213.0002986857825,226.71957
1966-01-31,173.98446833930706,127.20097
1966-02-28,166.9973544973545,131.52528
1966-03-31,227.00119474313024,212.34613
1966-04-30,310.9953703703704,263.31546
1966-05-31,368.0182198327359,425.94763
1966-06-30,447.91666666666674,731.89905
1966-07-31,1049.8805256869773,1455.5845
1966-08-31,1749.9253285543605,1802.2491
1966-09-30,2010.030864197531,1709.952
1966-10-31,1440.0388291517324,1100.0907
1966-11-30,601.8518518518518,420.86072
1966-12-31,285.9916367980884,288.68488
1967-01-31,206.0185185185185,194.51367
1967-02-28,192.9976851851852,195.9722
1967-03-31,249.7759856630824,217.65152
1967-04-30,347.9938271604938,250.59708
1967-05-31,1109.9910394265232,626.857
1967-06-30,1170.138888888889,959.35864
1967-07-31,1969.8327359617683,1274.4131
1967-08-31,1649.8655913978494,1083.5927
1967-09-30,2359.953703703704,2102.153
1967-10-31,1540.0985663082438,1069.6768
1967-11-30,812.1141975308642,589.3925
1967-12-31,353.00925925925924,240.84004
1968-01-31,255.0029868578256,204.22401
1968-02-29,229.00702426564496,186.01488
1968-03-31,307.0116487455198,273.3858
1968-04-30,500.0,326.8321
1968-05-31,1189.889486260454,605.3605
1968-06-30,1160.108024691358,771.695
1968-07-31,1419.8775388291515,867.03955
1968-08-31,974.8357228195937,883.74646
1968-09-30,2040.123456790124,1651.1655
1968-10-31,1220.131421744325,1052.5001
1968-11-30,562.8858024691358,485.06516
1968-12-31,315.00149342891274,266.98563
1969-01-31,234.9910394265233,153.81483
1969-02-28,209.98677248677245,189.57292
1969-03-31,252.9868578255675,207.06439
1969-04-30,331.01851851851853,315.88046
1969-05-31,510.0059737156511,495.75485
1969-06-30,650.0771604938273,981.64124
1969-07-31,1130.152329749104,1442.7329
1969-08-31,793.0107526881719,1082.3337
1969-09-30,709.104938271605,936.0613
1969-10-31,841.173835125448,923.9722
1969-11-30,381.0185185185185,554.38776
1969-12-31,190.0014934289128,304.1855
1970-01-31,147.9988052568698,147.9665
1970-02-28,145.99867724867724,97.94717
1970-03-31,188.9934289127837,175.7361
1970-04-30,367.0138888888889,350.64194
1970-05-31,558.1690561529272,596.06085
1970-06-30,672.067901234568,944.3115
1970-07-31,726.926523297491,1196.102
1970-08-31,1180.1821983273596,1547.8414
1970-09-30,569.0586419753087,878.0939
1970-10-31,614.1726403823178,675.6137
1970-11-30,348.9969135802469,467.89523
1970-12-31,177.00866188769413,315.038
1971-01-31,139.00089605734766,183.28214
1971-02-28,135.0033068783069,170.28741
1971-03-31,201.0155316606929,240.36247
1971-04-30,335.9953703703704,343.48026
1971-05-31,486.857825567503,496.2187
1971-06-30,638.8888888888888,665.3307
1971-07-31,719.8327359617682,1025.6417
1971-08-31,638.0675029868578,818.75684
1971-09-30,1329.861111111111,1624.7042
1971-10-31,1799.9551971326164,1192.0145
1971-11-30,721.0648148148149,561.7016
1971-12-31,308.9904420549582,217.55435
1972-01-31,214.00836320191164,185.47449
1972-02-29,214.0006385696041,168.66936
1972-03-31,284.98357228195937,215.40407
1972-04-30,440.97222222222223,281.91925
1972-05-31,723.9396654719235,574.62646
1972-06-30,1069.83024691358,892.7669
1972-07-31,1910.0955794504182,1654.643
1972-08-31,1059.9611708482676,891.2524
1972-09-30,775.8487654320987,950.27325
1972-10-31,658.9755077658302,826.45624
1972-11-30,364.0046296296296,468.23212
1972-12-31,213.0002986857825,247.12064
1973-01-31,174.99253285543608,147.85204
1973-02-28,176.00859788359787,119.98451
1973-03-31,227.00119474313024,144.7252
1973-04-30,293.98148148148147,193.65016
1973-05-31,564.1427718040621,419.0335
1973-06-30,1050.1543209876545,736.09686
1973-07-31,919.9522102747908,985.35077
1973-08-31,897.1774193548387,767.0622
1973-09-30,1020.0617283950619,957.58154
1973-10-31,1040.1732377538829,1005.595
1973-11-30,535.8796296296297,564.26654
1973-12-31,246.00507765830343,278.37585
1974-01-31,168.01075268817203,161.34229
1974-02-28,175.01653439153438,121.684395
1974-03-31,219.98207885304657,147.96626
1974-04-30,305.0154320987654,313.42697
1974-05-31,486.857825567503,472.8954
1974-06-30,910.8796296296296,728.4563
1974-07-31,896.0573476702509,885.33356
1974-08-31,999.8506571087216,1024.8235
1974-09-30,1359.9537037037037,1129.7
1974-10-31,956.1678614097968,1025.9052
1974-11-30,589.891975308642,696.94617
1974-12-31,278.0017921146953,402.09262
1975-01-31,178.9874551971326,234.01909
1975-02-28,183.98644179894177,231.82709
1975-03-31,233.98297491039423,246.15077
1975-04-30,316.01080246913585,436.80222
1975-05-31,683.9904420549582,705.5295
1975-06-30,1140.0462962962963,1003.458
1975-07-31,2230.0627240143367,1381.7911
1975-08-31,1829.823775388292,1268.9099
1975-09-30,1689.8148148148148,1140.1849
1975-10-31,1960.1254480286736,1554.1456
1975-11-30,881.9444444444445,768.43713
1975-12-31,354.0173237753882,317.93307
1976-01-31,239.9940262843489,174.3738
1976-02-29,242.01787994891444,208.54744
1976-03-31,321.98327359617684,256.7093
1976-04-30,449.8456790123456,385.5515
1976-05-31,636.9474313022699,635.9468
1976-06-30,1170.138888888889,915.49615
1976-07-31,1469.9074074074072,1008.5506
1976-08-31,1920.1762246117087,1409.9972
1976-09-30,2000.0,1440.0967
1976-10-31,1089.8297491039427,1038.075
1976-11-30,523.9197530864197,554.0053
1976-12-31,289.98655913978496,320.27704
1977-01-31,214.00836320191164,230.1294
1977-02-28,204.98511904761904,205.28215
1977-03-31,293.01075268817203,249.57092
1977-04-30,606.8672839506173,411.60614
1977-05-31,860.9617682198327,617.57196
1977-06-30,966.820987654321,997.15283
1977-07-31,800.8512544802867,808.4096
1977-08-31,711.9922341696536,837.0681
1977-09-30,658.9506172839506,882.42645
1977-10-31,539.8745519713261,837.9077
1977-11-30,333.9891975308642,526.4498
1977-12-31,188.9934289127837,271.62683
1978-01-31,127.01612903225808,137.44028
1978-02-28,141.0094246031746,149.06256
1978-03-31,196.01254480286727,219.98433
1978-04-30,467.9783950617284,400.34265
1978-05-31,551.0752688172043,495.87018
1978-06-30,760.0308641975308,652.91614
1978-07-31,568.9964157706094,688.6574
1978-08-31,1070.041816009558,1123.7614
1978-09-30,1760.030864197531,1852.0511
1978-10-31,1020.0119474313022,925.88556
1978-11-30,523.9197530864197,454.83865
1978-12-31,256.0110513739546,259.53857
1979-01-31,193.99641577060933,158.04442
1979-02-28,178.98478835978835,176.18028
1979-03-31,220.99014336917563,203.79309
1979-04-30,390.81790123456796,394.77213
1979-05-31,402.85244922341695,551.1629
1979-06-30,466.0493827160494,715.42065
1979-07-31,1109.9910394265232,1434.2227
1979-08-31,1739.8446833930702,1694.8994
1979-09-30,1680.1697530864203,1451.243
1979-10-31,965.1284348864992,924.226
1979-11-30,440.97222222222223,415.75134
1979-12-31,248.99193548387092,267.8129
1980-01-31,173.98446833930706,181.5324
1980-02-29,172.01468710089398,157.43115
1980-03-31,237.0071684587814,192.56915
1980-04-30,328.0092592592593,288.68604
1980-05-31,362.0071684587812,542.36914
1980-06-30,618.8271604938271,748.1317
1980-07-31,1350.0597371565111,1206.8553
1980-08-31,949.0740740740739,1577.8457
1980-09-30,1390.0462962962963,1870.584
1980-10-31,1130.152329749104,1067.223
1980-11-30,494.9845679012346,451.46982
1980-12-31,221.99820788530462,218.201
1981-01-31,173.01373954599762,198.6508
1981-02-28,173.98313492063488,198.10149
1981-03-31,223.00627240143368,202.44794
1981-04-30,341.0108024691358,290.61877
1981-05-31,583.9307048984468,485.718
1981-06-30,1060.1851851851852,612.3426
1981-07-31,1640.1583034647551,1143.8038
1981-08-31,1059.9611708482676,855.6488
1981-09-30,3469.907407407407,2240.3223
1981-10-31,1680.10752688172,1268.2712
1981-11-30,714.891975308642,595.0551
1981-12-31,352.0011947431302,306.92267
1982-01-31,251.00806451612905,187.79642
1982-02-28,250.9920634920635,157.7801
1982-03-31,285.9916367980884,203.68867
1982-04-30,395.83333333333326,256.81357
1982-05-31,850.1344086021505,745.658
1982-06-30,1514.6604938271605,1000.6893
1982-07-31,1749.9253285543605,1362.4062
1982-08-31,1059.9611708482676,907.81494
1982-09-30,1650.0771604938273,1586.2242
1982-10-31,1649.8655913978494,1479.9056
1982-11-30,697.145061728395,572.7802
1982-12-31,326.0155316606929,236.42656
1983-01-31,233.98297491039423,143.46133
1983-02-28,215.98048941798942,127.87208
1983-03-31,251.00806451612905,172.27779
1983-04-30,476.08024691358025,294.64798
1983-05-31,872.1624850657109,513.81024
1983-06-30,1209.8765432098764,724.48035
1983-07-31,2529.8685782556754,1799.6743
1983-08-31,1789.8745519713257,1567.2089
1983-09-30,1099.9228395061727,799.7336
1983-10-31,1960.1254480286736,1455.6367
1983-11-30,912.8086419753088,826.2617
1983-12-31,579.8237753882916,368.7885
1984-01-31,275.98566308243727,257.8505
1984-02-29,283.0060664112388,325.154
1984-03-31,326.9862604540023,350.15665
1984-04-30,444.0586419753087,416.5369
1984-05-31,520.0866188769414,713.1005
1984-06-30,1060.1851851851852,1208.1757
1984-07-31,2460.050776583035,2145.7903
1984-08-31,1479.9880525686976,1470.3263
1984-09-30,834.8765432098766,1044.5018
1984-10-31,893.0704898446834,1322.7388
1984-11-30,520.0617283950618,799.72943
1984-12-31,280.0179211469534,385.26224
1985-01-31,207.997311827957,263.60446
1985-02-28,177.99272486772486,243.21832
1985-03-31,233.98297491039423,312.85577
1985-04-30,356.98302469135797,403.61725
1985-05-31,452.13560334528086,724.06366
1985-06-30,665.1234567901233,1093.5033
1985-07-31,1249.9999999999998,1663.8375
1985-08-31,980.0627240143368,1117.7428
1985-09-30,2449.845679012345,2055.0479
1985-10-31,1170.1015531660694,1408.9547
1985-11-30,508.87345679012344,542.3836
1985-12-31,270.98267622461174,223.98982
1986-01-31,205.01045400238948,168.0029
1986-02-28,192.00562169312167,203.63022
1986-03-31,238.98596176821985,308.28058
1986-04-30,356.98302469135797,475.5301
1986-05-31,829.9731182795699,777.95135
1986-06-30,1109.9537037037037,1138.9121
1986-07-31,1680.10752688172,1809.5356
1986-08-31,719.8327359617682,916.4663
1986-09-30,1060.1851851851852,1513.1276
1986-10-31,369.9970131421744,1106.0746
1986-11-30,311.50327932098764,517.8762
1986-12-31,184.44941009557945,280.54434
1987-01-31,122.40882616487457,178.29086
1987-02-28,344.9900793650793,228.99739
1987-03-31,627.9868578255675,249.58202
1987-04-30,373.9969135802469,295.9773
1987-05-31,433.09438470728793,513.5612
1987-06-30,587.5771604938271,1093.0027
1987-07-31,816.1589008363202,1870.6412
1987-08-31,619.0262843488649,919.923
1987-09-30,318.016975308642,946.6327
1987-10-31,244.99701314217444,965.4159
1987-11-30,233.9891975308642,538.424
1987-12-31,417.04002389486254,280.41318
1988-01-31,332.997311827957,231.43492
1988-02-29,429.83716475095787,247.54749
1988-03-31,502.9121863799283,255.91579
1988-04-30,348.9969135802469,308.6669
1988-05-31,443.17502986857824,816.1803
1988-06-30,834.104938271605,1238.1458
1988-07-31,701.9115890083632,1480.4503
1988-08-31,1780.167264038232,1020.92664
1988-09-30,616.8981481481482,1124.6056
1988-10-31,620.1463560334528,1563.9777
1988-11-30,567.1296296296297,915.36365
1988-12-31,536.1409796893668,430.5767
1989-01-31,666.0692951015532,256.89307
1989-02-28,467.09656084656086,286.21002
1989-03-31,477.1505376344086,341.4858
1989-04-30,451.00308641975306,439.9527
1989-05-31,672.0430107526881,780.22
1989-06-30,711.033950617284,1849.0408
1989-07-31,918.832138590203,2421.1047
1989-08-31,710.8721624850657,1879.7644
1989-09-30,1706.4043209876545,1689.6693
1989-10-31,760.1553166069295,1386.9452
1989-11-30,528.9351851851852,716.73956
1989-12-31,452.88231780167257,338.55713
1990-01-31,635.0806451612904,276.35468
1990-02-28,660.135582010582,286.34583
1990-03-31,679.8835125448029,376.89117
1990-04-30,662.8086419753087,411.14542
1990-05-31,1040.1732377538829,722.2082
1990-06-30,900.8487654320987,991.3091
1990-07-31,710.1254480286739,1026.1965
1990-08-31,618.279569892473,894.6956
1990-09-30,638.8888888888888,1367.9097
1990-10-31,586.1708482676224,1311.9587
1990-11-30,520.0617283950618,686.50134
1990-12-31,617.1594982078853,317.79272
1991-01-31,604.0919952210274,197.08447
1991-02-28,574.156746031746,204.32759
1991-03-31,614.1726403823178,237.96562
1991-04-30,518.1327160493827,280.39697
1991-05-31,582.0639187574671,603.9684
1991-06-30,724.1512345679013,802.67017
1991-07-31,823.9994026284348,909.7372
1991-08-31,869.9223416965351,1209.5997
1991-09-30,579.0895061728395,1289.1211
1991-10-31,552.942054958184,1283.6771
1991-11-30,731.0956790123457,760.67285
1991-12-31,341.9952210274791,355.17676
1992-01-31,678.0167264038232,210.64249
1992-02-29,399.90421455938696,196.1928
1992-03-31,359.99103942652323,293.241
1992-04-30,400.0771604938272,401.4705
1992-05-31,548.8351254480286,700.7172
1992-06-30,710.6481481481483,1126.8978
1992-07-31,616.0394265232975,2002.1158
1992-08-31,582.0639187574671,1346.1357
1992-09-30,368.98148148148147,1378.5488
1992-10-31,241.0020908004779,1621.4143
1992-11-30,542.824074074074,713.8134
1992-12-31,691.8309438470728,268.54584
1993-01-31,551.0752688172043,183.88396
1993-02-28,644.0145502645503,251.50868
1993-03-31,508.1391875746714,296.60754
1993-04-30,506.9444444444444,419.4499
1993-05-31,598.1182795698925,663.25195
1993-06-30,734.9537037037037,1084.6958
1993-07-31,686.9772998805256,1809.1493
1993-08-31,745.9677419354839,1755.8275
1993-09-30,804.0123456790124,1308.9181
1993-10-31,611.9324970131422,1163.5042
1993-11-30,592.9783950617284,722.88367
1993-12-31,595.1314217443249,342.9326
1994-01-31,651.1350059737157,262.85593
1994-02-28,689.0707671957673,266.85355
1994-03-31,729.9133811230586,241.95796
1994-04-30,643.9043209876544,410.20648
1994-05-31,894.9372759856631,851.33826
1994-06-30,724.9228395061729,1256.5387
1994-07-31,583.9307048984468,1332.8225
1994-08-31,734.0203106332139,890.3906
1994-09-30,663.966049382716,1412.3811
1994-10-31,632.0937873357228,1486.4423
1994-11-30,599.9228395061729,710.3904
1994-12-31,703.0316606929509,310.38885
1995-01-31,704.8984468339307,181.51486
1995-02-28,689.8974867724869,183.07442
1995-03-31,636.9474313022699,323.79044
1995-04-30,430.1697530864197,454.63614
1995-05-31,589.15770609319,913.8671
1995-06-30,750.0000000000001,1226.0685
1995-07-31,716.0991636798088,1245.9983
1995-08-31,533.9008363201912,1512.4456
1995-09-30,609.9537037037037,1415.8617
1995-10-31,655.9886499402628,1155.6532
1995-11-30,621.9135802469136,694.18677
1995-12-31,344.0113500597371,423.36224
1996-01-31,464.82974910394273,304.3546
1996-02-29,502.0753512132823,291.58792
1996-03-31,455.86917562724017,326.0906
1996-04-30,330.0154320987654,457.79037
1996-05-31,529.0471923536439,1018.791
1996-06-30,520.8333333333334,1608.6189
1996-07-31,666.0692951015532,1260.8529
1996-08-31,661.9623655913979,1159.1284
1996-09-30,582.175925925926,1237.2524
1996-10-31,378.9575866188769,1228.095
1996-11-30,461.033950617284,725.6012
1996-12-31,486.857825567503,364.84802
1997-01-31,406.95937873357224,222.65123
1997-02-28,391.9890873015873,233.2788
1997-03-31,275.01493428912784,342.92142
1997-04-30,339.0046296296297,396.87842
1997-05-31,455.1224611708482,820.33386
1997-06-30,667.0524691358024,1260.5775
1997-07-31,527.9271206690562,1534.8967
1997-08-31,293.98148148148147,1103.7701
1997-09-30,474.9228395061728,1236.1079
1997-10-31,620.1463560334528,1177.5317
1997-11-30,532.0216049382716,699.3748
1997-12-31,424.1338112305854,349.89804
1998-01-31,387.91816009557937,233.00717
1998-02-28,342.01388888888886,240.82698
1998-03-31,331.989247311828,268.99084
1998-04-30,291.0108024691358,514.0212
1998-05-31,363.01523297491036,590.8841
1998-06-30,582.9475308641976,918.76776
1998-07-31,390.90501792114696,1193.9803
1998-08-31,417.04002389486254,1372.7465
1998-09-30,481.8672839506172,1782.0736
1998-10-31,529.0471923536439,1420.604
1998-11-30,498.070987654321,757.14197
1998-12-31,501.0454002389486,331.49124
1999-01-31,492.41935483870975,254.05434
1999-02-28,536.9642857142857,274.55124
1999-03-31,557.9032258064516,328.43677
1999-04-30,556.7333333333333,517.78455
1999-05-31,532.0967741935484,839.4218
1999-06-30,629.7666666666667,1860.6862
1999-07-31,574.7096774193549,2163.6086
1999-08-31,535.1612903225806,1263.2346
1999-09-30,616.1666666666666,1082.8486
1999-10-31,563.5483870967741,1349.5322
1999-11-30,571.0333333333333,861.91266
1999-12-31,579.6129032258065,377.74902
2000-01-31,620.5483870967743,251.5925
2000-02-29,571.5862068965517,235.11353
2000-03-31,515.0,272.03354
2000-04-30,650.8,361.69308
2000-05-31,622.2903225806451,582.3642
2000-06-30,532.7333333333333,954.7565
2000-07-31,587.0645161290323,1233.4305
2000-08-31,576.0967741935484,905.65857
2000-09-30,443.5,1214.7201
2000-10-31,552.4193548387096,1162.1696
2000-11-30,586.0666666666667,675.18854
2000-12-31,490.0322580645161,434.37338
2001-01-31,401.4516129032258,288.8657
2001-02-28,454.3928571428572,275.6871
2001-03-31,414.35483870967744,314.41275
2001-04-30,404.8333333333333,453.14886
2001-05-31,537.4516129032259,684.1415
2001-06-30,543.7666666666667,1272.4827
2001-07-31,549.1290322580645,1123.2032
2001-08-31,578.483870967742,842.6631
2001-09-30,449.2333333333333,1409.1224
2001-10-31,385.61290322580646,1479.3971
2001-11-30,620.5333333333333,782.8482
2001-12-31,583.0,359.17444
2002-01-31,357.96774193548384,213.0928
2002-02-28,323.07142857142856,267.64572
2002-03-31,424.5161290322581,277.4601
2002-04-30,465.50000000000006,408.252
2002-05-31,489.741935483871,559.15497
2002-06-30,366.33333333333326,1065.5796
2002-07-31,468.5806451612903,1273.3872
2002-08-31,521.3548387096774,886.76953
2002-09-30,496.1666666666667,969.7408
2002-10-31,720.0967741935483,884.38904
2002-11-30,608.1333333333333,602.43884
2002-12-31,461.6774193548387,320.24237
2003-01-31,318.4258064516129,194.61743
2003-02-28,184.1107142857143,188.76028
2003-03-31,214.9032258064516,175.64244
2003-04-30,362.6333333333334,227.72244
2003-05-31,358.0322580645161,483.14694
2003-06-30,392.79999999999995,821.4714
2003-07-31,433.5161290322581,1134.9172
2003-08-31,288.51612903225805,1390.1558
2003-09-30,360.9333333333332,1359.9801
2003-10-31,371.8387096774192,1386.6469
2003-11-30,456.7333333333333,736.6611
2003-12-31,381.06451612903226,287.38846
2004-01-31,404.7096774193548,236.95967
2004-02-29,466.9655172413793,166.01088
2004-03-31,484.8709677419355,269.86035
2004-04-30,437.0,331.6833
2004-05-31,451.741935483871,469.84293
2004-06-30,546.8,994.7171
2004-07-31,455.8064516129032,1270.1941
2004-08-31,429.7419354838709,1188.617
2004-09-30,397.6333333333333,1540.0555
2004-10-31,476.7096774193548,1556.2067
2004-11-30,468.3666666666667,684.75684
2004-12-31,469.9032258064516,301.10983
2005-01-31,487.7741935483871,209.57707
2005-02-28,360.2857142857142,199.19897
2005-03-31,446.48387096774195,250.13786
2005-04-30,486.33333333333326,436.93262
2005-05-31,510.51612903225805,764.81506
2005-06-30,492.06666666666666,1242.6682
2005-07-31,505.5806451612903,2302.4587
2005-08-31,490.51612903225816,1645.8955
2005-09-30,517.4,1372.4149
2005-10-31,699.9032258064516,1742.741
2005-11-30,542.0,917.3866
2005-12-31,509.1290322580645,405.18527
2006-01-31,413.9677419354838,264.55606
2006-02-28,425.3928571428573,271.84213
2006-03-31,656.483870967742,309.86142
2006-04-30,881.7666666666667,358.05698
2006-05-31,901.1612903225806,692.29565
2006-06-30,738.6333333333333,1217.7197
2006-07-31,832.7096774193549,1558.7161
2006-08-31,588.2258064516129,1117.8495
2006-09-30,454.03333333333336,1313.9567
2006-10-31,482.0967741935484,1408.3116
2006-11-30,487.63333333333327,672.7207
2006-12-31,470.87096774193554,388.42148
2007-01-31,479.99999999999994,235.7007
2007-02-28,496.5,253.3488
2007-03-31,518.9354838709677,310.28433
2007-04-30,635.2666666666667,423.5544
2007-05-31,687.1612903225807,644.2213
2007-06-30,798.0999999999999,1241.0498
2007-07-31,624.9677419354838,1751.3453
2007-08-31,771.8387096774194,1070.9309
2007-09-30,742.0333333333333,1165.9122
2007-10-31,436.45161290322585,1137.321
2007-11-30,447.46666666666664,811.5573
2007-12-31,471.774193548387,400.47137
2008-01-31,483.70967741935476,281.02176
2008-02-29,502.0,216.07005
2008-03-31,449.3225806451613,242.25803
2008-04-30,672.7,394.8532
2008-05-31,781.9032258064515,601.0555
2008-06-30,922.0666666666667,892.3429
2008-07-31,753.4838709677418,1358.203
2008-08-31,768.0000000000001,1349.2205
2008-09-30,591.5,1309.2694
2008-10-31,430.483870967742,1420.4243
2008-11-30,477.9333333333333,780.01154
2008-12-31,407.3225806451612,385.14688
2009-01-31,541.258064516129,253.35263
2009-02-28,585.5714285714286,283.63617
2009-03-31,534.6012903225807,317.4694
2009-04-30,898.5,436.5613
2009-05-31,890.741935483871,877.17236
2009-06-30,830.1,1481.9285
2009-07-31,594.0645161290323,2050.2537
2009-08-31,621.0322580645162,1664.706
2009-09-30,563.0666666666667,1534.5868
2009-10-31,602.3225806451613,1462.3126
2009-11-30,640.8999999999999,803.96185
2009-12-31,561.516129032258,420.5616
2010-01-31,531.5806451612904,318.6559
2010-02-28,459.5,291.19998
2010-03-31,527.3870967741935,294.67725
2010-04-30,878.9,330.87494
2010-05-31,943.741935483871,771.95184
2010-06-30,931.566666666667,1371.3921
2010-07-31,998.4193548387096,2135.7705
2010-08-31,1140.0,1138.9789
2010-09-30,803.5666666666667,1219.0931
2010-10-31,636.2903225806451,1089.5126
2010-11-30,588.9,593.84625
2010-12-31,605.3225806451613,308.0374
2011-01-31,583.4516129032259,213.26927
2011-02-28,333.03571428571433,212.8412
2011-03-31,617.0967741935484,197.63168
2011-04-30,822.8999999999999,357.77667
2011-05-31,850.7096774193549,453.8983
2011-06-30,645.6999999999999,791.04913
2011-07-31,619.3225806451613,1285.6917
2011-08-31,632.6129032258065,1157.638
2011-09-30,599.0666666666667,1214.7836
2011-10-31,550.4193548387096,1242.8269
2011-11-30,543.2,688.951
2011-12-31,589.4193548387096,336.9901
2012-01-31,534.0,246.08406
2012-02-29,506.55172413793116,197.59494
2012-03-31,469.03225806451616,259.92038
2012-04-30,606.9,335.7288
2012-05-31,840.8064516129032,689.17096
2012-06-30,831.6666666666666,965.0763
2012-07-31,1009.6129032258063,1675.1943
2012-08-31,1457.7096774193549,1632.3802
2012-09-30,916.2666666666668,1201.3256
2012-10-31,808.741935483871,1141.067
2012-11-30,704.9666666666666,648.4855
2012-12-31,572.7741935483871,359.8214
2013-01-31,642.4516129032259,207.83849
2013-02-28,519.1071428571429,226.43683
2013-03-31,614.5483870967741,232.69429
2013-04-30,755.1333333333333,279.04364
2013-05-31,827.5483870967741,525.9302
2013-06-30,782.6,829.00244
2013-07-31,707.4516129032259,1671.1023
2013-08-31,781.741935483871,1146.5314
2013-09-30,656.4333333333333,927.44275
2013-10-31,575.483870967742,948.2934
2013-11-30,662.7333333333333,636.3194
2013-12-31,561.9354838709677,324.07974
2014-01-31,555.483870967742,235.29785
2014-02-28,457.6071428571428,186.1898
2014-03-31,526.2258064516129,303.78778
2014-04-30,453.6666666666667,341.72696
2014-05-31,600.0322580645161,520.963
2014-06-30,650.8333333333334,1072.1963
2014-07-31,686.1612903225806,1439.3198
2014-08-31,729.0967741935484,1348.1971
2014-09-30,722.7666666666667,1679.052
2014-10-31,566.9032258064516,1431.708
2014-11-30,613.7333333333333,584.81024
2014-12-31,520.258064516129,315.77866
2015-01-31,462.8709677419355,257.46613
2015-02-28,450.7142857142857,213.82971
2015-03-31,565.0,267.63123
2015-04-30,544.1666666666666,290.3442
2015-05-31,574.2258064516129,531.2946
2015-06-30,551.3,922.47986
2015-07-31,748.1612903225806,1329.2476
2015-08-31,659.8064516129032,763.7962
2015-09-30,574.3333333333334,1165.0667
2015-10-31,530.6129032258065,1259.027
2015-11-30,551.6333333333333,709.1961
2015-12-31,447.61290322580646,376.67715
2016-01-31,466.7419354838709,201.48615
2016-02-29,437.86206896551727,180.47374
2016-03-31,522.4516129032259,265.83105
2016-04-30,461.2333333333333,408.99112
2016-05-31,531.1935483870968,546.7257
2016-06-30,482.3333333333333,661.46765
2016-07-31,639.0645161290323,976.97687
2016-08-31,447.4193548387097,768.95197
2016-09-30,300.43333333333334,920.24554
2016-10-31,336.3870967741935,1168.9098
2016-11-30,349.3333333333333,757.629
2016-12-31,274.96774193548384,399.32892
2017-01-31,308.93548387096774,259.16595
2017-02-28,380.6071428571427,247.8938
2017-03-31,425.258064516129,241.33568
2017-04-30,447.1,326.26193
2017-05-31,497.8709677419355,577.01294
2017-06-30,501.1000000000001,1097.6532
2017-07-31,588.258064516129,1070.202
2017-08-31,487.7741935483871,773.41986
2017-09-30,408.23333333333335,1766.1517
2017-10-31,395.3870967741936,1647.7671
2017-11-30,438.1333333333333,850.28455
2017-12-31,465.6774193548387,376.4015
2018-01-31,438.93548387096763,233.75034
2018-02-28,405.3571428571427,271.32587
2018-03-31,447.7096774193549,330.50092
2018-04-30,645.2666666666667,442.0263
2018-05-31,843.290322580645,693.663
2018-06-30,974.5666666666668,1053.2136
2018-07-31,1152.483870967742,1405.9225
2018-08-31,1005.9354838709675,1035.0886
2018-09-30,1700.6333333333334,1756.4745
2018-10-31,1071.6129032258063,1495.4359
2018-11-30,566.3666666666667,694.4174
2018-12-31,548.8709677419355,343.0498
2019-01-31,438.94,246.47412
2019-02-28,405.36,272.78604
2019-03-31,447.71,271.4822
2019-04-30,645.27,472.94138
2019-05-31,843.2900000000001,634.49915
2019-06-30,974.5700000000002,1161.5757
2019-07-31,1152.48,1558.3015
2019-08-31,1005.9400000000002,1209.8408
2019-09-30,1700.63,1917.7355
2019-10-31,1071.61,1593.2919
2019-11-30,566.37,795.2503
2019-12-31,548.87,314.58557
