date,flow_{t+1},E-CNN
1961-01-31,173.01373954599762,263.46304
1961-02-28,167.989417989418,254.53198
1961-03-31,241.0020908004779,276.9531
1961-04-30,476.8518518518519,433.55936
1961-05-31,673.9097968936678,675.00824
1961-06-30,834.104938271605,735.2115
1961-07-31,1699.895459976105,1603.8005
1961-08-31,1099.910394265233,1188.4274
1961-09-30,1079.861111111111,1138.8263
1961-10-31,1310.110513739546,1429.6135
1961-11-30,755.0154320987655,746.5919
1961-12-31,286.9997013142174,339.33148
1962-01-31,196.01254480286727,293.92007
1962-02-28,192.00562169312167,290.81744
1962-03-31,205.01045400238948,317.31564
1962-04-30,398.1481481481481,363.9432
1962-05-31,576.836917562724,658.457
1962-06-30,1140.0462962962963,1118.3705
1962-07-31,1490.068697729988,1486.4918
1962-08-31,1239.9193548387098,1213.008
1962-09-30,694.8302469135804,743.0547
1962-10-31,732.1535244922342,790.9878
1962-11-30,456.0185185185184,509.21814
1962-12-31,214.00836320191158,314.9838
1963-01-31,141.98775388291517,256.9482
1963-02-28,137.97949735449737,287.54657
1963-03-31,212.32078853046602,311.24374
1963-04-30,283.9891975308642,344.09338
1963-05-31,467.81660692951016,447.2795
1963-06-30,675.1543209876543,612.11676
1963-07-31,1519.937275985663,1478.9
1963-08-31,1199.9701314217443,1262.8235
1963-09-30,2219.9074074074074,2204.0168
1963-10-31,1630.077658303465,1646.9583
1963-11-30,574.8456790123457,621.6395
1963-12-31,266.9877538829152,315.0338
1964-01-31,202.99432497013143,301.71762
1964-02-29,191.01213282247764,267.2475
1964-03-31,251.00806451612902,304.62894
1964-04-30,405.0925925925926,347.8996
1964-05-31,585.0507765830347,535.8616
1964-06-30,623.8425925925927,626.656
1964-07-31,1810.0358422939069,1737.3522
1964-08-31,1410.1702508960575,1395.3186
1964-09-30,1410.1080246913575,1415.7585
1964-10-31,1249.9999999999998,1249.2964
1964-11-30,584.8765432098766,609.6571
1964-12-31,275.01493428912784,333.58725
1965-01-31,197.99133811230587,264.84985
1965-02-28,207.010582010582,264.8224
1965-03-31,227.0011947431302,329.45328
1965-04-30,349.99999999999994,371.916
1965-05-31,586.9175627240144,561.51575
1965-06-30,866.1265432098766,951.0596
1965-07-31,1500.1493428912784,1511.8893
1965-08-31,794.1308243727599,923.14526
1965-09-30,996.141975308642,1024.5144
1965-10-31,823.9994026284348,816.2571
1965-11-30,417.0524691358024,435.87238
1965-12-31,213.00029868578244,295.9914
1966-01-31,173.98446833930706,251.05594
1966-02-28,166.9973544973545,258.44135
1966-03-31,227.0011947431302,282.29813
1966-04-30,310.9953703703704,351.71936
1966-05-31,368.01821983273584,461.1539
1966-06-30,447.91666666666663,504.21457
1966-07-31,1049.8805256869773,1164.97
1966-08-31,1749.925328554361,1714.5687
1966-09-30,2010.030864197531,1994.153
1966-10-31,1440.0388291517324,1327.3175
1966-11-30,601.8518518518518,613.26935
1966-12-31,285.9916367980884,299.76346
1967-01-31,206.0185185185185,265.83127
1967-02-28,192.9976851851852,267.97256
1967-03-31,249.77598566308242,320.98447
1967-04-30,347.9938271604938,398.1866
1967-05-31,1109.9910394265232,1029.7109
1967-06-30,1170.138888888889,1142.8665
1967-07-31,1969.832735961768,2011.7789
1967-08-31,1649.8655913978494,1528.5383
1967-09-30,2359.953703703704,2504.987
1967-10-31,1540.0985663082438,1425.9274
1967-11-30,812.1141975308642,717.6144
1967-12-31,353.0092592592592,339.57196
1968-01-31,255.0029868578256,296.24347
1968-02-29,229.00702426564496,307.71814
1968-03-31,307.0116487455198,337.8134
1968-04-30,500.0,438.50012
1968-05-31,1189.889486260454,1140.3865
1968-06-30,1160.108024691358,1126.3458
1968-07-31,1419.8775388291515,1481.5596
1968-08-31,974.8357228195937,970.85754
1968-09-30,2040.123456790124,2061.8425
1968-10-31,1220.131421744325,1203.5109
1968-11-30,562.8858024691358,646.50714
1968-12-31,315.00149342891274,324.41916
1969-01-31,234.99103942652332,279.74054
1969-02-28,209.9867724867725,287.9501
1969-03-31,252.98685782556748,325.722
1969-04-30,331.01851851851853,385.87558
1969-05-31,510.0059737156512,559.5917
1969-06-30,650.0771604938273,675.2431
1969-07-31,1130.152329749104,1137.3031
1969-08-31,793.0107526881719,926.7863
1969-09-30,709.104938271605,738.4441
1969-10-31,841.173835125448,773.55096
1969-11-30,381.0185185185185,426.28732
1969-12-31,190.0014934289128,291.35745
1970-01-31,147.9988052568698,254.81322
1970-02-28,145.99867724867724,245.085
1970-03-31,188.9934289127837,282.91888
1970-04-30,367.01388888888886,397.9234
1970-05-31,558.1690561529272,485.90054
1970-06-30,672.067901234568,674.96893
1970-07-31,726.926523297491,698.72424
1970-08-31,1180.1821983273596,1162.4329
1970-09-30,569.0586419753087,646.0034
1970-10-31,614.1726403823178,691.647
1970-11-30,348.9969135802469,397.15613
1970-12-31,177.00866188769413,284.80655
1971-01-31,139.00089605734766,256.38184
1971-02-28,135.0033068783069,238.05127
1971-03-31,201.0155316606929,294.42838
1971-04-30,335.9953703703703,351.9091
1971-05-31,486.857825567503,503.12143
1971-06-30,638.8888888888888,681.62555
1971-07-31,719.8327359617682,714.08417
1971-08-31,638.0675029868578,736.5872
1971-09-30,1329.861111111111,1347.2991
1971-10-31,1799.9551971326161,1742.2203
1971-11-30,721.0648148148149,687.06384
1971-12-31,308.9904420549582,311.42874
1972-01-31,214.00836320191158,274.0725
1972-02-29,214.00063856960412,262.5191
1972-03-31,284.98357228195937,304.00586
1972-04-30,440.97222222222223,393.51736
1972-05-31,723.9396654719235,630.0841
1972-06-30,1069.83024691358,1019.72107
1972-07-31,1910.0955794504187,1890.6599
1972-08-31,1059.9611708482676,1008.64795
1972-09-30,775.8487654320987,759.6867
1972-10-31,658.9755077658302,669.09955
1972-11-30,364.00462962962956,391.89456
1972-12-31,213.00029868578244,303.75146
1973-01-31,174.99253285543608,245.26274
1973-02-28,176.00859788359787,266.0801
1973-03-31,227.0011947431302,294.7885
1973-04-30,293.98148148148147,357.50595
1973-05-31,564.1427718040621,505.55737
1973-06-30,1050.1543209876545,980.9538
1973-07-31,919.9522102747909,924.3702
1973-08-31,897.1774193548385,922.53644
1973-09-30,1020.0617283950618,1078.8441
1973-10-31,1040.1732377538829,1048.0415
1973-11-30,535.8796296296297,590.068
1973-12-31,246.00507765830343,300.14157
1974-01-31,168.01075268817203,261.68304
1974-02-28,175.01653439153438,247.175
1974-03-31,219.98207885304657,284.8259
1974-04-30,305.0154320987654,378.19556
1974-05-31,486.857825567503,464.32828
1974-06-30,910.8796296296296,918.91595
1974-07-31,896.0573476702509,893.3857
1974-08-31,999.8506571087216,1004.67413
1974-09-30,1359.9537037037037,1431.7892
1974-10-31,956.1678614097968,982.32495
1974-11-30,589.891975308642,614.84424
1974-12-31,278.0017921146953,331.9131
1975-01-31,178.9874551971326,270.87372
1975-02-28,183.98644179894177,248.66661
1975-03-31,233.9829749103942,309.74078
1975-04-30,316.01080246913585,383.54007
1975-05-31,683.9904420549582,650.14557
1975-06-30,1140.0462962962963,1164.1866
1975-07-31,2230.0627240143367,2228.0037
1975-08-31,1829.823775388292,1718.6711
1975-09-30,1689.814814814815,1818.1595
1975-10-31,1960.1254480286736,1880.2893
1975-11-30,881.9444444444445,800.48785
1975-12-31,354.01732377538826,337.5693
1976-01-31,239.99402628434885,290.11273
1976-02-29,242.0178799489144,288.09744
1976-03-31,321.98327359617684,326.01974
1976-04-30,449.84567901234567,489.4802
1976-05-31,636.9474313022699,700.1609
1976-06-30,1170.138888888889,1098.8643
1976-07-31,1469.9074074074072,1419.0172
1976-08-31,1920.1762246117084,1776.3876
1976-09-30,2000.0,1993.2432
1976-10-31,1089.8297491039427,1082.3824
1976-11-30,523.9197530864197,539.9464
1976-12-31,289.98655913978496,317.63388
1977-01-31,214.00836320191158,285.05237
1977-02-28,204.98511904761904,264.4327
1977-03-31,293.01075268817203,333.83163
1977-04-30,606.8672839506173,590.8261
1977-05-31,860.9617682198326,824.3561
1977-06-30,966.820987654321,985.9106
1977-07-31,800.8512544802867,787.9306
1977-08-31,711.9922341696536,710.9717
1977-09-30,658.9506172839506,687.8911
1977-10-31,539.8745519713261,617.39154
1977-11-30,333.9891975308642,344.74924
1977-12-31,188.9934289127837,290.33594
1978-01-31,127.01612903225806,255.13063
1978-02-28,141.0094246031746,236.6693
1978-03-31,196.01254480286727,283.67258
1978-04-30,467.9783950617284,446.94626
1978-05-31,551.0752688172043,530.70135
1978-06-30,760.0308641975308,668.7713
1978-07-31,568.9964157706094,692.3427
1978-08-31,1070.041816009558,1074.0905
1978-09-30,1760.0308641975307,1783.7374
1978-10-31,1020.0119474313024,1047.3579
1978-11-30,523.9197530864197,616.9873
1978-12-31,256.0110513739546,300.90585
1979-01-31,193.99641577060933,269.94122
1979-02-28,178.98478835978835,250.30257
1979-03-31,220.99014336917563,284.42264
1979-04-30,390.81790123456796,386.85284
1979-05-31,402.8524492234169,456.719
1979-06-30,466.04938271604937,474.24655
1979-07-31,1109.9910394265232,1186.2882
1979-08-31,1739.8446833930702,1624.8608
1979-09-30,1680.1697530864203,1652.1945
1979-10-31,965.1284348864993,1025.4102
1979-11-30,440.97222222222223,470.34274
1979-12-31,248.9919354838709,292.92682
1980-01-31,173.98446833930706,245.74617
1980-02-29,172.01468710089398,236.95094
1980-03-31,237.00716845878136,291.63647
1980-04-30,328.0092592592593,334.8839
1980-05-31,362.0071684587813,368.65237
1980-06-30,618.8271604938271,713.6561
1980-07-31,1350.0597371565111,1381.8973
1980-08-31,949.0740740740739,949.4404
1980-09-30,1390.0462962962963,1450.2345
1980-10-31,1130.152329749104,1257.8406
1980-11-30,494.98456790123464,632.1512
1980-12-31,221.99820788530468,311.24744
1981-01-31,173.01373954599762,252.38579
1981-02-28,173.98313492063488,260.83072
1981-03-31,223.00627240143373,288.24722
1981-04-30,341.0108024691358,367.19922
1981-05-31,583.9307048984468,495.5751
1981-06-30,1060.1851851851852,1120.2642
1981-07-31,1640.1583034647551,1584.541
1981-08-31,1059.9611708482676,1049.2468
1981-09-30,3469.9074074074074,3368.2324
1981-10-31,1680.1075268817203,1664.2582
1981-11-30,714.891975308642,710.8065
1981-12-31,352.00119474313027,332.69406
1982-01-31,251.00806451612902,285.2318
1982-02-28,250.9920634920635,278.87952
1982-03-31,285.9916367980884,313.3049
1982-04-30,395.8333333333333,397.9221
1982-05-31,850.1344086021505,710.8497
1982-06-30,1514.6604938271605,1375.2509
1982-07-31,1749.925328554361,1757.1813
1982-08-31,1059.9611708482676,1005.57635
1982-09-30,1650.0771604938273,1655.4586
1982-10-31,1649.8655913978494,1667.0974
1982-11-30,697.145061728395,691.906
1982-12-31,326.0155316606929,322.8923
1983-01-31,233.9829749103942,293.54132
1983-02-28,215.9804894179894,278.05255
1983-03-31,251.00806451612902,297.85233
1983-04-30,476.08024691358025,355.79843
1983-05-31,872.1624850657109,603.71344
1983-06-30,1209.8765432098764,685.3632
1983-07-31,2529.8685782556754,1640.7638
1983-08-31,1789.874551971326,1463.906
1983-09-30,1099.9228395061727,754.22565
1983-10-31,1960.1254480286736,1248.0159
1983-11-30,912.8086419753087,691.4106
1983-12-31,579.8237753882916,327.36542
1984-01-31,275.98566308243727,289.48535
1984-02-29,283.0060664112388,272.30972
1984-03-31,326.9862604540023,325.27002
1984-04-30,444.05864197530866,440.0603
1984-05-31,520.0866188769414,691.35736
1984-06-30,1060.1851851851852,1065.966
1984-07-31,2460.050776583035,1974.5323
1984-08-31,1479.9880525686976,2068.0615
1984-09-30,834.8765432098766,800.70996
1984-10-31,893.0704898446834,1156.832
1984-11-30,520.0617283950618,656.82477
1984-12-31,280.0179211469534,330.44983
1985-01-31,207.997311827957,245.28336
1985-02-28,177.99272486772486,289.9016
1985-03-31,233.9829749103942,330.3805
1985-04-30,356.983024691358,524.81067
1985-05-31,452.1356033452808,855.9404
1985-06-30,665.1234567901233,977.9568
1985-07-31,1249.9999999999998,1634.7338
1985-08-31,980.0627240143368,1867.9893
1985-09-30,2449.845679012345,2279.8867
1985-10-31,1170.1015531660694,1404.6632
1985-11-30,508.87345679012344,671.41876
1985-12-31,270.98267622461174,315.54898
1986-01-31,205.01045400238948,308.30826
1986-02-28,192.00562169312167,283.40356
1986-03-31,238.98596176821985,348.936
1986-04-30,356.983024691358,615.9933
1986-05-31,829.9731182795699,829.8177
1986-06-30,1109.9537037037037,1075.7223
1986-07-31,1680.1075268817203,1738.8025
1986-08-31,719.8327359617682,974.4202
1986-09-30,1060.1851851851852,1203.361
1986-10-31,369.99701314217435,992.7753
1986-11-30,311.50327932098764,460.74774
1986-12-31,184.44941009557945,293.49408
1987-01-31,122.40882616487457,263.99435
1987-02-28,344.99007936507934,288.81335
1987-03-31,627.9868578255675,309.21246
1987-04-30,373.9969135802469,434.2532
1987-05-31,433.09438470728793,653.46936
1987-06-30,587.5771604938271,548.9103
1987-07-31,816.1589008363202,1465.2886
1987-08-31,619.0262843488649,1007.2647
1987-09-30,318.016975308642,717.68976
1987-10-31,244.99701314217444,706.0249
1987-11-30,233.9891975308642,443.9163
1987-12-31,417.0400238948626,305.3803
1988-01-31,332.997311827957,262.91446
1988-02-29,429.83716475095787,290.14072
1988-03-31,502.9121863799283,313.07697
1988-04-30,348.9969135802469,416.18036
1988-05-31,443.17502986857824,976.7431
1988-06-30,834.104938271605,1001.0693
1988-07-31,701.9115890083632,884.2516
1988-08-31,1780.1672640382317,1060.6127
1988-09-30,616.8981481481482,722.72833
1988-10-31,620.1463560334528,1308.26
1988-11-30,567.1296296296297,1168.768
1988-12-31,536.1409796893668,377.18408
1989-01-31,666.0692951015532,318.11176
1989-02-28,467.09656084656086,341.35428
1989-03-31,477.1505376344086,367.02798
1989-04-30,451.00308641975306,614.48755
1989-05-31,672.0430107526881,716.388
1989-06-30,711.033950617284,1437.9642
1989-07-31,918.8321385902032,891.36566
1989-08-31,710.8721624850657,773.44165
1989-09-30,1706.4043209876545,773.44165
1989-10-31,760.1553166069295,709.09
1989-11-30,528.9351851851852,459.24084
1989-12-31,452.8823178016726,485.30386
1990-01-31,635.0806451612904,179.45567
1990-02-28,660.135582010582,445.93115
1990-03-31,679.8835125448029,615.32886
1990-04-30,662.8086419753087,829.0181
1990-05-31,1040.1732377538829,797.3213
1990-06-30,900.8487654320988,773.44165
1990-07-31,710.1254480286739,2093.0288
1990-08-31,618.279569892473,1506.8816
1990-09-30,638.8888888888888,1942.2137
1990-10-31,586.1708482676224,1386.7573
1990-11-30,520.0617283950618,707.26984
1990-12-31,617.1594982078853,335.0506
1991-01-31,604.0919952210274,288.81973
1991-02-28,574.156746031746,299.03915
1991-03-31,614.1726403823178,322.76257
1991-04-30,518.1327160493827,369.56653
1991-05-31,582.0639187574671,591.3222
1991-06-30,724.1512345679013,880.31287
1991-07-31,823.9994026284348,1410.9495
1991-08-31,869.9223416965351,1160.3635
1991-09-30,579.0895061728395,1710.3679
1991-10-31,552.942054958184,1383.0618
1991-11-30,731.0956790123457,823.99365
1991-12-31,341.9952210274791,328.31305
1992-01-31,678.0167264038232,298.11633
1992-02-29,399.90421455938696,275.52893
1992-03-31,359.9910394265233,307.0596
1992-04-30,400.07716049382714,469.09174
1992-05-31,548.8351254480286,735.79425
1992-06-30,710.6481481481483,1243.3424
1992-07-31,616.0394265232975,2063.9253
1992-08-31,582.0639187574671,1793.7109
1992-09-30,368.9814814814815,1537.5198
1992-10-31,241.0020908004779,1274.2177
1992-11-30,542.824074074074,669.1902
1992-12-31,691.8309438470728,315.47842
1993-01-31,551.0752688172043,270.61917
1993-02-28,644.0145502645503,278.75214
1993-03-31,508.1391875746714,347.19778
1993-04-30,506.94444444444446,555.8341
1993-05-31,598.1182795698925,748.2223
1993-06-30,734.9537037037037,1184.3229
1993-07-31,686.9772998805256,1751.6594
1993-08-31,745.9677419354839,1774.4471
1993-09-30,804.0123456790124,1372.3053
1993-10-31,611.9324970131422,1161.5023
1993-11-30,592.9783950617284,560.0674
1993-12-31,595.1314217443249,319.6263
1994-01-31,651.1350059737157,252.80606
1994-02-28,689.0707671957673,289.55646
1994-03-31,729.9133811230586,323.41025
1994-04-30,643.9043209876544,574.88477
1994-05-31,894.937275985663,1044.7267
1994-06-30,724.9228395061729,1299.2046
1994-07-31,583.9307048984468,1789.7823
1994-08-31,734.0203106332139,1817.4381
1994-09-30,663.966049382716,1546.7765
1994-10-31,632.0937873357228,1233.3951
1994-11-30,599.9228395061729,908.5177
1994-12-31,703.0316606929509,334.67346
1995-01-31,704.8984468339307,311.37775
1995-02-28,689.8974867724869,331.134
1995-03-31,636.9474313022699,360.91504
1995-04-30,430.1697530864198,649.09784
1995-05-31,589.15770609319,1149.6874
1995-06-30,750.0000000000001,1007.5404
1995-07-31,716.0991636798088,773.44165
1995-08-31,533.9008363201912,1489.7882
1995-09-30,609.9537037037037,1188.1755
1995-10-31,655.9886499402628,803.38544
1995-11-30,621.9135802469136,646.76434
1995-12-31,344.0113500597371,323.9055
1996-01-31,464.8297491039426,329.3236
1996-02-29,502.0753512132823,332.81882
1996-03-31,455.86917562724017,415.6658
1996-04-30,330.0154320987654,740.25055
1996-05-31,529.0471923536439,1097.1007
1996-06-30,520.8333333333334,1146.4774
1996-07-31,666.0692951015532,1427.746
1996-08-31,661.9623655913979,1825.7928
1996-09-30,582.175925925926,1146.6267
1996-10-31,378.9575866188769,1040.8413
1996-11-30,461.033950617284,706.0253
1996-12-31,486.857825567503,337.44656
1997-01-31,406.9593787335723,337.52283
1997-02-28,391.98908730158723,353.39603
1997-03-31,275.01493428912784,447.3183
1997-04-30,339.0046296296297,701.1666
1997-05-31,455.12246117084834,874.23224
1997-06-30,667.0524691358024,1273.553
1997-07-31,527.9271206690562,1944.3037
1997-08-31,293.98148148148147,1463.8129
1997-09-30,474.92283950617286,1396.6124
1997-10-31,620.1463560334528,1114.8289
1997-11-30,532.0216049382716,672.8723
1997-12-31,424.1338112305855,322.9212
1998-01-31,387.9181600955794,268.11996
1998-02-28,342.01388888888886,307.32028
1998-03-31,331.989247311828,332.02844
1998-04-30,291.0108024691358,551.24774
1998-05-31,363.01523297491036,673.90594
1998-06-30,582.9475308641976,1055.8641
1998-07-31,390.905017921147,1543.3031
1998-08-31,417.0400238948626,1609.104
1998-09-30,481.86728395061726,1971.1515
1998-10-31,529.0471923536439,1341.1681
1998-11-30,498.070987654321,669.09485
1998-12-31,501.04540023894856,326.63654
1999-01-31,492.4193548387097,265.94513
1999-02-28,536.9642857142857,271.10107
1999-03-31,557.9032258064516,330.9884
1999-04-30,556.7333333333333,558.9201
1999-05-31,532.0967741935484,694.9546
1999-06-30,629.7666666666667,1167.7894
1999-07-31,574.7096774193549,2068.3362
1999-08-31,535.1612903225806,1477.597
1999-09-30,616.1666666666666,786.79974
1999-10-31,563.5483870967741,665.5629
1999-11-30,571.0333333333333,522.49475
1999-12-31,579.6129032258065,316.56522
2000-01-31,620.5483870967743,237.52275
2000-02-29,571.5862068965517,296.18503
2000-03-31,515.0,315.70697
2000-04-30,650.8,555.0278
2000-05-31,622.2903225806451,701.7351
2000-06-30,532.7333333333333,1060.0214
2000-07-31,587.0645161290323,1574.8918
2000-08-31,576.0967741935484,1251.5358
2000-09-30,443.5,1362.6298
2000-10-31,552.4193548387096,950.39703
2000-11-30,586.0666666666667,642.2827
2000-12-31,490.03225806451616,333.88318
2001-01-31,401.4516129032258,277.20038
2001-02-28,454.3928571428572,292.63162
2001-03-31,414.3548387096774,325.4075
2001-04-30,404.8333333333333,535.64435
2001-05-31,537.4516129032259,672.7378
2001-06-30,543.7666666666667,1126.276
2001-07-31,549.1290322580645,1662.6552
2001-08-31,578.483870967742,1048.6891
2001-09-30,449.23333333333335,1311.4231
2001-10-31,385.61290322580646,2087.9744
2001-11-30,620.5333333333333,1038.7865
2001-12-31,583.0,335.12857
2002-01-31,357.9677419354839,290.14856
2002-02-28,323.07142857142856,272.3899
2002-03-31,424.5161290322581,315.17468
2002-04-30,465.49999999999994,368.7506
2002-05-31,489.741935483871,589.00024
2002-06-30,366.33333333333326,898.1844
2002-07-31,468.58064516129025,1573.7935
2002-08-31,521.3548387096774,1060.93
2002-09-30,496.1666666666667,972.3254
2002-10-31,720.0967741935483,823.3043
2002-11-30,608.1333333333333,545.97156
2002-12-31,461.6774193548388,314.8661
2003-01-31,318.4258064516129,250.34999
2003-02-28,184.1107142857143,279.13242
2003-03-31,214.9032258064516,297.76505
2003-04-30,362.6333333333334,327.40524
2003-05-31,358.03225806451616,578.52405
2003-06-30,392.8,1014.41547
2003-07-31,433.5161290322581,1059.9961
2003-08-31,288.51612903225805,1193.2354
2003-09-30,360.9333333333332,1482.2655
2003-10-31,371.8387096774193,1551.7233
2003-11-30,456.73333333333335,713.86664
2003-12-31,381.0645161290322,315.1686
2004-01-31,404.7096774193548,282.54092
2004-02-29,466.96551724137936,277.20755
2004-03-31,484.8709677419355,306.19894
2004-04-30,437.00000000000006,379.17822
2004-05-31,451.74193548387103,545.2307
2004-06-30,546.8,900.8676
2004-07-31,455.8064516129032,1177.5184
2004-08-31,429.741935483871,1017.69653
2004-09-30,397.6333333333333,1933.1952
2004-10-31,476.7096774193548,1678.028
2004-11-30,468.3666666666667,734.2715
2004-12-31,469.9032258064516,315.92032
2005-01-31,487.7741935483871,286.76678
2005-02-28,360.2857142857142,268.3248
2005-03-31,446.48387096774195,318.85068
2005-04-30,486.3333333333333,429.60077
2005-05-31,510.51612903225805,708.4139
2005-06-30,492.06666666666666,1091.7996
2005-07-31,505.5806451612903,2265.71
2005-08-31,490.5161290322581,1453.4937
2005-09-30,517.4,1248.0168
2005-10-31,699.9032258064516,1237.3047
2005-11-30,542.0,637.3509
2005-12-31,509.1290322580645,324.46948
2006-01-31,413.96774193548384,248.79996
2006-02-28,425.3928571428572,331.51633
2006-03-31,656.483870967742,352.41888
2006-04-30,881.7666666666667,528.8647
2006-05-31,901.1612903225807,1003.82733
2006-06-30,738.6333333333333,1294.2727
2006-07-31,832.7096774193549,1974.0807
2006-08-31,588.2258064516129,1443.6708
2006-09-30,454.03333333333336,1527.5634
2006-10-31,482.0967741935484,1398.436
2006-11-30,487.6333333333333,660.37744
2006-12-31,470.87096774193543,329.4407
2007-01-31,479.99999999999994,284.92236
2007-02-28,496.49999999999994,270.12006
2007-03-31,518.9354838709677,325.7544
2007-04-30,635.2666666666667,364.8989
2007-05-31,687.1612903225807,495.63065
2007-06-30,798.0999999999999,760.0996
2007-07-31,624.9677419354838,1215.259
2007-08-31,771.8387096774194,1117.5013
2007-09-30,742.0333333333333,1020.27356
2007-10-31,436.4516129032258,850.6684
2007-11-30,447.4666666666666,438.74908
2007-12-31,471.774193548387,293.5448
2008-01-31,483.7096774193548,264.10294
2008-02-29,502.0,291.18268
2008-03-31,449.3225806451613,311.2009
2008-04-30,672.7,726.60443
2008-05-31,781.9032258064515,637.7666
2008-06-30,922.0666666666668,910.60944
2008-07-31,753.4838709677418,1742.6154
2008-08-31,768.0000000000001,1711.273
2008-09-30,591.5,1780.7401
2008-10-31,430.48387096774206,1674.206
2008-11-30,477.9333333333333,714.05505
2008-12-31,407.3225806451612,327.8791
2009-01-31,541.258064516129,283.0256
2009-02-28,585.5714285714286,272.1646
2009-03-31,534.6012903225807,333.1007
2009-04-30,898.5,460.60727
2009-05-31,890.741935483871,863.7264
2009-06-30,830.1,1153.7944
2009-07-31,594.0645161290323,2087.932
2009-08-31,621.0322580645162,1466.5872
2009-09-30,563.0666666666667,1304.351
2009-10-31,602.3225806451613,979.05133
2009-11-30,640.8999999999999,606.5341
2009-12-31,561.516129032258,339.9894
2010-01-31,531.5806451612904,269.45892
2010-02-28,459.50000000000006,322.54196
2010-03-31,527.3870967741935,378.24625
2010-04-30,878.9,506.23184
2010-05-31,943.741935483871,917.585
2010-06-30,931.5666666666668,1275.3596
2010-07-31,998.4193548387096,2388.4944
2010-08-31,1140.0,1392.2095
2010-09-30,803.5666666666667,1079.3241
2010-10-31,636.2903225806451,862.74634
2010-11-30,588.9,496.8029
2010-12-31,605.3225806451613,333.4196
2011-01-31,583.4516129032259,270.7446
2011-02-28,333.03571428571433,268.44214
2011-03-31,617.0967741935484,346.2204
2011-04-30,822.8999999999999,392.9101
2011-05-31,850.7096774193549,455.31967
2011-06-30,645.6999999999999,806.52313
2011-07-31,619.3225806451613,1208.1482
2011-08-31,632.6129032258065,885.9705
2011-09-30,599.0666666666667,1328.9017
2011-10-31,550.4193548387096,1524.301
2011-11-30,543.2,626.4238
2011-12-31,589.4193548387096,307.40375
2012-01-31,534.0,266.5417
2012-02-29,506.55172413793105,241.98056
2012-03-31,469.03225806451616,303.68402
2012-04-30,606.9,450.0621
2012-05-31,840.8064516129032,717.9773
2012-06-30,831.6666666666666,1059.5597
2012-07-31,1009.6129032258062,2005.1602
2012-08-31,1457.7096774193549,2038.0543
2012-09-30,916.2666666666668,1539.2709
2012-10-31,808.741935483871,1108.554
2012-11-30,704.9666666666666,641.2206
2012-12-31,572.7741935483871,323.46436
2013-01-31,642.4516129032259,272.14883
2013-02-28,519.1071428571429,260.10165
2013-03-31,614.5483870967741,381.8808
2013-04-30,755.1333333333333,392.22433
2013-05-31,827.5483870967741,550.8018
2013-06-30,782.6,1062.8108
2013-07-31,707.4516129032259,1405.0605
2013-08-31,781.741935483871,1004.8433
2013-09-30,656.4333333333333,870.25995
2013-10-31,575.483870967742,716.97784
2013-11-30,662.7333333333333,484.8456
2013-12-31,561.9354838709677,313.73877
2014-01-31,555.483870967742,245.23463
2014-02-28,457.6071428571428,276.46832
2014-03-31,526.2258064516129,327.26883
2014-04-30,453.66666666666674,450.72192
2014-05-31,600.0322580645161,668.87463
2014-06-30,650.8333333333334,1144.2056
2014-07-31,686.1612903225806,1919.7244
2014-08-31,729.0967741935484,1683.0055
2014-09-30,722.7666666666667,1977.2449
2014-10-31,566.9032258064516,1420.8164
2014-11-30,613.7333333333333,643.35547
2014-12-31,520.258064516129,328.72162
2015-01-31,462.87096774193554,271.28467
2015-02-28,450.7142857142857,278.68558
2015-03-31,565.0,333.036
2015-04-30,544.1666666666666,402.48407
2015-05-31,574.2258064516129,488.4817
2015-06-30,551.3,952.04236
2015-07-31,748.1612903225806,1411.4291
2015-08-31,659.8064516129032,880.5509
2015-09-30,574.3333333333334,894.38385
2015-10-31,530.6129032258065,1395.6334
2015-11-30,551.6333333333333,612.8012
2015-12-31,447.61290322580646,317.62982
2016-01-31,466.741935483871,278.8912
2016-02-29,437.86206896551727,277.2282
2016-03-31,522.4516129032259,284.9722
2016-04-30,461.23333333333335,355.03482
2016-05-31,531.1935483870968,538.8389
2016-06-30,482.3333333333333,881.8247
2016-07-31,639.0645161290323,1171.1498
2016-08-31,447.41935483870964,944.48615
2016-09-30,300.43333333333334,1038.092
2016-10-31,336.38709677419354,1293.5864
2016-11-30,349.33333333333326,704.4897
2016-12-31,274.96774193548384,322.1468
2017-01-31,308.93548387096774,265.96838
2017-02-28,380.6071428571427,292.13834
2017-03-31,425.258064516129,381.45685
2017-04-30,447.1000000000001,439.71878
2017-05-31,497.87096774193554,637.44037
2017-06-30,501.1,1103.3367
2017-07-31,588.258064516129,1488.7168
2017-08-31,487.7741935483871,940.3948
2017-09-30,408.2333333333333,1848.408
2017-10-31,395.3870967741936,1988.8231
2017-11-30,438.1333333333333,809.86206
2017-12-31,465.67741935483866,362.75363
2018-01-31,438.9354838709677,298.19662
2018-02-28,405.3571428571428,295.47595
2018-03-31,447.7096774193548,321.4875
2018-04-30,645.2666666666667,456.97604
2018-05-31,843.290322580645,694.9603
2018-06-30,974.5666666666667,1066.622
2018-07-31,1152.483870967742,1879.2349
2018-08-31,1005.9354838709676,1307.4232
2018-09-30,1700.6333333333332,2069.862
2018-10-31,1071.6129032258063,1544.0742
2018-11-30,566.3666666666667,714.96985
2018-12-31,548.8709677419355,330.97437
2019-01-31,438.94,267.7782
2019-02-28,405.35999999999996,265.05008
2019-03-31,447.71,321.78497
2019-04-30,645.27,510.2317
2019-05-31,843.2899999999998,725.5457
2019-06-30,974.57,1110.2261
2019-07-31,1152.48,1911.6477
2019-08-31,1005.94,1445.7693
2019-09-30,1700.63,2022.7815
2019-10-31,1071.61,1494.301
2019-11-30,566.37,647.2252
2019-12-31,548.87,333.22235
