date,flow_{t+1},R-CNN
1961-01-31,173.01373954599762,165.18568
1961-02-28,167.989417989418,154.79475
1961-03-31,241.0020908004779,192.54996
1961-04-30,476.8518518518519,384.85205
1961-05-31,673.9097968936678,591.00745
1961-06-30,834.104938271605,765.92474
1961-07-31,1699.895459976105,1629.468
1961-08-31,1099.910394265233,1105.2156
1961-09-30,1079.861111111111,1077.4194
1961-10-31,1310.110513739546,1316.6744
1961-11-30,755.0154320987655,729.0701
1961-12-31,286.9997013142174,258.31638
1962-01-31,196.01254480286727,167.17172
1962-02-28,192.00562169312167,167.13379
1962-03-31,205.01045400238948,198.61185
1962-04-30,398.1481481481481,323.08392
1962-05-31,576.836917562724,528.1935
1962-06-30,1140.0462962962963,1050.7189
1962-07-31,1490.068697729988,1406.7853
1962-08-31,1239.9193548387098,1119.4512
1962-09-30,694.8302469135804,621.28265
1962-10-31,732.1535244922342,682.76074
1962-11-30,456.0185185185184,400.93134
1962-12-31,214.00836320191158,210.02809
1963-01-31,141.98775388291517,141.67783
1963-02-28,137.97949735449737,147.49924
1963-03-31,212.32078853046602,169.7822
1963-04-30,283.9891975308642,281.5674
1963-05-31,467.81660692951016,432.09964
1963-06-30,675.1543209876543,595.52075
1963-07-31,1519.937275985663,1478.8965
1963-08-31,1199.9701314217443,1150.865
1963-09-30,2219.9074074074074,2231.62
1963-10-31,1630.077658303465,1599.9701
1963-11-30,574.8456790123457,575.4355
1963-12-31,266.9877538829152,283.9142
1964-01-31,202.99432497013143,206.8158
1964-02-29,191.01213282247764,186.79773
1964-03-31,251.00806451612902,252.1551
1964-04-30,405.0925925925926,379.2966
1964-05-31,585.0507765830347,574.119
1964-06-30,623.8425925925927,584.7621
1964-07-31,1810.0358422939069,1792.3486
1964-08-31,1410.1702508960575,1359.3011
1964-09-30,1410.1080246913575,1391.4167
1964-10-31,1249.9999999999998,1194.2931
1964-11-30,584.8765432098766,564.7633
1964-12-31,275.01493428912784,242.6889
1965-01-31,197.99133811230587,177.08273
1965-02-28,207.010582010582,181.78917
1965-03-31,227.0011947431302,216.18446
1965-04-30,349.99999999999994,330.5736
1965-05-31,586.9175627240144,553.57886
1965-06-30,866.1265432098766,841.1852
1965-07-31,1500.1493428912784,1452.1675
1965-08-31,794.1308243727599,677.55884
1965-09-30,996.141975308642,957.77264
1965-10-31,823.9994026284348,808.7811
1965-11-30,417.0524691358024,389.3544
1965-12-31,213.00029868578244,198.9232
1966-01-31,173.98446833930706,160.12636
1966-02-28,166.9973544973545,165.12651
1966-03-31,227.0011947431302,193.63947
1966-04-30,310.9953703703704,313.6329
1966-05-31,368.01821983273584,380.77512
1966-06-30,447.91666666666663,479.65155
1966-07-31,1049.8805256869773,1065.6891
1966-08-31,1749.925328554361,1674.9109
1966-09-30,2010.030864197531,2022.2604
1966-10-31,1440.0388291517324,1392.2754
1966-11-30,601.8518518518518,577.1477
1966-12-31,285.9916367980884,282.88333
1967-01-31,206.0185185185185,199.49687
1967-02-28,192.9976851851852,189.13608
1967-03-31,249.77598566308242,231.51038
1967-04-30,347.9938271604938,336.93384
1967-05-31,1109.9910394265232,1081.0289
1967-06-30,1170.138888888889,1138.5283
1967-07-31,1969.832735961768,1984.278
1967-08-31,1649.8655913978494,1605.2736
1967-09-30,2359.953703703704,2365.6611
1967-10-31,1540.0985663082438,1533.7035
1967-11-30,812.1141975308642,741.99036
1967-12-31,353.0092592592592,309.53174
1968-01-31,255.0029868578256,231.37346
1968-02-29,229.00702426564496,212.9212
1968-03-31,307.0116487455198,293.67764
1968-04-30,500.0,431.42435
1968-05-31,1189.889486260454,1126.2018
1968-06-30,1160.108024691358,1093.6968
1968-07-31,1419.8775388291515,1334.4528
1968-08-31,974.8357228195937,908.6679
1968-09-30,2040.123456790124,2035.8043
1968-10-31,1220.131421744325,1175.8351
1968-11-30,562.8858024691358,546.3917
1968-12-31,315.00149342891274,269.18488
1969-01-31,234.99103942652332,211.66454
1969-02-28,209.9867724867725,199.72482
1969-03-31,252.98685782556748,227.11955
1969-04-30,331.01851851851853,330.3486
1969-05-31,510.0059737156512,469.31476
1969-06-30,650.0771604938273,581.467
1969-07-31,1130.152329749104,1075.5459
1969-08-31,793.0107526881719,740.8957
1969-09-30,709.104938271605,713.06506
1969-10-31,841.173835125448,803.282
1969-11-30,381.0185185185185,375.49637
1969-12-31,190.0014934289128,196.23674
1970-01-31,147.9988052568698,144.60867
1970-02-28,145.99867724867724,148.06923
1970-03-31,188.9934289127837,182.28958
1970-04-30,367.01388888888886,337.82208
1970-05-31,558.1690561529272,514.231
1970-06-30,672.067901234568,607.593
1970-07-31,726.926523297491,703.6021
1970-08-31,1180.1821983273596,1113.9354
1970-09-30,569.0586419753087,548.3716
1970-10-31,614.1726403823178,626.2577
1970-11-30,348.9969135802469,349.57874
1970-12-31,177.00866188769413,181.67458
1971-01-31,139.00089605734766,122.504814
1971-02-28,135.0033068783069,108.64962
1971-03-31,201.0155316606929,173.06824
1971-04-30,335.9953703703703,315.84787
1971-05-31,486.857825567503,442.39075
1971-06-30,638.8888888888888,594.15326
1971-07-31,719.8327359617682,612.91675
1971-08-31,638.0675029868578,629.45636
1971-09-30,1329.861111111111,1331.6946
1971-10-31,1799.9551971326161,1760.8796
1971-11-30,721.0648148148149,696.3227
1971-12-31,308.9904420549582,307.26584
1972-01-31,214.00836320191158,163.5174
1972-02-29,214.00063856960412,160.32135
1972-03-31,284.98357228195937,235.34958
1972-04-30,440.97222222222223,364.29443
1972-05-31,723.9396654719235,691.7808
1972-06-30,1069.83024691358,1039.3491
1972-07-31,1910.0955794504187,1927.024
1972-08-31,1059.9611708482676,1034.2036
1972-09-30,775.8487654320987,740.5111
1972-10-31,658.9755077658302,647.89136
1972-11-30,364.00462962962956,354.77097
1972-12-31,213.00029868578244,202.54762
1973-01-31,174.99253285543608,167.73578
1973-02-28,176.00859788359787,168.55186
1973-03-31,227.0011947431302,218.43521
1973-04-30,293.98148148148147,314.22604
1973-05-31,564.1427718040621,494.38522
1973-06-30,1050.1543209876545,994.0881
1973-07-31,919.9522102747909,860.95654
1973-08-31,897.1774193548385,874.517
1973-09-30,1020.0617283950618,979.7047
1973-10-31,1040.1732377538829,1039.9015
1973-11-30,535.8796296296297,491.3075
1973-12-31,246.00507765830343,216.19916
1974-01-31,168.01075268817203,145.75896
1974-02-28,175.01653439153438,150.25581
1974-03-31,219.98207885304657,186.39195
1974-04-30,305.0154320987654,267.44788
1974-05-31,486.857825567503,433.48334
1974-06-30,910.8796296296296,847.2614
1974-07-31,896.0573476702509,826.6855
1974-08-31,999.8506571087216,1004.36194
1974-09-30,1359.9537037037037,1339.2736
1974-10-31,956.1678614097968,959.74384
1974-11-30,589.891975308642,585.4675
1974-12-31,278.0017921146953,249.91815
1975-01-31,178.9874551971326,151.17151
1975-02-28,183.98644179894177,150.27023
1975-03-31,233.9829749103942,194.2357
1975-04-30,316.01080246913585,255.67786
1975-05-31,683.9904420549582,640.1751
1975-06-30,1140.0462962962963,1118.4213
1975-07-31,2230.0627240143367,2272.598
1975-08-31,1829.823775388292,1826.3767
1975-09-30,1689.814814814815,1692.1023
1975-10-31,1960.1254480286736,1964.2295
1975-11-30,881.9444444444445,869.91174
1975-12-31,354.01732377538826,344.7001
1976-01-31,239.99402628434885,236.60881
1976-02-29,242.0178799489144,223.39655
1976-03-31,321.98327359617684,312.5165
1976-04-30,449.84567901234567,407.82053
1976-05-31,636.9474313022699,601.2648
1976-06-30,1170.138888888889,1127.0325
1976-07-31,1469.9074074074072,1497.8595
1976-08-31,1920.1762246117084,1939.5701
1976-09-30,2000.0,1868.3705
1976-10-31,1089.8297491039427,1037.9763
1976-11-30,523.9197530864197,497.04837
1976-12-31,289.98655913978496,264.9996
1977-01-31,214.00836320191158,199.744
1977-02-28,204.98511904761904,210.43935
1977-03-31,293.01075268817203,250.87822
1977-04-30,606.8672839506173,582.45953
1977-05-31,860.9617682198326,835.162
1977-06-30,966.820987654321,953.6614
1977-07-31,800.8512544802867,771.0551
1977-08-31,711.9922341696536,677.16187
1977-09-30,658.9506172839506,644.1818
1977-10-31,539.8745519713261,500.80402
1977-11-30,333.9891975308642,292.01575
1977-12-31,188.9934289127837,170.84142
1978-01-31,127.01612903225806,136.08981
1978-02-28,141.0094246031746,141.44067
1978-03-31,196.01254480286727,188.41618
1978-04-30,467.9783950617284,415.66705
1978-05-31,551.0752688172043,502.85852
1978-06-30,760.0308641975308,742.4489
1978-07-31,568.9964157706094,565.1678
1978-08-31,1070.041816009558,1107.8175
1978-09-30,1760.0308641975307,1792.9766
1978-10-31,1020.0119474313024,1022.48944
1978-11-30,523.9197530864197,486.29007
1978-12-31,256.0110513739546,238.93275
1979-01-31,193.99641577060933,142.22348
1979-02-28,178.98478835978835,151.03009
1979-03-31,220.99014336917563,173.4565
1979-04-30,390.81790123456796,337.0476
1979-05-31,402.8524492234169,384.43896
1979-06-30,466.04938271604937,474.10907
1979-07-31,1109.9910394265232,1136.6287
1979-08-31,1739.8446833930702,1693.0648
1979-09-30,1680.1697530864203,1681.082
1979-10-31,965.1284348864993,975.96277
1979-11-30,440.97222222222223,441.10223
1979-12-31,248.9919354838709,251.8774
1980-01-31,173.98446833930706,157.64691
1980-02-29,172.01468710089398,171.98491
1980-03-31,237.00716845878136,189.5969
1980-04-30,328.0092592592593,335.53455
1980-05-31,362.0071684587813,375.78494
1980-06-30,618.8271604938271,582.62634
1980-07-31,1350.0597371565111,1337.456
1980-08-31,949.0740740740739,902.60004
1980-09-30,1390.0462962962963,1431.6704
1980-10-31,1130.152329749104,1086.711
1980-11-30,494.98456790123464,482.81464
1980-12-31,221.99820788530468,238.89355
1981-01-31,173.01373954599762,159.10965
1981-02-28,173.98313492063488,158.7977
1981-03-31,223.00627240143373,149.65219
1981-04-30,341.0108024691358,325.02106
1981-05-31,583.9307048984468,520.2204
1981-06-30,1060.1851851851852,1019.8585
1981-07-31,1640.1583034647551,1579.5723
1981-08-31,1059.9611708482676,996.78754
1981-09-30,3469.9074074074074,3514.8296
1981-10-31,1680.1075268817203,1689.672
1981-11-30,714.891975308642,656.954
1981-12-31,352.00119474313027,355.19003
1982-01-31,251.00806451612902,268.9456
1982-02-28,250.9920634920635,254.83401
1982-03-31,285.9916367980884,265.94254
1982-04-30,395.8333333333333,382.3014
1982-05-31,850.1344086021505,814.0956
1982-06-30,1514.6604938271605,1485.7952
1982-07-31,1749.925328554361,1720.2399
1982-08-31,1059.9611708482676,1029.2549
1982-09-30,1650.0771604938273,1627.3441
1982-10-31,1649.8655913978494,1641.333
1982-11-30,697.145061728395,692.27264
1982-12-31,326.0155316606929,287.70288
1983-01-31,233.9829749103942,227.03134
1983-02-28,215.9804894179894,217.51263
1983-03-31,251.00806451612902,251.64757
1983-04-30,476.08024691358025,393.40027
1983-05-31,872.1624850657109,856.80786
1983-06-30,1209.8765432098764,1181.4574
1983-07-31,2529.8685782556754,2606.3645
1983-08-31,1789.874551971326,1747.7299
1983-09-30,1099.9228395061727,1138.191
1983-10-31,1960.1254480286736,1930.4065
1983-11-30,912.8086419753087,908.93115
1983-12-31,579.8237753882916,369.63525
1984-01-31,275.98566308243727,241.31987
1984-02-29,283.0060664112388,245.35036
1984-03-31,326.9862604540023,299.7098
1984-04-30,444.05864197530866,417.71988
1984-05-31,520.0866188769414,479.28897
1984-06-30,1060.1851851851852,1070.0448
1984-07-31,2460.050776583035,2381.9177
1984-08-31,1479.9880525686976,1455.1729
1984-09-30,834.8765432098766,839.22754
1984-10-31,893.0704898446834,867.76996
1984-11-30,520.0617283950618,495.72406
1984-12-31,280.0179211469534,249.58398
1985-01-31,207.997311827957,198.86128
1985-02-28,177.99272486772486,193.30995
1985-03-31,233.9829749103942,240.31746
1985-04-30,356.983024691358,348.2477
1985-05-31,452.1356033452808,426.08508
1985-06-30,665.1234567901233,694.6125
1985-07-31,1249.9999999999998,1257.4528
1985-08-31,980.0627240143368,1027.6039
1985-09-30,2449.845679012345,2340.8057
1985-10-31,1170.1015531660694,1178.091
1985-11-30,508.87345679012344,515.81445
1985-12-31,270.98267622461174,282.85815
1986-01-31,205.01045400238948,192.82834
1986-02-28,192.00562169312167,200.82709
1986-03-31,238.98596176821985,232.7898
1986-04-30,356.983024691358,349.37024
1986-05-31,829.9731182795699,816.3166
1986-06-30,1109.9537037037037,1129.6289
1986-07-31,1680.1075268817203,1690.6449
1986-08-31,719.8327359617682,756.6374
1986-09-30,1060.1851851851852,1133.2948
1986-10-31,369.99701314217435,603.3055
1986-11-30,311.50327932098764,356.29318
1986-12-31,184.44941009557945,216.9171
1987-01-31,122.40882616487457,160.6385
1987-02-28,344.99007936507934,172.04417
1987-03-31,627.9868578255675,205.38922
1987-04-30,373.9969135802469,300.92206
1987-05-31,433.09438470728793,502.36328
1987-06-30,587.5771604938271,1107.4138
1987-07-31,816.1589008363202,1640.692
1987-08-31,619.0262843488649,1032.8904
1987-09-30,318.016975308642,672.9415
1987-10-31,244.99701314217444,570.3165
1987-11-30,233.9891975308642,383.05222
1987-12-31,417.0400238948626,200.30191
1988-01-31,332.997311827957,150.98854
1988-02-29,429.83716475095787,157.20682
1988-03-31,502.9121863799283,204.04141
1988-04-30,348.9969135802469,310.95676
1988-05-31,443.17502986857824,433.58572
1988-06-30,834.104938271605,745.175
1988-07-31,701.9115890083632,799.68726
1988-08-31,1780.1672640382317,558.3219
1988-09-30,616.8981481481482,806.2298
1988-10-31,620.1463560334528,1240.8143
1988-11-30,567.1296296296297,629.8719
1988-12-31,536.1409796893668,260.81186
1989-01-31,666.0692951015532,147.14734
1989-02-28,467.09656084656086,148.90768
1989-03-31,477.1505376344086,205.53993
1989-04-30,451.00308641975306,301.9414
1989-05-31,672.0430107526881,817.22754
1989-06-30,711.033950617284,2364.5518
1989-07-31,918.8321385902032,2353.6353
1989-08-31,710.8721624850657,1787.3506
1989-09-30,1706.4043209876545,1730.914
1989-10-31,760.1553166069295,1148.1433
1989-11-30,528.9351851851852,674.8487
1989-12-31,452.8823178016726,304.28488
1990-01-31,635.0806451612904,205.22098
1990-02-28,660.135582010582,254.14989
1990-03-31,679.8835125448029,291.60925
1990-04-30,662.8086419753087,349.84775
1990-05-31,1040.1732377538829,733.52875
1990-06-30,900.8487654320988,760.442
1990-07-31,710.1254480286739,777.2764
1990-08-31,618.279569892473,789.9352
1990-09-30,638.8888888888888,974.78613
1990-10-31,586.1708482676224,663.6837
1990-11-30,520.0617283950618,358.89273
1990-12-31,617.1594982078853,204.9034
1991-01-31,604.0919952210274,156.61935
1991-02-28,574.156746031746,157.54657
1991-03-31,614.1726403823178,191.00041
1991-04-30,518.1327160493827,254.2211
1991-05-31,582.0639187574671,424.4555
1991-06-30,724.1512345679013,532.0627
1991-07-31,823.9994026284348,798.70416
1991-08-31,869.9223416965351,1139.3834
1991-09-30,579.0895061728395,743.87024
1991-10-31,552.942054958184,675.7243
1991-11-30,731.0956790123457,435.30368
1991-12-31,341.9952210274791,219.61908
1992-01-31,678.0167264038232,142.8445
1992-02-29,399.90421455938696,140.82669
1992-03-31,359.9910394265233,178.43217
1992-04-30,400.07716049382714,283.212
1992-05-31,548.8351254480286,417.19547
1992-06-30,710.6481481481483,769.29865
1992-07-31,616.0394265232975,1725.3977
1992-08-31,582.0639187574671,1054.8093
1992-09-30,368.9814814814815,1089.5168
1992-10-31,241.0020908004779,1039.431
1992-11-30,542.824074074074,424.893
1992-12-31,691.8309438470728,218.73355
1993-01-31,551.0752688172043,157.94688
1993-02-28,644.0145502645503,173.63324
1993-03-31,508.1391875746714,207.98865
1993-04-30,506.94444444444446,447.16278
1993-05-31,598.1182795698925,662.0101
1993-06-30,734.9537037037037,990.4575
1993-07-31,686.9772998805256,1433.1622
1993-08-31,745.9677419354839,1616.4116
1993-09-30,804.0123456790124,1116.3099
1993-10-31,611.9324970131422,783.843
1993-11-30,592.9783950617284,397.83963
1993-12-31,595.1314217443249,200.80962
1994-01-31,651.1350059737157,153.0913
1994-02-28,689.0707671957673,161.87454
1994-03-31,729.9133811230586,187.06865
1994-04-30,643.9043209876544,395.208
1994-05-31,894.937275985663,573.1409
1994-06-30,724.9228395061729,1126.0177
1994-07-31,583.9307048984468,996.17126
1994-08-31,734.0203106332139,604.9857
1994-09-30,663.966049382716,701.30707
1994-10-31,632.0937873357228,592.22217
1994-11-30,599.9228395061729,325.5467
1994-12-31,703.0316606929509,179.32245
1995-01-31,704.8984468339307,127.658165
1995-02-28,689.8974867724869,142.14848
1995-03-31,636.9474313022699,165.80614
1995-04-30,430.1697530864198,359.38718
1995-05-31,589.15770609319,652.0929
1995-06-30,750.0000000000001,536.3999
1995-07-31,716.0991636798088,564.3983
1995-08-31,533.9008363201912,1006.1203
1995-09-30,609.9537037037037,1019.65967
1995-10-31,655.9886499402628,708.0412
1995-11-30,621.9135802469136,384.12518
1995-12-31,344.0113500597371,209.90619
1996-01-31,464.8297491039426,120.00684
1996-02-29,502.0753512132823,139.10661
1996-03-31,455.86917562724017,169.78188
1996-04-30,330.0154320987654,287.715
1996-05-31,529.0471923536439,534.7346
1996-06-30,520.8333333333334,774.4478
1996-07-31,666.0692951015532,619.95636
1996-08-31,661.9623655913979,682.7096
1996-09-30,582.175925925926,653.1826
1996-10-31,378.9575866188769,618.1096
1996-11-30,461.033950617284,368.08328
1996-12-31,486.857825567503,188.63275
1997-01-31,406.9593787335723,125.20344
1997-02-28,391.98908730158723,130.84406
1997-03-31,275.01493428912784,180.75555
1997-04-30,339.0046296296297,281.66934
1997-05-31,455.12246117084834,749.7425
1997-06-30,667.0524691358024,705.3624
1997-07-31,527.9271206690562,797.8653
1997-08-31,293.98148148148147,646.5707
1997-09-30,474.92283950617286,529.94183
1997-10-31,620.1463560334528,519.25464
1997-11-30,532.0216049382716,357.24725
1997-12-31,424.1338112305855,181.48645
1998-01-31,387.9181600955794,129.9737
1998-02-28,342.01388888888886,140.4138
1998-03-31,331.989247311828,184.78775
1998-04-30,291.0108024691358,320.28754
1998-05-31,363.01523297491036,547.5863
1998-06-30,582.9475308641976,521.01855
1998-07-31,390.905017921147,1038.1401
1998-08-31,417.0400238948626,1196.6423
1998-09-30,481.86728395061726,1210.6293
1998-10-31,529.0471923536439,875.23663
1998-11-30,498.070987654321,417.99878
1998-12-31,501.04540023894856,215.97174
1999-01-31,492.4193548387097,131.74207
1999-02-28,536.9642857142857,160.80525
1999-03-31,557.9032258064516,179.51149
1999-04-30,556.7333333333333,280.87393
1999-05-31,532.0967741935484,381.50095
1999-06-30,629.7666666666667,1483.9705
1999-07-31,574.7096774193549,2229.5251
1999-08-31,535.1612903225806,1383.2365
1999-09-30,616.1666666666666,844.2554
1999-10-31,563.5483870967741,1111.8955
1999-11-30,571.0333333333333,585.7992
1999-12-31,579.6129032258065,268.99768
2000-01-31,620.5483870967743,180.03917
2000-02-29,571.5862068965517,188.82196
2000-03-31,515.0,223.7883
2000-04-30,650.8,351.66556
2000-05-31,622.2903225806451,485.93695
2000-06-30,532.7333333333333,923.33246
2000-07-31,587.0645161290323,788.22504
2000-08-31,576.0967741935484,754.77106
2000-09-30,443.5,810.9056
2000-10-31,552.4193548387096,694.3088
2000-11-30,586.0666666666667,371.76434
2000-12-31,490.03225806451616,202.35638
2001-01-31,401.4516129032258,130.97192
2001-02-28,454.3928571428572,146.34747
2001-03-31,414.3548387096774,161.93382
2001-04-30,404.8333333333333,321.6496
2001-05-31,537.4516129032259,428.59695
2001-06-30,543.7666666666667,790.5458
2001-07-31,549.1290322580645,569.10767
2001-08-31,578.483870967742,530.47833
2001-09-30,449.23333333333335,763.2848
2001-10-31,385.61290322580646,835.79333
2001-11-30,620.5333333333333,394.7203
2001-12-31,583.0,200.10764
2002-01-31,357.9677419354839,129.25627
2002-02-28,323.07142857142856,143.80244
2002-03-31,424.5161290322581,157.17471
2002-04-30,465.49999999999994,281.9138
2002-05-31,489.741935483871,359.9266
2002-06-30,366.33333333333326,783.67816
2002-07-31,468.58064516129025,772.6004
2002-08-31,521.3548387096774,502.23166
2002-09-30,496.1666666666667,491.56726
2002-10-31,720.0967741935483,486.12924
2002-11-30,608.1333333333333,344.78964
2002-12-31,461.6774193548388,215.23384
2003-01-31,318.4258064516129,143.22136
2003-02-28,184.1107142857143,154.51035
2003-03-31,214.9032258064516,210.9132
2003-04-30,362.6333333333334,318.80478
2003-05-31,358.03225806451616,438.17548
2003-06-30,392.8,514.4852
2003-07-31,433.5161290322581,788.4266
2003-08-31,288.51612903225805,1192.2916
2003-09-30,360.9333333333332,1493.5109
2003-10-31,371.8387096774193,981.2509
2003-11-30,456.73333333333335,476.9774
2003-12-31,381.0645161290322,242.20688
2004-01-31,404.7096774193548,154.06506
2004-02-29,466.96551724137936,141.83641
2004-03-31,484.8709677419355,179.36559
2004-04-30,437.00000000000006,261.5977
2004-05-31,451.74193548387103,356.60422
2004-06-30,546.8,626.5628
2004-07-31,455.8064516129032,637.8872
2004-08-31,429.741935483871,852.14545
2004-09-30,397.6333333333333,1083.4625
2004-10-31,476.7096774193548,866.4345
2004-11-30,468.3666666666667,485.10577
2004-12-31,469.9032258064516,267.35144
2005-01-31,487.7741935483871,151.07492
2005-02-28,360.2857142857142,145.63937
2005-03-31,446.48387096774195,181.35744
2005-04-30,486.3333333333333,281.81244
2005-05-31,510.51612903225805,574.6391
2005-06-30,492.06666666666666,764.8993
2005-07-31,505.5806451612903,1929.1976
2005-08-31,490.5161290322581,1520.5304
2005-09-30,517.4,1339.1566
2005-10-31,699.9032258064516,1717.7068
2005-11-30,542.0,679.02325
2005-12-31,509.1290322580645,290.3951
2006-01-31,413.96774193548384,205.01964
2006-02-28,425.3928571428572,200.58748
2006-03-31,656.483870967742,255.33258
2006-04-30,881.7666666666667,341.2432
2006-05-31,901.1612903225807,413.16446
2006-06-30,738.6333333333333,644.2001
2006-07-31,832.7096774193549,830.96277
2006-08-31,588.2258064516129,591.9863
2006-09-30,454.03333333333336,741.97546
2006-10-31,482.0967741935484,746.5217
2006-11-30,487.6333333333333,379.34225
2006-12-31,470.87096774193543,213.85335
2007-01-31,479.99999999999994,157.21095
2007-02-28,496.49999999999994,154.65271
2007-03-31,518.9354838709677,189.68477
2007-04-30,635.2666666666667,294.328
2007-05-31,687.1612903225807,345.53732
2007-06-30,798.0999999999999,1211.7871
2007-07-31,624.9677419354838,1387.0757
2007-08-31,771.8387096774194,887.64105
2007-09-30,742.0333333333333,1087.0706
2007-10-31,436.4516129032258,860.06714
2007-11-30,447.4666666666666,440.4539
2007-12-31,471.774193548387,248.86743
2008-01-31,483.7096774193548,149.87328
2008-02-29,502.0,148.13075
2008-03-31,449.3225806451613,199.71284
2008-04-30,672.7,301.08246
2008-05-31,781.9032258064515,405.96512
2008-06-30,922.0666666666668,471.05786
2008-07-31,753.4838709677418,853.0967
2008-08-31,768.0000000000001,1086.95
2008-09-30,591.5,958.97046
2008-10-31,430.48387096774206,1155.5586
2008-11-30,477.9333333333333,613.70514
2008-12-31,407.3225806451612,259.59656
2009-01-31,541.258064516129,170.18187
2009-02-28,585.5714285714286,171.32286
2009-03-31,534.6012903225807,207.19243
2009-04-30,898.5,335.39923
2009-05-31,890.741935483871,667.40186
2009-06-30,830.1,1084.4203
2009-07-31,594.0645161290323,1663.8218
2009-08-31,621.0322580645162,1558.1467
2009-09-30,563.0666666666667,1554.7483
2009-10-31,602.3225806451613,1258.4626
2009-11-30,640.8999999999999,689.6752
2009-12-31,561.516129032258,282.3498
2010-01-31,531.5806451612904,198.24971
2010-02-28,459.50000000000006,209.28049
2010-03-31,527.3870967741935,235.82619
2010-04-30,878.9,266.4945
2010-05-31,943.741935483871,356.43088
2010-06-30,931.5666666666668,994.1686
2010-07-31,998.4193548387096,2079.4548
2010-08-31,1140.0,916.0996
2010-09-30,803.5666666666667,685.85767
2010-10-31,636.2903225806451,602.38855
2010-11-30,588.9,395.77304
2010-12-31,605.3225806451613,257.16437
2011-01-31,583.4516129032259,199.94917
2011-02-28,333.03571428571433,175.89171
2011-03-31,617.0967741935484,232.44643
2011-04-30,822.8999999999999,350.9152
2011-05-31,850.7096774193549,430.42035
2011-06-30,645.6999999999999,1153.7079
2011-07-31,619.3225806451613,1583.427
2011-08-31,632.6129032258065,898.5172
2011-09-30,599.0666666666667,1006.18286
2011-10-31,550.4193548387096,1082.8932
2011-11-30,543.2,596.7306
2011-12-31,589.4193548387096,271.95755
2012-01-31,534.0,182.71167
2012-02-29,506.55172413793105,184.75247
2012-03-31,469.03225806451616,216.53131
2012-04-30,606.9,408.41165
2012-05-31,840.8064516129032,785.8299
2012-06-30,831.6666666666666,1060.1166
2012-07-31,1009.6129032258062,2557.1423
2012-08-31,1457.7096774193549,2259.5198
2012-09-30,916.2666666666668,1023.36176
2012-10-31,808.741935483871,828.1012
2012-11-30,704.9666666666666,466.6951
2012-12-31,572.7741935483871,242.28995
2013-01-31,642.4516129032259,265.31583
2013-02-28,519.1071428571429,260.34225
2013-03-31,614.5483870967741,349.19464
2013-04-30,755.1333333333333,365.4728
2013-05-31,827.5483870967741,590.043
2013-06-30,782.6,894.5504
2013-07-31,707.4516129032259,1598.0099
2013-08-31,781.741935483871,1258.9725
2013-09-30,656.4333333333333,720.4401
2013-10-31,575.483870967742,594.1511
2013-11-30,662.7333333333333,342.13937
2013-12-31,561.9354838709677,181.68834
2014-01-31,555.483870967742,176.64844
2014-02-28,457.6071428571428,169.58578
2014-03-31,526.2258064516129,232.14041
2014-04-30,453.66666666666674,304.82397
2014-05-31,600.0322580645161,413.0593
2014-06-30,650.8333333333334,925.15265
2014-07-31,686.1612903225806,945.97955
2014-08-31,729.0967741935484,1061.2589
2014-09-30,722.7666666666667,1482.5876
2014-10-31,566.9032258064516,1050.3225
2014-11-30,613.7333333333333,443.3612
2014-12-31,520.258064516129,242.58818
2015-01-31,462.87096774193554,176.91786
2015-02-28,450.7142857142857,180.93015
2015-03-31,565.0,210.70631
2015-04-30,544.1666666666666,280.6715
2015-05-31,574.2258064516129,339.2131
2015-06-30,551.3,744.9869
2015-07-31,748.1612903225806,1261.4033
2015-08-31,659.8064516129032,501.6818
2015-09-30,574.3333333333334,667.006
2015-10-31,530.6129032258065,736.3008
2015-11-30,551.6333333333333,363.7144
2015-12-31,447.61290322580646,230.83742
2016-01-31,466.741935483871,162.14099
2016-02-29,437.86206896551727,160.39793
2016-03-31,522.4516129032259,187.08752
2016-04-30,461.23333333333335,303.19223
2016-05-31,531.1935483870968,421.45163
2016-06-30,482.3333333333333,573.722
2016-07-31,639.0645161290323,734.6762
2016-08-31,447.41935483870964,558.0255
2016-09-30,300.43333333333334,638.5994
2016-10-31,336.38709677419354,801.1818
2016-11-30,349.33333333333326,398.5623
2016-12-31,274.96774193548384,213.8266
2017-01-31,308.93548387096774,134.19928
2017-02-28,380.6071428571427,150.48514
2017-03-31,425.258064516129,172.62259
2017-04-30,447.1000000000001,279.0864
2017-05-31,497.87096774193554,374.43866
2017-06-30,501.1,903.4039
2017-07-31,588.258064516129,607.60925
2017-08-31,487.7741935483871,593.3608
2017-09-30,408.2333333333333,1206.035
2017-10-31,395.3870967741936,1571.937
2017-11-30,438.1333333333333,720.5498
2017-12-31,465.67741935483866,309.05005
2018-01-31,438.9354838709677,179.48012
2018-02-28,405.3571428571428,164.57503
2018-03-31,447.7096774193548,194.09468
2018-04-30,645.2666666666667,320.85138
2018-05-31,843.290322580645,775.22644
2018-06-30,974.5666666666667,1058.2235
2018-07-31,1152.483870967742,2306.1963
2018-08-31,1005.9354838709676,1336.3652
2018-09-30,1700.6333333333332,2049.2996
2018-10-31,1071.6129032258063,1431.9602
2018-11-30,566.3666666666667,757.3526
2018-12-31,548.8709677419355,328.23376
2019-01-31,438.94,235.36751
2019-02-28,405.35999999999996,223.24857
2019-03-31,447.71,271.15176
2019-04-30,645.27,468.31357
2019-05-31,843.2899999999998,805.16595
2019-06-30,974.57,1683.28
2019-07-31,1152.48,2168.7058
2019-08-31,1005.94,1541.8673
2019-09-30,1700.63,1759.3894
2019-10-31,1071.61,1385.7843
2019-11-30,566.37,727.72406
2019-12-31,548.87,298.8364
