index,CER-XGB,CER-LSTM,CER-BiLSTM,CER-CNN,CER-MLR,E_XGB,E_LSTM,E_BiLSTM,E_CNN,E_MLR,R_XGB,R_LSTM,R_BiLSTM,R_CNN,R_MLR
ME,-0.3859694578323263,-7.349002574529798,-0.2375433915593475,15.237377545949895,5.077150820976716e-13,-0.1035307673561327,-49.69579791671509,-44.92323958883792,25.348843462439003,-1.7225278442669096e-14,-0.544004100689466,5.767903649345305,-21.97907120902539,-25.210327809607637,5.813531474400821e-14
MAE,4.615573791118513,20.34334209883446,15.915804331639452,27.45240664571673,18.75546909210036,5.830370859792653,154.82113661410722,148.2259422158901,54.01908856078997,176.87139816183577,9.302830679804847,17.696723337162577,26.76475202753135,29.913103488034928,21.4853433576999
MSE,883.9144910120127,899.302308453365,501.8252934247644,1299.1064676225865,733.7474080125332,1023.4445670093248,63550.49995720349,51456.89954849516,4272.455939524564,66471.10724444983,2629.288484327595,639.3079140685893,1482.9043359854004,1481.1413952967296,923.844657472848
MLE,0.0008599586565919,-0.00471067256945,0.0040325900827448,0.0362711638217677,0.0031060522445066,0.0015324312174262,-0.0130052513239906,-0.0464395430046445,0.1056422788993934,,0.0016413029190707,0.0087795708221071,-0.0272234390173842,-0.0561844255882626,0.0074602817637758
MALE,0.0039362500958133,0.0350557587428294,0.0304131832286933,0.0508932427524852,0.0353709237096097,0.0055639252625583,0.1942712424331531,0.2067565298918714,0.1374579142905557,,0.0098924629016418,0.0337709027261185,0.0434766854644416,0.0640185139965338,0.0417395430270003
MSLE,0.000127433882393,0.0023539373264387,0.0024483066366264,0.0046116936632472,0.0053589436090065,0.0002289767446335,0.0597351253290924,0.0637463857779596,0.0405022988456979,,0.0004833165646853,0.0050467079840822,0.0038996509985017,0.0079549140905052,0.0059383087417366
MAPE,0.3924568800884165,3.4913761157211964,3.0218461365338207,5.316992466299232,3.420032225296656,0.5595383532365321,19.515714664905172,20.346842595200147,16.005662627807997,28.80555430875156,0.9867619433373306,3.2777655128798604,4.234988619296485,6.062307108173226,4.088652629249988
MDE,0.0688559398645907,-2.674600899717973,3.547587332047556,13.492239635715151,3.912921700085121,0.1110992114695363,-1.7306222350834446,-22.68716103169143,28.13118056309077,15.14149560532286,0.2461034944176248,6.462559498339118,-14.626624116096195,-23.47801594979164,5.496405168314013
MDAE,0.6628904778972071,13.337169694745896,11.807022821335565,19.75624988697197,12.830866068079416,0.9380456349206412,72.1697923970953,82.46818200661718,53.41024669068409,113.75364978300344,2.407271987805373,12.141425305559864,17.12122923783791,25.10418428367957,15.2456095552468
MDSE,0.4394346471606906,177.88815571607387,139.41230233871352,390.3564857392759,164.6648743397194,0.8799334391503673,5208.508627463891,6801.028341169642,2852.6988146865783,12939.969375793502,5.795013408310972,147.41438879680976,293.1376281098192,630.2338110503167,232.4367645863776
ED,471.960222619478,487.2533318836191,363.9806003953201,585.631375058033,440.124204873248,507.8464638907609,4096.014158752593,3685.73214989949,1062.0397205540314,4189.077740092054,813.9906007138867,410.8251322814946,625.6890159657157,625.3169823044441,493.857256272328
NED,0.6690194103882224,0.6379410735479192,0.5102196360004855,0.8145149425843718,0.6316829990363921,0.7209997215587044,5.488041499609196,5.021477917384605,1.5881426622712262,6.012323704896015,1.154904053180238,0.5633771415020395,0.6244638711854573,0.8270153174280375,0.7088027181505057
RMSE,29.73069947061476,29.988369553101165,22.401457395106338,36.04311956008506,27.087772296970694,31.99132018234516,252.09224493665704,226.8411328407949,65.3640263411348,257.81991242813234,51.27658807221474,25.284539032155383,38.50849693230574,38.48559984327553,30.39481300276164
RMSLE,0.011288661674134,0.0485173919995581,0.049480366173124,0.0679094519433578,0.073204805914684,0.0151319775519783,0.2444077030886966,0.2524804661314607,0.2012518294219903,,0.0219844618921023,0.0710401856985347,0.0624471856731888,0.0891903250947388,0.077060422667778
NRMSE_RANGE,0.0088937081690152,0.0089707881758204,0.0067012222443545,0.0107820196825558,0.0080957730475474,0.0095699553225957,0.0754114399613945,0.067857765613919,0.0195531415466511,0.0770551182752725,0.01533899364419,0.0075636737562237,0.0115195182031236,0.0115126687165195,0.0090841544736597
NRMSE_MEAN,0.0422288937648629,0.0420891839061151,0.0314408243635283,0.0505871279539983,0.0388774010888429,0.0454398344281549,0.3538157297833866,0.3183753668468573,0.0917395165697388,0.3700329445430181,0.0728322450827766,0.0354872782070168,0.0540473267965406,0.0540151903447938,0.0436237916936747
NRMSE_IQR,0.0374274795366114,0.037410548758136,0.0279458612329348,0.0449638610498731,0.033824363538512,0.0402733370823431,0.3144855609455934,0.2829847499866422,0.0815417487147191,0.3219384137547454,0.0645512377761891,0.0315425111263384,0.0480394240686412,0.0480108599059891,0.0379538484530703
IRMSE,0.0688618054434415,0.0692042151766229,0.051695884135874,0.0831767728237471,0.0637001084463817,0.0740978216288815,0.5817537339621796,0.5234816964698858,0.1508406829425162,0.606294094665929,0.1187660732678797,0.0583491768942153,0.0888661286874137,0.0888132890332485,0.0714770067932067
MASE,0.0157953183851912,0.0689923412710182,0.0539768047313195,0.093101998620009,0.0652404524553791,0.0199525710565769,0.5250598766590765,0.5026929567862315,0.1832001533980449,0.6152429451819935,0.0318359491410999,0.0600166073954124,0.0907698890844201,0.1014471975300475,0.074736255058846
R_SQUARED,0.997218239172552,0.9974878971015984,0.9984101897064432,0.9965784628327332,0.997558818919084,0.9967645469484552,0.8156867618691546,0.842939610748013,0.9901910807029124,0.7788503132539724,0.9915449644982726,0.998046749468988,0.9975763884472064,0.9972663591935546,0.9969263644751578
PEARSON_R,0.9986081509644068,0.9987431392459984,0.9992047339514554,0.9982877718102338,0.9987786636282756,0.9983809628335542,0.9031537962651424,0.9181174442648686,0.9950834927082404,0.8825249646633077,0.9957635083182514,0.9990229349082562,0.9987874515441524,0.998632278250959,0.9984619995148328
SPEARMAN_R,0.9999293244033364,0.9973263252875928,0.997826885197282,0.997521983884214,0.9974510597175664,0.9998584613304768,0.9491434392836589,0.9460014883195836,0.9899509744879572,0.9432526943455982,0.9996983632769793,0.997890800338845,0.9976100302526936,0.9958116016520838,0.9972702217946088
ACC,0.9946454202066118,0.9949601040076256,0.9954199341704832,0.994506369542889,0.9949954111145324,0.9944191336159606,0.8997327209392944,0.9146396801552322,0.9913141692458438,0.8791820670698866,0.9918120658249248,0.9952386742238843,0.995004185883024,0.994849618431617,0.994679946486368
MAPD,0.0065558691440029,0.0285522247332153,0.0223381005873606,0.0385299170710513,0.0269185626085806,0.0082813427208897,0.2172940839603289,0.2080376170680021,0.0758167045010517,0.2538525579769112,0.0132135555330028,0.0248376505349704,0.0375647821830927,0.0419835467107066,0.0308365819858216
MAAPE,0.0039209648955002,0.034837231072292,0.030106072305966,0.0529286884971234,0.033869195441838,0.0055877917129108,0.1874745166134657,0.1961782674484523,0.150856107660957,0.2644326914544567,0.0098495845867487,0.0324629085647103,0.042185203109863,0.0602830763875875,0.0405358752866055
SMAPE1,0.1971362393509518,1.7568816610866689,1.523568016306102,2.5500787181099955,1.7634882327493853,0.2786913887627478,9.63922774768356,10.266004838565175,6.831158570187929,14.449709512545114,0.4956033997077367,1.6839116188471597,2.176820554554145,3.20589438990147,2.083321509087153
SMAPE2,0.3942724787019036,3.5137633221733378,3.047136032612204,5.100157436219991,3.5269764654987705,0.5573827775254957,19.278455495367123,20.532009677130358,13.662317140375858,31.97147444136633,0.9912067994154736,3.36782323769432,4.35364110910829,6.41178877980294,4.166643018174306
D,0.9992676495953612,0.9992592719691774,0.9995906773745996,0.9989392538029824,0.999388590870282,0.9991516182358982,0.932686682546086,0.9502114986850536,0.9963570805988348,0.9339853873428816,0.9978084930297711,0.9994831575789724,0.9987623107234204,0.9988015646171112,0.9992298288137776
D1,0.9947550619751764,0.9770063003751732,0.982070499166868,0.9690925417525056,0.9784494263718132,0.9933753259821926,0.8109993369626312,0.8263377229429013,0.9373138494450688,0.7865545822642359,0.9894174962871972,0.980137017475597,0.9697140863463674,0.966636826674001,0.9752504449153626
DMOD,0.9947550619751764,0.9770063003751732,0.982070499166868,0.9690925417525056,0.9784494263718132,0.9933753259821926,0.8109993369626312,0.8263377229429013,0.9373138494450688,0.7865545822642359,0.9894174962871972,0.980137017475597,0.9697140863463674,0.966636826674001,0.9752504449153626
DREL,0.9999512587418188,0.9990612622160024,0.9991176643066484,0.9978226481458724,0.9985787130251718,0.9999058407175616,0.9663184389570334,0.9688905133245724,0.9729038926092358,0.9307553232669574,0.9998191527141308,0.9986367452819436,0.99857429752026,0.9972210043470576,0.9982909815432442
DR,0.9947603901285716,0.9771932846517803,0.982156952522051,0.9692233841936766,0.9785664155396656,0.9933813497316754,0.8264315875193358,0.8338253933441382,0.9394397454365776,0.7978729280241844,0.9894394054416534,0.9801603822132064,0.9699943068404396,0.9664647218181256,0.9754467393347944
WATT_M,0.9656204634993696,0.9654211492744226,0.9742924707464452,0.9586236147257476,0.9685829565810886,0.9629984926648638,0.6768941518550942,0.7204629782341386,0.923387168103602,0.6797919843478175,0.9405570223514994,0.971113698124018,0.9553090705870216,0.9560222251370613,0.9647408613014632
MB_R,0.9920809439376946,0.9652002435642744,0.9729132049158457,0.9533997932085004,0.9675288316815636,0.9899969391039428,0.7138832647786741,0.735132504581111,0.9059850630878868,0.685956438583051,0.9840248532679028,0.97004252480252,0.953871470709164,0.9491493705360342,0.962732525534762
NSE,0.9971073634634148,0.9970868347598651,0.9983744064841336,0.9957917245745528,0.9975588189190842,0.9966507471279136,0.794136959587143,0.8333125026804538,0.986159970884056,0.7788503132539725,0.9913955750105636,0.9979290505812104,0.9951963368430942,0.9952020476452198,0.996926364475158
NSE_MOD,0.989520780257143,0.9543865693035608,0.964313905044102,0.9384467683873532,0.957132831079331,0.9867626994633508,0.6528631750386716,0.6676507866882765,0.8788794908731553,0.5957458560483688,0.9788788108833067,0.960320764426413,0.9399886136808796,0.9329294436362516,0.9508934786695888
NSE_REL,0.9998074818510913,0.9963080939722152,0.9964958712445302,0.9913618391222704,0.9943252092504696,0.9996282767257804,0.8969923215134424,0.8958481910507695,0.8970575865343109,0.768029562668485,0.9992899466317272,0.9945375390038452,0.9944666285761452,0.9888742531075632,0.9931795684709268
KGE_2009,0.9880079038055786,0.9806757739587374,0.9931809555358658,0.97723989068576,0.9982727695388875,0.9876078084293684,0.7556248027881285,0.8280184320521932,0.9391896089113482,0.8338652117865912,0.9830253544605344,0.9915581997730292,0.957116810333433,0.9645766233165626,0.9978249388549404
KGE_2012,0.9885454682770946,0.9879809862648684,0.9935094581053008,0.964425283982507,0.9982727695388872,0.9877518059783106,0.8049612630994265,0.8696597938679628,0.9107169973231916,0.8338652117865913,0.983759917967586,0.9899568891418596,0.9691079084418394,0.948273725152062,0.9978249388549404
LM_INDEX,0.989520780257143,0.9543865693035608,0.964313905044102,0.9384467683873532,0.957132831079331,0.9867626994633508,0.6528631750386716,0.6676507866882765,0.8788794908731553,0.5957458560483688,0.9788788108833067,0.960320764426413,0.9399886136808796,0.9329294436362516,0.9508934786695888
D1_P,0.9947550619751764,0.9770063003751732,0.982070499166868,0.9690925417525056,0.9784494263718132,0.9933753259821926,0.8109993369626312,0.8263377229429013,0.9373138494450688,0.7865545822642359,0.9894174962871972,0.980137017475597,0.9697140863463674,0.966636826674001,0.9752504449153626
VE,0.993444130855997,0.9714477752667846,0.9776618994126394,0.9614700829289486,0.9730814373914194,0.9917186572791102,0.7827059160396711,0.7919623829319978,0.9241832954989482,0.7461474420230887,0.9867864444669971,0.9751623494650296,0.9624352178169072,0.9580164532892932,0.9691634180141784
SA,0.0329380786980208,0.0309183481792601,0.0246833928319233,0.0382827635426633,0.0305577621464831,0.0355078700717665,0.2688720057725599,0.2461882490814895,0.072064587296764,0.295064769226741,0.0570896849979223,0.0272836932178992,0.0303019880043778,0.0371966188502953,0.0342898235882914
SC,0.0527668841119244,0.0501422800725917,0.0398841191182401,0.0585290682115274,0.0494284343904998,0.0569117603907699,0.4437359961282394,0.4074926633693433,0.099201087412953,0.4895916509750411,0.092081337696933,0.0442067047746115,0.0492479883278387,0.052305366267042,0.0554688180485845
SID,0.0466055710028506,0.1616594311447926,0.1239029209732899,0.2584958002848647,0.2024001241020994,0.0619692781138087,8.238692451894842,7.307428394568616,1.6053753208160388,,0.1480839390244719,0.1778279534542278,0.1718266988250603,0.2970527904727927,0.2447521632708935
SGA,0.0934618773851789,0.0880457784030564,0.0619382152543989,0.0804471036554042,0.0818517793214927,0.0992268102667083,0.5829716432502509,0.4841916140196801,0.1612254452568641,0.658930184053929,0.1628052604478738,0.0676847012626862,0.0768603705827618,0.0772878770582562,0.087532556245858
H1_MHE,0.0009243666835778,-0.0035469445117828,0.0052198348911567,0.03881732293361,0.0054225887774076,0.0016517550765578,0.0168993168989187,-0.0151894217426654,0.1295470857158919,0.0494574863697016,0.0018808113653236,0.0109679564562197,-0.0254129774031675,-0.052591941508393,0.0101233755136158
H1_MAHE,0.0039245688008841,0.0349137611572119,0.0302184613653382,0.0531699246629923,0.0342003222529665,0.0055953835323653,0.1951571466490517,0.2034684259520014,0.1600566262780799,0.2880555430875156,0.0098676194333733,0.0327776551287986,0.0423498861929648,0.0606230710817322,0.0408865262924998
H1_RMSHE,0.0108942819187882,0.0473819864755709,0.0461612938486269,0.0724767297959701,0.0592750806312224,0.0151381445519608,0.2502780399192902,0.2516641500525587,0.2501987400559115,0.3789776059705988,0.0209222442090794,0.0576344455894129,0.0580073274473447,0.0822531489249674,0.0649835082854125
H2_MHE,0.000796588458485,-0.0059238597727038,0.0027293141580117,0.0341641843526774,-0.0002011047178788,0.0014219649715951,-0.0439113782997281,-0.0800812741310758,0.088048019732113,-0.1057238971348113,0.0013946473529253,0.005683965764707,-0.0293731826610014,-0.0606401864455276,0.0039335609386549
H2_MAHE,0.003967355224063,0.0355085287052023,0.0310050390552279,0.0491261851150547,0.0378429190991289,0.0055640494220519,0.2020054089080912,0.2190975811829454,0.1213657010516076,0.4566634774838399,0.0099934923203671,0.0359684695313557,0.0451453632856537,0.0683365606556748,0.0439152184925152
H2_RMSHE,0.0117715103198059,0.0507365561765052,0.0553122859925324,0.0643697376019293,0.1004750146962453,0.0152784068159686,0.2638347771895533,0.2770972997497298,0.1687072933908714,1.4618142210813765,0.0234764049351718,0.0966251675275759,0.0699945317875819,0.0983297736180591,0.1016475679513491
H3_MHE,0.0008629488737929,-0.0046953887269119,0.0040854875160978,0.0363530296360198,0.0033289152866123,0.001537384879287,-0.012689369847,-0.0460566235882751,0.1047879426392448,-0.0481647394624102,0.0016516592544768,0.0089888976159646,-0.0272112031797222,-0.056258887789674,0.0076994498941685
H3_MAHE,0.003942724787019,0.0351376332217333,0.030471360326122,0.0510015743621999,0.0352697646549877,0.0055738277752549,0.1927845549536712,0.2053200967713035,0.1366231714037585,0.3197147444136633,0.0099120679941547,0.0336782323769431,0.0435364110910829,0.0641178877980294,0.041666430181743
H3_RMSHE,0.0112852085249624,0.0485895906801765,0.0494000105681206,0.0680499938986557,0.0714707328947468,0.0151340812346504,0.2414685564844071,0.2498917132434334,0.1990604551077996,0.7194152671081017,0.0219564878617616,0.0694418866139891,0.0622834907438606,0.0892498117038587,0.0755621217322958
H4_MHE,0.0008617149781383,-0.0047152562476404,0.0040306617040502,0.0364217731026798,0.002982013616443,0.0015371235019902,-0.0130911296972507,-0.0468337190055912,0.1067618901737815,,0.0016447247236733,0.0086678631493596,-0.0273009411005627,-0.0564367700618552,0.0073748301455233
H4_MAHE,0.0039443415752861,0.0351742413032267,0.0305409152472655,0.0510746944416643,0.0356334996644935,0.0055767689432596,0.1956452723995082,0.2082665596013019,0.1386362669231967,,0.0099212809254776,0.0340152080359545,0.0436408017928864,0.0642981453877732,0.0420227625000272
H4_RMSHE,0.0113039030910889,0.0487536179264785,0.0499051173041905,0.0682139177949234,0.0749912894627537,0.0151588292741456,0.2465982465441449,0.254738792468698,0.2037131954090821,,0.0220491272479966,0.0726910633538453,0.0629301617496242,0.0897120111085165,0.0786753746413761
H5_MHE,0.0008604775710314,-0.0047354022450165,0.0039745745244971,0.0364907535764148,0.0026107420297644,0.0015368600240765,-0.0135060305712531,-0.047635347794415,0.1087975525128065,-0.0281332053825549,0.0016377293591245,0.0083259611708353,-0.0273930799503394,-0.0566160639486404,0.0070284682261353
H5_MAHE,0.0039459620124735,0.0352111449631156,0.0306117502133951,0.0511480548041895,0.0360216206760477,0.0055797164772086,0.1985812775345815,0.2112830037077515,0.140711163449898,0.3619790993733635,0.0099305558768702,0.0343730623030471,0.0437476246626175,0.0644798158292828,0.0424008723925075
H5_RMSHE,0.0113226574168875,0.0489210623265467,0.0504265693181294,0.0683787550888033,0.0788291677499859,0.0151836535889397,0.2519272098910666,0.2597602082158693,0.2086023080556645,0.8048117186323743,0.0221427748725245,0.0762006126607374,0.0636091481895549,0.0901815041200848,0.0820589933667026
H6_MHE,0.0008629488737929,-0.0046953887269119,0.0040854875160978,0.0363530296360198,0.0033289152866124,0.001537384879287,-0.012689369847,-0.0460566235882751,0.1047879426392448,-0.0481647394624103,0.0016516592544768,0.0089888976159646,-0.0272112031797222,-0.056258887789674,0.0076994498941685
H6_MAHE,0.003942724787019,0.0351376332217333,0.030471360326122,0.0510015743621999,0.0352697646549877,0.0055738277752549,0.1927845549536712,0.2053200967713035,0.1366231714037585,0.3197147444136632,0.0099120679941547,0.0336782323769431,0.0435364110910829,0.0641178877980294,0.041666430181743
H6_RMSHE,0.0112852085249624,0.0485895906801765,0.0494000105681206,0.0680499938986557,0.0714707328947468,0.0151340812346504,0.2414685564844071,0.2498917132434333,0.1990604551077996,0.7194152671081017,0.0219564878617616,0.0694418866139891,0.0622834907438606,0.0892498117038587,0.0755621217322958
H7_MHE,0.0010654305006619,-0.0049934091407714,0.008126217081173,0.0430455108766211,0.0118861973709218,0.0019130153980389,0.0321247814227849,-0.0298561502132965,0.1549306972846539,-0.074952061323084,0.0024167258532049,0.022755872668526,-0.0428015245319438,-0.0783706054890727,0.0207779974042742
H7_MAHE,0.0045234811863016,0.0491517962917057,0.0470439740018982,0.0589614738322994,0.0749663670130316,0.006480412869476,0.3709842662099743,0.3999351648669111,0.1914183138683309,0.4365437533270256,0.0126792784400879,0.0680057538030084,0.0713273247780593,0.0903383037594122,0.0839186629037649
H7_RMSHE,0.0125568137031518,0.0667046365087064,0.0718637087922589,0.0803712782066453,0.1299296952952487,0.0175325652311533,0.4757664096969912,0.4946681180209477,0.2992229816857161,0.5743347437929099,0.0268837850617986,0.1195776177986214,0.0976981960587019,0.12257066196356,0.1333771689748046
H8_MHE,0.0008675612787341,-0.0031179829044605,0.0044569091554124,0.0306730486738364,0.0047973813919319,0.0014549493114126,0.0090221935174948,-0.0085343966932233,0.0621632933466947,0.0209640677452699,0.001732524885871,0.0098269301743471,-0.0213498729042894,-0.0488724644720728,0.0088832422746795
H8_MAHE,0.0036833910047435,0.0306913485838234,0.0258017619196778,0.042014326695365,0.0302571329506005,0.0049286964714341,0.1041903382202704,0.1143216832766275,0.0768033256512386,0.1221011491474963,0.0090896389440317,0.0293677066931529,0.0355788569511821,0.0563356058486085,0.0358778471012783
H8_RMSHE,0.0102247920876719,0.041651687338056,0.0394144062924638,0.057270365206649,0.0524408507630624,0.013334442439153,0.1336182357451161,0.1414011491944079,0.12005810541488,0.1606412454146684,0.0192726976393311,0.0516385777701724,0.048732938642756,0.0764359326401755,0.0570229018158571
H10_MHE,0.0008599586565919,-0.00471067256945,0.0040325900827448,0.0362711638217677,0.0031060522445066,0.0015324312174262,-0.0130052513239906,-0.0464395430046445,0.1056422788993934,,0.0016413029190707,0.0087795708221071,-0.0272234390173842,-0.0561844255882626,0.0074602817637758
H10_MAHE,0.0039362500958133,0.0350557587428294,0.0304131832286933,0.0508932427524852,0.0353709237096097,0.0055639252625583,0.1942712424331531,0.2067565298918714,0.1374579142905557,,0.0098924629016418,0.0337709027261185,0.0434766854644416,0.0640185139965338,0.0417395430270003
H10_RMSHE,0.011288661674134,0.0485173919995581,0.049480366173124,0.0679094519433578,0.073204805914684,0.0151319775519783,0.2444077030886966,0.2524804661314607,0.2012518294219903,,0.0219844618921023,0.0710401856985347,0.0624471856731888,0.0891903250947388,0.077060422667778
G_MEAN_DIFF,1.0009038208978034,0.9963192716268552,1.0047154209967857,1.039999957990143,1.003142670427179,1.0016378634670975,0.9943406219240344,0.9547467742927918,1.1287800884650447,,1.0018086866080198,1.0081404800055045,0.974220648975526,0.941785564729747,1.0087291156405611
MEAN_VAR,0.000126694353502,0.0023317468903822,0.0024320448538509,0.0032960963382617,0.0053492960484609,0.0002266283991974,0.0595659887670923,0.0615897546234794,0.0293420077546406,,0.0004806226894131,0.0049696271202618,0.0031585353665684,0.0047982244118221,0.0058826529377416
PPMAE,46.30613545936343,36.34703100004815,23.995269544472983,39.78816768418472,45.46222521899801,45.47856160585722,629.3038497834588,507.7801001577136,59.83498012142008,546.9062286189762,98.0124125172318,33.35674744989223,52.16393213161377,25.31242399353309,55.88831282532271
LPMAE,0.504093927237017,8.493553127505708,9.693010210367184,22.90710132796393,10.561860474085536,0.8652117800902969,27.4859982090122,24.49286286379482,103.2058425952416,83.68840681472524,2.238490708760193,11.425677245605955,14.320207814172118,8.678476219912591,15.695886425261914
