date,flow,E-LSTM
1961-01-31,219.01135005973723,195.55296
1961-02-28,214.9884259259259,198.25597
1961-03-31,279.00985663082434,248.42517
1961-04-30,525.0771604938271,463.55798
1961-05-31,701.9115890083632,564.31934
1961-06-30,849.9228395061729,634.37134
1961-07-31,1749.9253285543607,780.94653
1961-08-31,1210.0507765830346,870.5779
1961-09-30,1260.0308641975307,1023.8083
1961-10-31,1479.9880525686976,1179.8075
1961-11-30,880.0154320987656,692.5661
1961-12-31,368.9889486260453,263.95667
1962-01-31,256.98178016726405,237.6995
1962-02-28,234.99503968253967,269.54053
1962-03-31,289.35185185185185,276.22958
1962-04-30,444.0586419753087,460.79437
1962-05-31,617.9062126642772,619.3467
1962-06-30,1160.108024691358,777.34515
1962-07-31,1490.068697729988,1140.4763
1962-08-31,1260.0806451612902,1203.521
1962-09-30,755.0154320987655,1037.3822
1962-10-31,778.0764635603346,1064.5253
1962-11-30,511.1882716049383,649.1401
1962-12-31,275.98566308243727,312.05258
1963-01-31,176.00059737156514,250.74155
1963-02-28,188.98809523809524,261.3693
1963-03-31,247.98387096774192,298.2732
1963-04-30,331.01851851851853,411.40796
1963-05-31,523.8201911589008,539.4218
1963-06-30,714.8919753,721.5298
1963-07-31,1609.9163679808842,1289.2119
1963-08-31,1310.110513739546,1293.4244
1963-09-30,2369.984567901234,1772.758
1963-10-31,1870.1463560334528,1449.2914
1963-11-30,694.8302469135804,639.29816
1963-12-31,340.0164277180406,296.3442
1964-01-31,238.98596176821985,237.25276
1964-02-29,253.9910600255428,228.82152
1964-03-31,318.9964157706093,236.37332
1964-04-30,486.1111111111111,361.58093
1964-05-31,670.9229390681004,513.2142
1964-06-30,719.9074074074074,719.8683
1964-07-31,2000.0746714456395,1892.9928
1964-08-31,1540.0985663082438,1314.042
1964-09-30,1599.9228395061727,1520.5526
1964-10-31,1369.847670250896,1506.6942
1964-11-30,652.0061728395061,731.51263
1964-12-31,332.9973118,330.71094
1965-01-31,238.98596176821985,236.30423
1965-02-28,265.54232804232805,232.65335
1965-03-31,283.0047789725209,293.04727
1965-04-30,432.87037037037044,458.8149
1965-05-31,667.9360812425329,636.5179
1965-06-30,935.1851851851852,893.7199
1965-07-31,1569.9671445639185,1510.1643
1965-08-31,838.9336917562724,1099.9802
1965-09-30,1050.1543209876545,1208.6622
1965-10-31,869.9223416965351,1063.0133
1965-11-30,447.91666666666663,541.4834
1965-12-31,223.0062724014337,278.2288
1966-01-31,187.0146356033453,200.47084
1966-02-28,187.00396825396825,212.05975
1966-03-31,244.9970131421744,266.32697
1966-04-30,334.99228395061726,349.004
1966-05-31,405.09259259259267,486.46198
1966-06-30,484.18209876543216,659.63873
1966-07-31,1040.1732377538829,1156.2987
1966-08-31,1780.1672640382317,1763.3374
1966-09-30,2060.185185185185,1730.9028
1966-10-31,1469.9074074074072,1200.7413
1966-11-30,635.0308641975308,444.49045
1966-12-31,325.0074671445639,280.04486
1967-01-31,243.9889486260454,216.06027
1967-02-28,218.0059523809524,234.16943
1967-03-31,270.98267622461174,270.68726
1967-04-30,369.9845679012346,349.75882
1967-05-31,1160.020908004779,619.65576
1967-06-30,1219.9074074074074,894.2807
1967-07-31,2113.575268817204,1161.9514
1967-08-31,1699.8954599761048,1097.6948
1967-09-30,2550.154320987654,2037.4869
1967-10-31,1630.077658303465,982.8626
1967-11-30,841.0493827160494,585.01447
1967-12-31,386.05137395459974,277.4861
1968-01-31,286.9997013142174,244.67523
1968-02-29,253.9910600255428,261.33157
1968-03-31,317.9883512544803,327.85022
1968-04-30,496.9135802469136,413.1519
1968-05-31,1189.889486260454,626.408
1968-06-30,1130.0154320987654,774.1275
1968-07-31,1440.0388291517324,786.9346
1968-08-31,1020.0119474313022,910.1643
1968-09-30,2069.830247,1328.7218
1968-10-31,1319.8178016726404,1029.1096
1968-11-30,677.8549383,568.056
1968-12-31,378.9575866188769,275.14822
1969-01-31,261.9847670250896,202.76718
1969-02-28,251.98412700000003,192.25522
1969-03-31,294.9895459976105,240.4879
1969-04-30,375.0000000000001,385.0877
1969-05-31,548.8351254480286,494.72208
1969-06-30,689.8148148148148,809.9541
1969-07-31,1149.9402628434889,1236.298
1969-08-31,881.8697729988053,1083.2784
1969-09-30,768.1327160493827,921.02167
1969-10-31,896.057347670251,934.80194
1969-11-30,437.11419753086426,538.305
1969-12-31,218.0032855436081,339.67783
1970-01-31,183.99044205495807,245.96141
1970-02-28,159.01951058201058,217.16124
1970-03-31,200.00746714456392,226.8209
1970-04-30,380.0154320987655,422.9107
1970-05-31,594.0113500597372,583.2181
1970-06-30,714.1203703703704,822.2631
1970-07-31,731.0334528076463,998.91986
1970-08-31,1229.8387096774193,1324.6337
1970-09-30,599.9228395061729,920.0174
1970-10-31,645.1612903225806,794.0285
1970-11-30,372.9938271604938,415.71912
1970-12-31,186.00657108721623,246.21368
1971-01-31,183.24372759856632,186.46707
1971-02-28,156.00198412698413,190.52199
1971-03-31,201.0155316606929,232.53297
1971-04-30,315.0077160493827,381.52197
1971-05-31,477.8972520908004,560.5384
1971-06-30,618.8271604938271,696.91113
1971-07-31,714.979092,855.68225
1971-08-31,614.9193548387096,692.6945
1971-09-30,1369.9845679012346,1470.5393
1971-10-31,1870.1463560334528,1248.2932
1971-11-30,755.0154320987655,587.12036
1971-12-31,303.0167264038232,253.37854
1972-01-31,220.99014336917563,214.7666
1972-02-29,212.00510855683268,231.2697
1972-03-31,280.98864994026286,271.7971
1972-04-30,440.2006172839505,376.51636
1972-05-31,742.9808841099162,600.6932
1972-06-30,1060.1851851851852,795.0499
1972-07-31,1929.8835125448031,1449.3533
1972-08-31,1130.152329749104,933.61755
1972-09-30,814.8148148148148,975.40936
1972-10-31,652.6284348864993,839.0043
1972-11-30,378.00925925925924,440.608
1972-12-31,215.01642771804063,211.84154
1973-01-31,174.99253285543608,162.40826
1973-02-28,178.98478835978835,131.53403
1973-03-31,219.01135005973723,162.69914
1973-04-30,279.0123456790124,269.18155
1973-05-31,561.9026284348865,426.04706
1973-06-30,1000.0,596.445
1973-07-31,953.9277180406212,713.9592
1973-08-31,928.1660692951016,725.98413
1973-09-30,1069.830247,901.6288
1973-10-31,1070.041816009558,993.3108
1973-11-30,548.9969135802469,642.77216
1973-12-31,256.0110513739546,287.76666
1974-01-31,167.0026882,197.55019
1974-02-28,181.0102513227513,196.06834
1974-03-31,227.00119474313018,223.85551
1974-04-30,325.0,357.2879
1974-05-31,489.09796893667857,521.9811
1974-06-30,917.0524691358024,633.8118
1974-07-31,897.9241338112306,719.0559
1974-08-31,1040.1732377538829,958.2492
1974-09-30,1349.9228395061727,1117.6774
1974-10-31,999.8506571087216,1094.9209
1974-11-30,636.1882716049382,697.5301
1974-12-31,284.98357228195937,318.9811
1975-01-31,192.98835125448028,235.88722
1975-02-28,192.9976851851852,243.70079
1975-03-31,242.01015531660693,260.23114
1975-04-30,301.00308641975306,450.3244
1975-05-31,679.8835125448029,688.22534
1975-06-30,1140.0462962962963,935.37115
1975-07-31,2280.0925925925926,1247.135
1975-08-31,1929.8835125448031,1314.3851
1975-09-30,1729.9382716049383,1157.4427
1975-10-31,2010.155316606929,1559.865
1975-11-30,949.0740741,843.3861
1975-12-31,372.0131421744325,351.682
1976-01-31,271.9907407407408,226.50812
1976-02-29,279.01500638569604,233.0836
1976-03-31,329.0023894862604,284.2664
1976-04-30,451.3888888888889,413.91156
1976-05-31,654.8685782556751,599.3873
1976-06-30,1199.8456790123455,832.3829
1976-07-31,1519.937275985663,880.8026
1976-08-31,2060.185185185185,1359.5833
1976-09-30,2150.077160493828,1556.3667
1976-10-31,1120.0716845878137,1040.0304
1976-11-30,586.0339506,535.605
1976-12-31,315.00149342891274,304.58878
1977-01-31,228.0092592592593,217.82356
1977-02-28,219.9900793650794,236.53217
1977-03-31,294.9895459976105,276.47348
1977-04-30,670.1388888888889,407.84406
1977-05-31,890.0836320191158,567.4409
1977-06-30,994.9845679012343,863.7361
1977-07-31,831.0931899641577,890.9197
1977-08-31,760.9020310633214,940.42804
1977-09-30,694.8302469135804,876.7909
1977-10-31,567.1296296296297,869.0639
1977-11-30,355.0154320987654,541.4106
1977-12-31,192.98835125448028,251.45287
1978-01-31,136.9847670250896,159.40945
1978-02-28,151.00033068783068,149.54
1978-03-31,197.99133811230587,192.52705
1978-04-30,484.9537037037037,373.8577
1978-05-31,595.1314217443249,512.53204
1978-06-30,800.9259259,651.57214
1978-07-31,620.1463560334528,714.30194
1978-08-31,1149.9402628434889,997.88446
1978-09-30,1859.953703703704,1859.1206
1978-10-31,1089.8297491039427,969.6261
1978-11-30,587.9629629629629,549.08606
1978-12-31,274.0068697729988,238.76643
1979-01-31,200.00746714456392,177.34401
1979-02-28,187.00396825396825,218.23529
1979-03-31,221.99820788530465,231.7518
1979-04-30,390.0462962962963,399.20444
1979-05-31,400.9856630824373,566.01605
1979-06-30,467.9783950617284,703.50653
1979-07-31,1080.1224611708485,1275.8048
1979-08-31,1749.9253285543607,1804.5598
1979-09-30,1790.1234567901238,1332.6306
1979-10-31,1040.1732377538829,981.30835
1979-11-30,486.1111111111111,419.20865
1979-12-31,266.01702508960574,261.69067
1980-01-31,183.99044205495807,195.61755
1980-02-29,185.9833971902937,209.87291
1980-03-31,244.9970131421744,248.80792
1980-04-30,339.0046296296297,340.16754
1980-05-31,368.9889486260453,524.2649
1980-06-30,616.8981481481482,720.29285
1980-07-31,1379.9283154121863,1068.8695
1980-08-31,994.9970131421744,1464.6892
1980-09-30,1420.138888888889,1883.4202
1980-10-31,1170.1015531660694,1037.6217
1980-11-30,525.8487654320987,409.4293
1980-12-31,233.0122461170848,240.74915
1981-01-31,182.0116487455197,232.81366
1981-02-28,187.00396825396825,206.28813
1981-03-31,227.00119474313018,257.65875
1981-04-30,336.99845679012344,353.65018
1981-05-31,571.9832735961768,494.39636
1981-06-30,1010.0308641975308,599.1714
1981-07-31,1670.026882,946.3148
1981-08-31,1059.9611708482676,835.1627
1981-09-30,3530.0925925925926,2217.708
1981-10-31,1730.1373954599758,1257.6228
1981-11-30,697.1450617,646.6361
1981-12-31,341.9952210274791,223.84404
1982-01-31,253.99492234169654,186.11621
1982-02-28,244.00628306878303,186.80028
1982-03-31,281.9967144563919,257.8601
1982-04-30,403.1635802469135,372.99948
1982-05-31,816.9056153,654.88574
1982-06-30,1469.9074074074074,809.22815
1982-07-31,1749.9253285543607,1162.1228
1982-08-31,1070.041816009558,958.5039
1982-09-30,1670.138888888889,1432.0105
1982-10-31,1659.9462365591398,1422.3284
1982-11-30,736.8827160493828,582.87695
1982-12-31,340.0164277180406,293.4285
1983-01-31,234.99103942652332,222.23708
1983-02-28,217.01388888888889,209.87105
1983-03-31,233.0122461170848,254.82721
1983-04-30,442.9012345679012,342.90173
1983-05-31,868.0555555555555,539.33246
1983-06-30,1219.9074074074074,683.02625
1983-07-31,2660.170250896057,1516.2572
1983-08-31,1879.8536439665472,1590.8713
1983-09-30,1130.0154320987654,868.83655
1983-10-31,2019.862604540024,1422.2072
1983-11-30,935.1851851851852,714.49634
1983-12-31,377.83751493428906,296.51236
1984-01-31,261.01403823178015,273.3225
1984-02-29,264.0086206896552,285.87015
1984-03-31,298.9844683,309.05804
1984-04-30,412.80864197530866,405.62912
1984-05-31,498.0585424133812,692.16016
1984-06-30,1010.0308641975308,1167.821
1984-07-31,2430.1821983273594,2139.8445
1984-08-31,1500.1493428912784,1394.3524
1984-09-30,831.0185185185185,1194.3716
1984-10-31,862.8285543608124,1453.8766
1984-11-30,492.01388888888897,743.10706
1984-12-31,275.01493428912784,298.04977
1985-01-31,204.00238948626043,267.80795
1985-02-28,182.0023148148148,271.08447
1985-03-31,228.0092592592593,325.12662
1985-04-30,330.0154320987654,422.85095
1985-05-31,426.0005973715651,722.465
1985-06-30,652.0061728395061,1095.5239
1985-07-31,1300.0298685782557,1591.5278
1985-08-31,971.1021505376344,1229.2013
1985-09-30,2380.0154320987654,2218.9094
1985-10-31,1189.889486260454,1390.746
1985-11-30,516.9753086419753,583.47125
1985-12-31,272.9988052568698,284.77466
1986-01-31,206.0185185185185,260.7662
1986-02-28,196.01521164021165,275.54553
1986-03-31,229.01732377538826,347.64114
1986-04-30,328.0092592592593,505.40042
1986-05-31,823.9994026284348,803.0203
1986-06-30,1099.9228395061727,1169.8595
1986-07-31,1580.047789725209,1708.9401
1986-08-31,717.9659498207885,1028.1553
1986-09-30,996.9135802469137,1484.8574
1986-10-31,377.0908004778972,1026.3406
1986-11-30,18.80015432098765,483.20847
1986-12-31,15.098566308243731,283.42844
1987-01-31,12.89949223416966,240.20349
1987-02-28,307.00231481481484,260.05524
1987-03-31,599.9850657108722,305.63535
1987-04-30,355.0154320987654,375.7549
1987-05-31,427.12066905615296,567.07935
1987-06-30,643.1327160493828,944.56116
1987-07-31,809.0651135005974,1596.1395
1987-08-31,853.1212664277182,1043.1012
1987-09-30,333.9891975308642,1048.0303
1987-10-31,234.99103942652332,901.1484
1987-11-30,226.00308641975306,511.30997
1987-12-31,375.97072879330943,318.95602
1988-01-31,321.0125448028674,269.67014
1988-02-29,415.07024265644964,247.53235
1988-03-31,484.99103942652323,311.43994
1988-04-30,339.0046296296297,401.0386
1988-05-31,449.14874551971326,764.66626
1988-06-30,493.0555555555555,1174.105
1988-07-31,700.0448028673835,1343.669
1988-08-31,554.0621266427718,1027.077
1988-09-30,581.0185185185185,1174.4811
1988-10-31,604.8387096774194,1737.427
1988-11-30,542.0524691358024,878.3056
1988-12-31,477.15053763440864,276.3368
1989-01-31,653.0017921146953,241.7632
1989-02-28,457.1759259259259,304.54205
1989-03-31,443.9217443249702,364.6971
1989-04-30,420.9104938271605,464.4037
1989-05-31,676.1499402628435,736.0054
1989-06-30,770.8333333333334,1952.7914
1989-07-31,997.9838710000001,2586.4192
1989-08-31,1810.0358422939069,2427.9573
1989-09-30,1841.4351851851848,1985.0942
1989-10-31,831.0931899641577,1512.219
1989-11-30,520.4475308641976,697.1865
1989-12-31,433.09438470728793,322.28397
1990-01-31,617.1594982078853,264.95215
1990-02-28,622.5198412698413,280.30923
1990-03-31,676.8966547192354,332.45386
1990-04-30,680.1697530864197,386.12952
1990-05-31,1070.041816009558,692.1274
1990-06-30,986.8827160493828,911.0252
1990-07-31,756.0483870967741,900.7914
1990-08-31,735.8870967741935,936.3475
1990-09-30,652.0061728395061,1300.9711
1990-10-31,611.1857825567503,1236.6165
1990-11-30,488.81172839506166,639.2055
1990-12-31,589.9044205495818,272.72922
1991-01-31,588.0376344086021,220.84225
1991-02-28,558.0357142857143,227.49054
1991-03-31,608.9456391875746,256.35
1991-04-30,496.9135802469136,326.3361
1991-05-31,574.9701314217443,567.10736
1991-06-30,716.0493827160493,682.26843
1991-07-31,854.9880525686978,811.22156
1991-08-31,903.1511350059735,1162.3143
1991-09-30,601.0802469135803,1234.1494
1991-10-31,535.020908,1365.0497
1991-11-30,738.8117283950617,727.35486
1991-12-31,343.00328554360806,267.11182
1992-01-31,676.1499402628435,213.29416
1992-02-29,409.881864623244,244.44783
1992-03-31,363.98596176821997,317.5477
1992-04-30,388.8888888888889,409.7105
1992-05-31,554.0621266427718,646.6584
1992-06-30,689.0432098765432,1033.1536
1992-07-31,658.9755077658302,1846.0822
1992-08-31,629.1069295101554,1475.4283
1992-09-30,393.13271604938274,1472.4496
1992-10-31,229.01732377538826,1645.3912
1992-11-30,498.84259259259267,679.23395
1992-12-31,630.9737157,283.64203
1993-01-31,538.0077658303464,254.4339
1993-02-28,646.9080687830688,273.4836
1993-03-31,507.1311230585424,321.0092
1993-04-30,491.89814814814815,477.82925
1993-05-31,611.1857825567503,724.72144
1993-06-30,778.1635802469136,1077.9344
1993-07-31,710.1254480286739,1599.2379
1993-08-31,769.8626045400239,1736.999
1993-09-30,839.1203703703703,1370.7195
1993-10-31,607.0788530465951,1202.4156
1993-11-30,591.0493827160494,606.82947
1993-12-31,573.8500597371565,265.22333
1994-01-31,648.8948626,254.63762
1994-02-28,663.0291005291006,264.48907
1994-03-31,729.9133811230586,286.2213
1994-04-30,628.0864197530864,421.6821
1994-05-31,906.1379928315412,837.0147
1994-06-30,785.1080246913581,1230.5198
1994-07-31,623.8799283154121,1314.4385
1994-08-31,788.9038231780168,1032.3613
1994-09-30,704.8611111111111,1374.227
1994-10-31,679.1367980884111,1595.6672
1994-11-30,618.8271604938271,837.1912
1994-12-31,716.0991636798088,301.70972
1995-01-31,729.1666666666666,228.26524
1995-02-28,644.8412698412699,247.62578
1995-03-31,682.8703703703703,329.46713
1995-04-30,444.0586419753087,469.61594
1995-05-31,586.1708482676224,830.22864
1995-06-30,783.1790123,1193.8851
1995-07-31,800.8512544802867,1140.0468
1995-08-31,655.9886499402628,1595.5497
1995-09-30,594.1358024691358,1523.9355
1995-10-31,650.0149342891278,1177.4038
1995-11-30,569.0586419753087,745.22894
1995-12-31,320.0044802867383,356.0734
1996-01-31,449.89545997610514,272.0799
1996-02-29,484.1155810983397,264.4764
1996-03-31,461.84289127837513,297.67816
1996-04-30,354.0123456790124,420.38617
1996-05-31,539.8745519713261,890.1814
1996-06-30,560.1851851851852,1521.8359
1996-07-31,722.8195937873357,1376.454
1996-08-31,713.8590203106332,1173.138
1996-09-30,603.0092592592592,1243.4928
1996-10-31,390.15830350000005,1287.0476
1996-11-30,451.003086419753,692.85803
1996-12-31,452.8823178016726,351.55948
1997-01-31,123.99193548387096,263.70078
1997-02-28,375.0,292.2265
1997-03-31,270.98267622461174,347.22537
1997-04-30,352.0061728395062,435.70862
1997-05-31,471.92353643966555,773.6659
1997-06-30,655.8641975308642,1167.098
1997-07-31,521.9534050179211,1309.5986
1997-08-31,355.9961170848268,1166.0383
1997-09-30,452.16049382716045,1294.3876
1997-10-31,570.8632019,1231.7161
1997-11-30,576.0030864197531,665.23425
1997-12-31,423.0137395459976,308.20837
1998-01-31,393.14516129032256,247.31033
1998-02-28,343.99801587301585,253.02484
1998-03-31,345.99014336917566,305.83572
1998-04-30,342.0138888888889,535.4685
1998-05-31,399.1188769414576,645.172
1998-06-30,604.9382716049382,883.9977
1998-07-31,440.9348864994026,1069.1575
1998-08-31,445.0418160095579,1486.9264
1998-09-30,513.8888888888889,1712.1846
1998-10-31,524.9402628434887,1472.3955
1998-11-30,503.0864197530864,775.382
1998-12-31,514.8596176821983,313.05234
1999-01-31,537.0322580645161,258.83496
1999-02-28,563.1428571428571,263.0704
1999-03-31,607.9354838709677,316.4061
1999-04-30,610.5333333333333,488.63586
1999-05-31,564.9677419354839,739.4572
1999-06-30,664.5,1618.2797
1999-07-31,647.8387096774194,2164.5444
1999-08-31,502.7419355,1095.9261
1999-09-30,640.1,1110.4197
1999-10-31,594.8387096774194,1230.3196
1999-11-30,609.4666666666667,826.642
1999-12-31,613.9677419354839,368.6526
2000-01-31,681.9354838709677,298.01355
2000-02-29,630.1379310344828,287.42245
2000-03-31,562.2580645,328.2296
2000-04-30,704.5999999999999,433.23434
2000-05-31,625.1612903225806,625.0987
2000-06-30,555.8933333333333,865.8933
2000-07-31,647.7096774193549,949.19
2000-08-31,641.5806451612904,914.09467
2000-09-30,510.1666666666667,1241.3722
2000-10-31,618.0322580645161,1187.0677
2000-11-30,649.3666666666667,664.1676
2000-12-31,559.7419355,361.02942
2001-01-31,480.80645161290323,263.83032
2001-02-28,518.4285714285714,260.4816
2001-03-31,500.0322580645161,307.8715
2001-04-30,468.3333333333333,455.69724
2001-05-31,587.1612903225806,658.90875
2001-06-30,598.9666666666667,1056.0303
2001-07-31,617.516129,1052.3976
2001-08-31,562.2258064516129,914.7113
2001-09-30,501.7,1362.1606
2001-10-31,420.9354838709677,1529.1549
2001-11-30,628.9333333333333,854.42914
2001-12-31,661.7096774193549,385.86215
2002-01-31,385.90322580645164,258.5425
2002-02-28,378.3928571428572,260.9819
2002-03-31,476.8419354838708,282.2967
2002-04-30,536.8333333333334,431.55466
2002-05-31,552.483871,640.5087
2002-06-30,454.76666666666665,941.72943
2002-07-31,512.4516129032259,1094.9906
2002-08-31,549.0645161290323,905.6122
2002-09-30,530.4,997.5481
2002-10-31,760.4193548387096,856.85156
2002-11-30,666.9666666666667,516.85223
2002-12-31,506.0645161290322,273.24152
2003-01-31,373.64516129032256,220.6139
2003-02-28,214.75,216.06664
2003-03-31,253.06451612903223,217.13199
2003-04-30,387.8666666666667,321.08575
2003-05-31,394.9870967741937,517.54346
2003-06-30,426.1,678.13086
2003-07-31,510.6774193548388,863.92584
2003-08-31,342.48387096774195,1193.8835
2003-09-30,409.00000000000006,1434.7131
2003-10-31,403.2580645,1448.8054
2003-11-30,487.30000000000007,839.523
2003-12-31,398.41935483870975,293.96872
2004-01-31,429.12903225806457,231.55373
2004-02-29,504.8275862068965,237.36539
2004-03-31,528.7419355,311.9768
2004-04-30,468.4333333333333,419.5081
2004-05-31,516.2258064516129,562.45483
2004-06-30,587.6333333333333,831.42755
2004-07-31,542.8709677419355,1038.2152
2004-08-31,333.80612903225807,1071.078
2004-09-30,441.7333333333334,1684.2346
2004-10-31,537.7096774193549,1540.2131
2004-11-30,484.4,655.44336
2004-12-31,504.5806451612903,301.49445
2005-01-31,513.1612903225806,250.03294
2005-02-28,406.8571428571429,229.84915
2005-03-31,457.93548387096774,292.2991
2005-04-30,523.1,499.08505
2005-05-31,556.3548387096774,757.7574
2005-06-30,532.2333333333333,1128.2644
2005-07-31,588.9032258064516,2133.3713
2005-08-31,584.7419355,1608.5253
2005-09-30,591.5333333333333,1457.0352
2005-10-31,775.0322580645161,1906.2115
2005-11-30,558.3333333333334,734.751
2005-12-31,502.3225806451612,317.5658
2006-01-31,433.4516129032258,237.52951
2006-02-28,454.82142857142856,278.81754
2006-03-31,648.0,328.88892
2006-04-30,924.2333333333332,414.80408
2006-05-31,948.6129032258065,681.7923
2006-06-30,775.5666666666667,1064.3533
2006-07-31,900.5161290000001,1316.0356
2006-08-31,651.7419355,1086.7115
2006-09-30,531.6333333333333,1398.916
2006-10-31,512.2903225806451,1304.4545
2006-11-30,506.0666666666666,731.6576
2006-12-31,488.93548387096774,386.77402
2007-01-31,495.51612903225805,266.51172
2007-02-28,481.4285714285714,235.63692
2007-03-31,568.4258064516129,280.08914
2007-04-30,571.6733333333333,435.6449
2007-05-31,664.7419355,678.9682
2007-06-30,819.9333333333333,1080.6123
2007-07-31,673.7096774193549,1549.9008
2007-08-31,824.6774193548387,960.7116
2007-09-30,821.2666666666667,1209.8934
2007-10-31,533.6451612903226,1153.9701
2007-11-30,466.73333333333335,752.64233
2007-12-31,498.74193549999995,379.7976
2008-01-31,493.3548387096775,279.00696
2008-02-29,522.1379310344828,306.3271
2008-03-31,438.5806451612903,326.7661
2008-04-30,707.9333333333333,396.14642
2008-05-31,782.2580645161291,638.59735
2008-06-30,926.2333333333332,911.29803
2008-07-31,805.0967741935484,1124.2307
2008-08-31,782.6129032258066,1284.5591
2008-09-30,661.9666666666667,1252.8672
2008-10-31,525.7419355,1439.7665
2008-11-30,449.83000000000004,763.79626
2008-12-31,509.09677419354836,361.56134
2009-01-31,460.21290322580643,290.6779
2009-02-28,564.4642857142857,283.82095
2009-03-31,573.516129,333.78406
2009-04-30,918.9666666666668,472.2973
2009-05-31,936.0967741935484,840.5704
2009-06-30,851.8,1362.2753
2009-07-31,618.0645161290323,1903.4799
2009-08-31,665.9677419354839,1550.2262
2009-09-30,635.3666666666667,1675.7073
2009-10-31,602.8709677419355,1465.8143
2009-11-30,666.1333333333334,796.196
2009-12-31,545.7096774193549,360.77463
2010-01-31,506.38709677419365,266.29242
2010-02-28,444.3214285714286,273.39178
2010-03-31,500.7419355,324.29657
2010-04-30,838.0,440.82956
2010-05-31,906.2903225806452,758.81525
2010-06-30,910.2,1237.1266
2010-07-31,1045.6129032258063,1929.3606
2010-08-31,1101.8064516129032,1021.26166
2010-09-30,880.3,1193.7036
2010-10-31,568.5483870967741,1012.4441
2010-11-30,539.6333333333333,612.3092
2010-12-31,595.2258064516129,304.5571
2011-01-31,558.2580645,251.51
2011-02-28,340.2142857142857,214.50874
2011-03-31,583.5806451612904,226.93867
2011-04-30,819.2666666666667,383.30655
2011-05-31,845.2580645,497.7195
2011-06-30,728.5,644.1956
2011-07-31,696.5483870967741,953.7462
2011-08-31,659.8709677419355,955.294
2011-09-30,648.3333333333334,1238.262
2011-10-31,578.0967741935484,1286.6285
2011-11-30,564.0333333333333,629.3457
2011-12-31,580.2580645,310.15936
2012-01-31,511.35483870967744,258.41464
2012-02-29,468.7241379310345,230.29326
2012-03-31,459.1290322580645,281.32043
2012-04-30,605.6333333333333,378.87646
2012-05-31,856.0645161290323,660.6432
2012-06-30,852.9666666666667,946.9151
2012-07-31,1100.741935483871,1476.7374
2012-08-31,1644.1935483870968,1690.267
2012-09-30,956.6333333333333,1239.069
2012-10-31,862.483871,1244.8723
2012-11-30,718.1600000000001,623.3676
2012-12-31,558.4516129032259,290.9653
2013-01-31,614.9451612964754,228.0273
2013-02-28,510.9642857142858,206.16168
2013-03-31,616.483871,233.3873
2013-04-30,789.9,356.15363
2013-05-31,878.8064516129032,549.8412
2013-06-30,846.6666666666666,679.24634
2013-07-31,744.483871,1221.9929
2013-08-31,847.4516129032259,1059.6584
2013-09-30,746.2333333333333,989.89453
2013-10-31,619.2258064516129,981.65704
2013-11-30,716.3,559.87524
2013-12-31,571.6774193548387,283.11267
2014-01-31,597.5806451612904,246.64664
2014-02-28,501.9285714285714,223.4798
2014-03-31,561.1290322580645,288.26904
2014-04-30,497.953333346049,380.45435
2014-05-31,677.6129032258065,535.44165
2014-06-30,722.2,905.56964
2014-07-31,817.5483870967741,1161.175
2014-08-31,840.483871,1360.8315
2014-09-30,828.6666666666666,1715.0525
2014-10-31,645.2258064516129,1467.052
2014-11-30,698.6,626.85236
2014-12-31,562.0,328.78665
2015-01-31,510.7419355,266.2298
2015-02-28,490.6785714285714,220.1189
2015-03-31,625.5483870967741,270.8134
2015-04-30,597.6666666666666,376.09354
2015-05-31,638.7741935483871,547.0675
2015-06-30,606.7829999999999,749.5768
2015-07-31,807.6451612903226,1160.6536
2015-08-31,746.8387096774194,792.84045
2015-09-30,637.1666666666666,1123.6351
2015-10-31,584.9677419354839,1217.2148
2015-11-30,574.1333333333333,628.4671
2015-12-31,476.83870967741933,355.99216
2016-01-31,468.32258064516134,257.6864
2016-02-29,452.655172413793,227.02267
2016-03-31,513.483871,286.1487
2016-04-30,470.5333333333334,417.565
2016-05-31,565.483871,553.2184
2016-06-30,552.5666666666667,624.26953
2016-07-31,704.8064516129032,697.845
2016-08-31,510.48387099999997,707.37024
2016-09-30,406.93333333333334,1039.0975
2016-10-31,427.0967741935484,1194.2184
2016-11-30,372.3333333333333,704.5142
2016-12-31,323.61290322580646,310.34268
2017-01-31,332.1290322580645,251.51299
2017-02-28,416.3571428571428,249.51553
2017-03-31,448.4193548387097,311.2875
2017-04-30,483.5,402.78723
2017-05-31,529.5483870967741,581.5841
2017-06-30,557.1,827.76697
2017-07-31,639.7741935483871,891.5988
2017-08-31,578.0967741935484,826.42584
2017-09-30,506.6333333333334,1707.8713
2017-10-31,497.1612903225807,1826.5756
2017-11-30,487.8999999999999,822.2278
2017-12-31,514.3548387096774,292.34637
2018-01-31,471.8387096774193,247.24207
2018-02-28,426.75,280.822
2018-03-31,481.8064516129031,334.04114
2018-04-30,670.4666666666667,446.32855
2018-05-31,884.1290322580644,671.6068
2018-06-30,1016.3000000000001,915.098
2018-07-31,1247.9354838709678,1229.533
2018-08-31,1214.9032258064517,1106.6294
2018-09-30,1999.0666666666664,1844.2355
2018-10-31,1327.225806451613,1508.7958
2018-11-30,735.7,703.05066
2018-12-31,668.8064516129032,287.53516
2019-01-31,471.8387096774193,227.1774
2019-02-28,426.75,226.23453
2019-03-31,481.8064516129031,277.68158
2019-04-30,670.4666666666667,476.22583
2019-05-31,884.1290322580644,635.00397
2019-06-30,1016.3000000000001,996.49976
2019-07-31,1247.9354838709678,1374.9148
2019-08-31,1214.9032258064517,1279.2379
2019-09-30,1999.0666666666664,1813.3398
2019-10-31,1327.225806451613,1545.695
2019-11-30,735.7,730.21246
2019-12-31,668.8064516129032,358.80087
