date,flow,R-LSTM
1961-01-31,219.01135005973723,187.46405
1961-02-28,214.9884259259259,174.30666
1961-03-31,279.00985663082434,237.40512
1961-04-30,525.0771604938271,463.03378
1961-05-31,701.9115890083632,647.3529
1961-06-30,849.9228395061729,808.82874
1961-07-31,1749.9253285543607,1650.5186
1961-08-31,1210.0507765830346,1177.4159
1961-09-30,1260.0308641975307,1102.3442
1961-10-31,1479.9880525686976,1319.1132
1961-11-30,880.0154320987656,762.4078
1961-12-31,368.9889486260453,324.50754
1962-01-31,256.98178016726405,212.91806
1962-02-28,234.99503968253967,193.71005
1962-03-31,289.35185185185185,208.756
1962-04-30,444.0586419753087,391.2112
1962-05-31,617.9062126642772,578.8268
1962-06-30,1160.108024691358,1045.492
1962-07-31,1490.068697729988,1415.5841
1962-08-31,1260.0806451612902,1170.5265
1962-09-30,755.0154320987655,708.961
1962-10-31,778.0764635603346,691.1159
1962-11-30,511.1882716049383,458.77097
1962-12-31,275.98566308243727,227.93642
1963-01-31,176.00059737156514,151.31126
1963-02-28,188.98809523809524,142.73055
1963-03-31,247.98387096774192,189.13676
1963-04-30,331.01851851851853,281.22925
1963-05-31,523.8201911589008,455.12665
1963-06-30,714.8919753,662.71124
1963-07-31,1609.9163679808842,1483.6134
1963-08-31,1310.110513739546,1223.5406
1963-09-30,2369.984567901234,2246.1223
1963-10-31,1870.1463560334528,1620.1395
1963-11-30,694.8302469135804,614.0286
1963-12-31,340.0164277180406,294.9877
1964-01-31,238.98596176821985,206.268
1964-02-29,253.9910600255428,187.83737
1964-03-31,318.9964157706093,239.03387
1964-04-30,486.1111111111111,395.996
1964-05-31,670.9229390681004,568.5574
1964-06-30,719.9074074074074,612.75854
1964-07-31,2000.0746714456395,1780.8364
1964-08-31,1540.0985663082438,1389.6144
1964-09-30,1599.9228395061727,1406.337
1964-10-31,1369.847670250896,1207.5211
1964-11-30,652.0061728395061,606.6226
1964-12-31,332.9973118,297.93436
1965-01-31,238.98596176821985,202.64436
1965-02-28,265.54232804232805,195.59746
1965-03-31,283.0047789725209,215.86404
1965-04-30,432.87037037037044,345.25842
1965-05-31,667.9360812425329,574.63403
1965-06-30,935.1851851851852,834.9247
1965-07-31,1569.9671445639185,1450.1505
1965-08-31,838.9336917562724,803.7486
1965-09-30,1050.1543209876545,980.6204
1965-10-31,869.9223416965351,825.0679
1965-11-30,447.91666666666663,430.09256
1965-12-31,223.0062724014337,209.35762
1966-01-31,187.0146356033453,184.4579
1966-02-28,187.00396825396825,173.4318
1966-03-31,244.9970131421744,232.74156
1966-04-30,334.99228395061726,312.66547
1966-05-31,405.09259259259267,368.207
1966-06-30,484.18209876543216,446.22858
1966-07-31,1040.1732377538829,1035.1711
1966-08-31,1780.1672640382317,1723.4297
1966-09-30,2060.185185185185,2094.3042
1966-10-31,1469.9074074074072,1426.8488
1966-11-30,635.0308641975308,637.299
1966-12-31,325.0074671445639,314.26425
1967-01-31,243.9889486260454,216.075
1967-02-28,218.0059523809524,191.18303
1967-03-31,270.98267622461174,245.75789
1967-04-30,369.9845679012346,358.5018
1967-05-31,1160.020908004779,1053.6149
1967-06-30,1219.9074074074074,1172.9398
1967-07-31,2113.575268817204,2054.863
1967-08-31,1699.8954599761048,1662.6603
1967-09-30,2550.154320987654,2427.673
1967-10-31,1630.077658303465,1556.8732
1967-11-30,841.0493827160494,763.52295
1967-12-31,386.05137395459974,349.75693
1968-01-31,286.9997013142174,246.22739
1968-02-29,253.9910600255428,210.87216
1968-03-31,317.9883512544803,279.4989
1968-04-30,496.9135802469136,473.8783
1968-05-31,1189.889486260454,1110.7267
1968-06-30,1130.0154320987654,1154.158
1968-07-31,1440.0388291517324,1365.4922
1968-08-31,1020.0119474313022,986.3933
1968-09-30,2069.830247,2022.7463
1968-10-31,1319.8178016726404,1205.8242
1968-11-30,677.8549383,570.1628
1968-12-31,378.9575866188769,308.5573
1969-01-31,261.9847670250896,224.06252
1969-02-28,251.98412700000003,198.37944
1969-03-31,294.9895459976105,241.85646
1969-04-30,375.0000000000001,315.59293
1969-05-31,548.8351254480286,467.36267
1969-06-30,689.8148148148148,642.7477
1969-07-31,1149.9402628434889,1084.1593
1969-08-31,881.8697729988053,802.7948
1969-09-30,768.1327160493827,729.7063
1969-10-31,896.057347670251,800.88794
1969-11-30,437.11419753086426,417.5825
1969-12-31,218.0032855436081,203.49107
1970-01-31,183.99044205495807,151.3034
1970-02-28,159.01951058201058,145.46819
1970-03-31,200.00746714456392,192.49156
1970-04-30,380.0154320987655,363.94907
1970-05-31,594.0113500597372,550.91034
1970-06-30,714.1203703703704,680.6047
1970-07-31,731.0334528076463,745.22906
1970-08-31,1229.8387096774193,1118.1349
1970-09-30,599.9228395061729,618.1618
1970-10-31,645.1612903225806,610.9935
1970-11-30,372.9938271604938,381.4842
1970-12-31,186.00657108721623,200.87535
1971-01-31,183.24372759856632,150.05353
1971-02-28,156.00198412698413,69.71601
1971-03-31,201.0155316606929,190.24522
1971-04-30,315.0077160493827,340.79453
1971-05-31,477.8972520908004,461.7072
1971-06-30,618.8271604938271,637.0778
1971-07-31,714.979092,692.8808
1971-08-31,614.9193548387096,649.5346
1971-09-30,1369.9845679012346,1313.8475
1971-10-31,1870.1463560334528,1762.1262
1971-11-30,755.0154320987655,739.1602
1971-12-31,303.0167264038232,328.14844
1972-01-31,220.99014336917563,235.11766
1972-02-29,212.00510855683268,208.33447
1972-03-31,280.98864994026286,275.83902
1972-04-30,440.2006172839505,421.71912
1972-05-31,742.9808841099162,704.12067
1972-06-30,1060.1851851851852,1032.063
1972-07-31,1929.8835125448031,1935.919
1972-08-31,1130.152329749104,1073.8538
1972-09-30,814.8148148148148,800.8577
1972-10-31,652.6284348864993,640.73663
1972-11-30,378.00925925925924,379.75867
1972-12-31,215.01642771804063,221.58704
1973-01-31,174.99253285543608,175.97313
1973-02-28,178.98478835978835,172.04811
1973-03-31,219.01135005973723,219.8132
1973-04-30,279.0123456790124,284.90546
1973-05-31,561.9026284348865,539.4124
1973-06-30,1000.0,1018.5316
1973-07-31,953.9277180406212,905.7731
1973-08-31,928.1660692951016,921.9443
1973-09-30,1069.830247,996.49603
1973-10-31,1070.041816009558,1054.7968
1973-11-30,548.9969135802469,559.71484
1973-12-31,256.0110513739546,276.33188
1974-01-31,167.0026882,172.01964
1974-02-28,181.0102513227513,167.19939
1974-03-31,227.00119474313018,215.48796
1974-04-30,325.0,306.14337
1974-05-31,489.09796893667857,492.70773
1974-06-30,917.0524691358024,875.0831
1974-07-31,897.9241338112306,902.973
1974-08-31,1040.1732377538829,1034.6271
1974-09-30,1349.9228395061727,1370.8793
1974-10-31,999.8506571087216,1004.69244
1974-11-30,636.1882716049382,621.8847
1974-12-31,284.98357228195937,304.57095
1975-01-31,192.98835125448028,192.57832
1975-02-28,192.9976851851852,175.90027
1975-03-31,242.01015531660693,231.62947
1975-04-30,301.00308641975306,318.3035
1975-05-31,679.8835125448029,673.9991
1975-06-30,1140.0462962962963,1145.4916
1975-07-31,2280.0925925925926,2338.2004
1975-08-31,1929.8835125448031,1938.071
1975-09-30,1729.9382716049383,1740.8278
1975-10-31,2010.155316606929,1985.887
1975-11-30,949.0740741,920.1611
1975-12-31,372.0131421744325,389.72647
1976-01-31,271.9907407407408,259.92834
1976-02-29,279.01500638569604,245.97159
1976-03-31,329.0023894862604,307.6132
1976-04-30,451.3888888888889,438.6045
1976-05-31,654.8685782556751,653.5082
1976-06-30,1199.8456790123455,1130.3989
1976-07-31,1519.937275985663,1531.7858
1976-08-31,2060.185185185185,1993.8269
1976-09-30,2150.077160493828,1945.6982
1976-10-31,1120.0716845878137,1053.719
1976-11-30,586.0339506,562.8148
1976-12-31,315.00149342891274,296.11472
1977-01-31,228.0092592592593,208.85913
1977-02-28,219.9900793650794,189.07147
1977-03-31,294.9895459976105,272.50348
1977-04-30,670.1388888888889,615.4162
1977-05-31,890.0836320191158,860.45795
1977-06-30,994.9845679012343,996.66473
1977-07-31,831.0931899641577,843.6506
1977-08-31,760.9020310633214,718.8617
1977-09-30,694.8302469135804,667.78107
1977-10-31,567.1296296296297,554.1369
1977-11-30,355.0154320987654,330.24847
1977-12-31,192.98835125448028,193.60934
1978-01-31,136.9847670250896,139.1031
1978-02-28,151.00033068783068,139.73059
1978-03-31,197.99133811230587,190.63925
1978-04-30,484.9537037037037,469.0226
1978-05-31,595.1314217443249,572.80225
1978-06-30,800.9259259,794.52356
1978-07-31,620.1463560334528,622.57385
1978-08-31,1149.9402628434889,1101.6133
1978-09-30,1859.953703703704,1789.6776
1978-10-31,1089.8297491039427,1086.6354
1978-11-30,587.9629629629629,565.52716
1978-12-31,274.0068697729988,274.72705
1979-01-31,200.00746714456392,184.97594
1979-02-28,187.00396825396825,162.834
1979-03-31,221.99820788530465,201.34473
1979-04-30,390.0462962962963,373.96127
1979-05-31,400.9856630824373,410.1226
1979-06-30,467.9783950617284,471.31638
1979-07-31,1080.1224611708485,1110.9279
1979-08-31,1749.9253285543607,1737.7288
1979-09-30,1790.1234567901238,1731.1344
1979-10-31,1040.1732377538829,1014.3953
1979-11-30,486.1111111111111,472.41077
1979-12-31,266.01702508960574,251.61382
1980-01-31,183.99044205495807,167.38145
1980-02-29,185.9833971902937,156.04262
1980-03-31,244.9970131421744,213.48602
1980-04-30,339.0046296296297,311.0901
1980-05-31,368.9889486260453,356.71136
1980-06-30,616.8981481481482,618.6746
1980-07-31,1379.9283154121863,1320.7587
1980-08-31,994.9970131421744,1015.5095
1980-09-30,1420.138888888889,1425.042
1980-10-31,1170.1015531660694,1127.1333
1980-11-30,525.8487654320987,536.21893
1980-12-31,233.0122461170848,247.31174
1981-01-31,182.0116487455197,173.34998
1981-02-28,187.00396825396825,165.54051
1981-03-31,227.00119474313018,105.32316
1981-04-30,336.99845679012344,318.30243
1981-05-31,571.9832735961768,547.6659
1981-06-30,1010.0308641975308,1036.0713
1981-07-31,1670.026882,1632.3656
1981-08-31,1059.9611708482676,1077.7261
1981-09-30,3530.0925925925926,3505.6438
1981-10-31,1730.1373954599758,1720.0903
1981-11-30,697.1450617,726.69977
1981-12-31,341.9952210274791,354.26953
1982-01-31,253.99492234169654,243.75807
1982-02-28,244.00628306878303,223.47247
1982-03-31,281.9967144563919,256.79123
1982-04-30,403.1635802469135,371.78595
1982-05-31,816.9056153,863.98035
1982-06-30,1469.9074074074074,1558.0042
1982-07-31,1749.9253285543607,1852.5667
1982-08-31,1070.041816009558,1127.4905
1982-09-30,1670.138888888889,1690.1879
1982-10-31,1659.9462365591398,1668.3486
1982-11-30,736.8827160493828,723.18823
1982-12-31,340.0164277180406,325.82672
1983-01-31,234.99103942652332,223.59624
1983-02-28,217.01388888888889,203.17726
1983-03-31,233.0122461170848,237.50264
1983-04-30,442.9012345679012,447.23233
1983-05-31,868.0555555555555,866.2266
1983-06-30,1219.9074074074074,1227.3958
1983-07-31,2660.170250896057,2671.782
1983-08-31,1879.8536439665472,1814.3209
1983-09-30,1130.0154320987654,1193.226
1983-10-31,2019.862604540024,1921.7789
1983-11-30,935.1851851851852,911.2901
1983-12-31,377.83751493428906,385.15405
1984-01-31,261.01403823178015,247.57512
1984-02-29,264.0086206896552,246.80576
1984-03-31,298.9844683,287.5839
1984-04-30,412.80864197530866,404.3733
1984-05-31,498.0585424133812,485.9485
1984-06-30,1010.0308641975308,1081.4458
1984-07-31,2430.1821983273594,2436.742
1984-08-31,1500.1493428912784,1490.2731
1984-09-30,831.0185185185185,914.39056
1984-10-31,862.8285543608124,869.0938
1984-11-30,492.01388888888897,523.5512
1984-12-31,275.01493428912784,289.73956
1985-01-31,204.00238948626043,198.09637
1985-02-28,182.0023148148148,176.3512
1985-03-31,228.0092592592593,226.4416
1985-04-30,330.0154320987654,345.92062
1985-05-31,426.0005973715651,442.35367
1985-06-30,652.0061728395061,647.93207
1985-07-31,1300.0298685782557,1200.3905
1985-08-31,971.1021505376344,1076.0555
1985-09-30,2380.0154320987654,2357.535
1985-10-31,1189.889486260454,1227.475
1985-11-30,516.9753086419753,515.37695
1985-12-31,272.9988052568698,280.2739
1986-01-31,206.0185185185185,196.22548
1986-02-28,196.01521164021165,183.91429
1986-03-31,229.01732377538826,230.00758
1986-04-30,328.0092592592593,356.38528
1986-05-31,823.9994026284348,823.6113
1986-06-30,1099.9228395061727,1141.1399
1986-07-31,1580.047789725209,1753.2163
1986-08-31,717.9659498207885,797.1498
1986-09-30,996.9135802469137,1076.7123
1986-10-31,377.0908004778972,639.01154
1986-11-30,18.80015432098765,372.44675
1986-12-31,15.098566308243731,230.55801
1987-01-31,12.89949223416966,159.1678
1987-02-28,307.00231481481484,164.39232
1987-03-31,599.9850657108722,197.58719
1987-04-30,355.0154320987654,268.1861
1987-05-31,427.12066905615296,529.7444
1987-06-30,643.1327160493828,1121.1816
1987-07-31,809.0651135005974,1683.6814
1987-08-31,853.1212664277182,1100.3812
1987-09-30,333.9891975308642,691.84973
1987-10-31,234.99103942652332,563.7163
1987-11-30,226.00308641975306,352.28098
1987-12-31,375.97072879330943,196.99234
1988-01-31,321.0125448028674,153.76529
1988-02-29,415.07024265644964,156.01875
1988-03-31,484.99103942652323,223.77022
1988-04-30,339.0046296296297,345.95816
1988-05-31,449.14874551971326,420.61575
1988-06-30,493.0555555555555,789.07874
1988-07-31,700.0448028673835,842.9255
1988-08-31,554.0621266427718,592.26556
1988-09-30,581.0185185185185,803.8751
1988-10-31,604.8387096774194,1231.8102
1988-11-30,542.0524691358024,691.7708
1988-12-31,477.15053763440864,315.84695
1989-01-31,653.0017921146953,195.036
1989-02-28,457.1759259259259,173.55579
1989-03-31,443.9217443249702,269.79816
1989-04-30,420.9104938271605,381.39938
1989-05-31,676.1499402628435,860.83466
1989-06-30,770.8333333333334,2376.8171
1989-07-31,997.9838710000001,2457.6387
1989-08-31,1810.0358422939069,1988.6796
1989-09-30,1841.4351851851848,1852.4305
1989-10-31,831.0931899641577,1181.4316
1989-11-30,520.4475308641976,670.8444
1989-12-31,433.09438470728793,348.1879
1990-01-31,617.1594982078853,257.01566
1990-02-28,622.5198412698413,245.88509
1990-03-31,676.8966547192354,282.3533
1990-04-30,680.1697530864197,360.73383
1990-05-31,1070.041816009558,678.9724
1990-06-30,986.8827160493828,752.5746
1990-07-31,756.0483870967741,793.9059
1990-08-31,735.8870967741935,841.1298
1990-09-30,652.0061728395061,983.8706
1990-10-31,611.1857825567503,736.66156
1990-11-30,488.81172839506166,451.94055
1990-12-31,589.9044205495818,254.14087
1991-01-31,588.0376344086021,161.01707
1991-02-28,558.0357142857143,154.40349
1991-03-31,608.9456391875746,208.64287
1991-04-30,496.9135802469136,256.9784
1991-05-31,574.9701314217443,448.55597
1991-06-30,716.0493827160493,575.96844
1991-07-31,854.9880525686978,844.66724
1991-08-31,903.1511350059735,1160.3408
1991-09-30,601.0802469135803,809.24023
1991-10-31,535.020908,682.1293
1991-11-30,738.8117283950617,442.45453
1991-12-31,343.00328554360806,246.89125
1992-01-31,676.1499402628435,171.25082
1992-02-29,409.881864623244,161.8156
1992-03-31,363.98596176821997,196.13634
1992-04-30,388.8888888888889,366.6104
1992-05-31,554.0621266427718,470.34085
1992-06-30,689.0432098765432,805.3733
1992-07-31,658.9755077658302,1762.347
1992-08-31,629.1069295101554,1136.6263
1992-09-30,393.13271604938274,1119.5981
1992-10-31,229.01732377538826,1048.4103
1992-11-30,498.84259259259267,469.57452
1992-12-31,630.9737157,230.9191
1993-01-31,538.0077658303464,186.2107
1993-02-28,646.9080687830688,184.81378
1993-03-31,507.1311230585424,239.79633
1993-04-30,491.89814814814815,473.99252
1993-05-31,611.1857825567503,707.17847
1993-06-30,778.1635802469136,1010.66864
1993-07-31,710.1254480286739,1431.5724
1993-08-31,769.8626045400239,1678.8383
1993-09-30,839.1203703703703,1162.2091
1993-10-31,607.0788530465951,794.0962
1993-11-30,591.0493827160494,485.6952
1993-12-31,573.8500597371565,240.53401
1994-01-31,648.8948626,175.68196
1994-02-28,663.0291005291006,167.5942
1994-03-31,729.9133811230586,200.90666
1994-04-30,628.0864197530864,479.66296
1994-05-31,906.1379928315412,647.22894
1994-06-30,785.1080246913581,1151.2515
1994-07-31,623.8799283154121,1080.5719
1994-08-31,788.9038231780168,660.8297
1994-09-30,704.8611111111111,723.15283
1994-10-31,679.1367980884111,612.2076
1994-11-30,618.8271604938271,383.99774
1994-12-31,716.0991636798088,199.27586
1995-01-31,729.1666666666666,151.18254
1995-02-28,644.8412698412699,139.57481
1995-03-31,682.8703703703703,187.846
1995-04-30,444.0586419753087,393.45074
1995-05-31,586.1708482676224,715.3209
1995-06-30,783.1790123,610.07367
1995-07-31,800.8512544802867,572.8321
1995-08-31,655.9886499402628,988.2052
1995-09-30,594.1358024691358,1045.1609
1995-10-31,650.0149342891278,736.56024
1995-11-30,569.0586419753087,467.8561
1995-12-31,320.0044802867383,257.01218
1996-01-31,449.89545997610514,164.30017
1996-02-29,484.1155810983397,161.0935
1996-03-31,461.84289127837513,217.486
1996-04-30,354.0123456790124,337.5275
1996-05-31,539.8745519713261,560.944
1996-06-30,560.1851851851852,804.2827
1996-07-31,722.8195937873357,702.2529
1996-08-31,713.8590203106332,748.34607
1996-09-30,603.0092592592592,688.1771
1996-10-31,390.15830350000005,631.90173
1996-11-30,451.003086419753,405.3581
1996-12-31,452.8823178016726,220.85802
1997-01-31,123.99193548387096,157.23369
1997-02-28,375.0,138.49263
1997-03-31,270.98267622461174,210.92673
1997-04-30,352.0061728395062,297.91245
1997-05-31,471.92353643966555,785.79456
1997-06-30,655.8641975308642,769.78656
1997-07-31,521.9534050179211,848.22437
1997-08-31,355.9961170848268,696.8251
1997-09-30,452.16049382716045,545.35443
1997-10-31,570.8632019,512.62445
1997-11-30,576.0030864197531,359.0022
1997-12-31,423.0137395459976,211.29242
1998-01-31,393.14516129032256,162.75394
1998-02-28,343.99801587301585,162.3895
1998-03-31,345.99014336917566,197.82382
1998-04-30,342.0138888888889,402.77472
1998-05-31,399.1188769414576,592.7871
1998-06-30,604.9382716049382,579.26587
1998-07-31,440.9348864994026,1044.0398
1998-08-31,445.0418160095579,1237.309
1998-09-30,513.8888888888889,1244.1163
1998-10-31,524.9402628434887,909.537
1998-11-30,503.0864197530864,516.1193
1998-12-31,514.8596176821983,268.1024
1999-01-31,537.0322580645161,175.34334
1999-02-28,563.1428571428571,192.17287
1999-03-31,607.9354838709677,232.88799
1999-04-30,610.5333333333333,294.80103
1999-05-31,564.9677419354839,374.93726
1999-06-30,664.5,1472.903
1999-07-31,647.8387096774194,2358.959
1999-08-31,502.7419355,1454.33
1999-09-30,640.1,908.945
1999-10-31,594.8387096774194,1112.8848
1999-11-30,609.4666666666667,612.3561
1999-12-31,613.9677419354839,279.05893
2000-01-31,681.9354838709677,185.48503
2000-02-29,630.1379310344828,164.44893
2000-03-31,562.2580645,195.9496
2000-04-30,704.5999999999999,376.98584
2000-05-31,625.1612903225806,454.23434
2000-06-30,555.8933333333333,965.279
2000-07-31,647.7096774193549,824.1926
2000-08-31,641.5806451612904,785.6855
2000-09-30,510.1666666666667,858.6683
2000-10-31,618.0322580645161,716.8681
2000-11-30,649.3666666666667,413.47266
2000-12-31,559.7419355,212.69243
2001-01-31,480.80645161290323,155.57823
2001-02-28,518.4285714285714,157.06908
2001-03-31,500.0322580645161,179.45947
2001-04-30,468.3333333333333,310.13895
2001-05-31,587.1612903225806,473.7257
2001-06-30,598.9666666666667,820.8034
2001-07-31,617.516129,642.2492
2001-08-31,562.2258064516129,567.19525
2001-09-30,501.7,776.77277
2001-10-31,420.9354838709677,837.921
2001-11-30,628.9333333333333,437.23627
2001-12-31,661.7096774193549,228.05322
2002-01-31,385.90322580645164,149.88435
2002-02-28,378.3928571428572,152.3842
2002-03-31,476.8419354838708,183.10094
2002-04-30,536.8333333333334,248.23032
2002-05-31,552.483871,318.01767
2002-06-30,454.76666666666665,780.223
2002-07-31,512.4516129032259,826.04004
2002-08-31,549.0645161290323,516.0803
2002-09-30,530.4,422.4607
2002-10-31,760.4193548387096,363.04544
2002-11-30,666.9666666666667,236.89569
2002-12-31,506.0645161290322,156.13547
2003-01-31,373.64516129032256,114.03044
2003-02-28,214.75,119.0738
2003-03-31,253.06451612903223,163.77327
2003-04-30,387.8666666666667,236.03136
2003-05-31,394.9870967741937,380.68777
2003-06-30,426.1,529.68207
2003-07-31,510.6774193548388,813.32306
2003-08-31,342.48387096774195,1213.5541
2003-09-30,409.00000000000006,1526.3973
2003-10-31,403.2580645,1074.2471
2003-11-30,487.30000000000007,499.55716
2003-12-31,398.41935483870975,244.16307
2004-01-31,429.12903225806457,166.04808
2004-02-29,504.8275862068965,142.57404
2004-03-31,528.7419355,194.82552
2004-04-30,468.4333333333333,231.16228
2004-05-31,516.2258064516129,308.8143
2004-06-30,587.6333333333333,641.0804
2004-07-31,542.8709677419355,721.3848
2004-08-31,333.80612903225807,905.5435
2004-09-30,441.7333333333334,1097.2905
2004-10-31,537.7096774193549,886.9937
2004-11-30,484.4,508.91528
2004-12-31,504.5806451612903,258.68915
2005-01-31,513.1612903225806,179.62695
2005-02-28,406.8571428571429,162.62514
2005-03-31,457.93548387096774,205.95592
2005-04-30,523.1,343.3065
2005-05-31,556.3548387096774,624.37305
2005-06-30,532.2333333333333,809.7773
2005-07-31,588.9032258064516,1944.6711
2005-08-31,584.7419355,1623.9281
2005-09-30,591.5333333333333,1386.4338
2005-10-31,775.0322580645161,1709.6189
2005-11-30,558.3333333333334,700.65283
2005-12-31,502.3225806451612,307.7446
2006-01-31,433.4516129032258,231.07556
2006-02-28,454.82142857142856,217.30402
2006-03-31,648.0,230.56317
2006-04-30,924.2333333333332,292.35114
2006-05-31,948.6129032258065,372.47882
2006-06-30,775.5666666666667,619.96906
2006-07-31,900.5161290000001,839.9509
2006-08-31,651.7419355,640.01263
2006-09-30,531.6333333333333,794.3699
2006-10-31,512.2903225806451,741.3982
2006-11-30,506.0666666666666,416.3729
2006-12-31,488.93548387096774,228.6284
2007-01-31,495.51612903225805,164.20575
2007-02-28,481.4285714285714,152.27823
2007-03-31,568.4258064516129,225.88907
2007-04-30,571.6733333333333,306.27823
2007-05-31,664.7419355,322.62473
2007-06-30,819.9333333333333,1204.4071
2007-07-31,673.7096774193549,1457.8918
2007-08-31,824.6774193548387,974.0616
2007-09-30,821.2666666666667,1090.8533
2007-10-31,533.6451612903226,864.9569
2007-11-30,466.73333333333335,508.6885
2007-12-31,498.74193549999995,264.59738
2008-01-31,493.3548387096775,195.29968
2008-02-29,522.1379310344828,158.43848
2008-03-31,438.5806451612903,231.24231
2008-04-30,707.9333333333333,365.66135
2008-05-31,782.2580645161291,381.0255
2008-06-30,926.2333333333332,466.65994
2008-07-31,805.0967741935484,859.18
2008-08-31,782.6129032258066,1113.6656
2008-09-30,661.9666666666667,1017.4035
2008-10-31,525.7419355,1175.1671
2008-11-30,449.83000000000004,651.181
2008-12-31,509.09677419354836,325.79892
2009-01-31,460.21290322580643,218.40613
2009-02-28,564.4642857142857,228.67047
2009-03-31,573.516129,278.2811
2009-04-30,918.9666666666668,437.39862
2009-05-31,936.0967741935484,701.39215
2009-06-30,851.8,1082.0679
2009-07-31,618.0645161290323,1714.2566
2009-08-31,665.9677419354839,1629.335
2009-09-30,635.3666666666667,1610.2
2009-10-31,602.8709677419355,1283.644
2009-11-30,666.1333333333334,736.5268
2009-12-31,545.7096774193549,404.83276
2010-01-31,506.38709677419365,256.90884
2010-02-28,444.3214285714286,246.00618
2010-03-31,500.7419355,286.4012
2010-04-30,838.0,323.85797
2010-05-31,906.2903225806452,383.64368
2010-06-30,910.2,977.4985
2010-07-31,1045.6129032258063,2122.6106
2010-08-31,1101.8064516129032,1044.0023
2010-09-30,880.3,733.5702
2010-10-31,568.5483870967741,644.17365
2010-11-30,539.6333333333333,456.63254
2010-12-31,595.2258064516129,240.58095
2011-01-31,558.2580645,193.98384
2011-02-28,340.2142857142857,172.52325
2011-03-31,583.5806451612904,223.91797
2011-04-30,819.2666666666667,384.2489
2011-05-31,845.2580645,477.05496
2011-06-30,728.5,1146.8203
2011-07-31,696.5483870967741,1616.958
2011-08-31,659.8709677419355,986.6706
2011-09-30,648.3333333333334,1014.5646
2011-10-31,578.0967741935484,1083.3325
2011-11-30,564.0333333333333,662.0076
2011-12-31,580.2580645,368.75153
2012-01-31,511.35483870967744,260.22092
2012-02-29,468.7241379310345,248.28227
2012-03-31,459.1290322580645,305.23914
2012-04-30,605.6333333333333,514.54193
2012-05-31,856.0645161290323,821.6603
2012-06-30,852.9666666666667,1094.2867
2012-07-31,1100.741935483871,2585.0415
2012-08-31,1644.1935483870968,2378.305
2012-09-30,956.6333333333333,1116.3215
2012-10-31,862.483871,903.08
2012-11-30,718.1600000000001,516.26697
2012-12-31,558.4516129032259,271.10638
2013-01-31,614.9451612964754,243.69424
2013-02-28,510.9642857142858,263.1612
2013-03-31,616.483871,325.56296
2013-04-30,789.9,326.72705
2013-05-31,878.8064516129032,648.23846
2013-06-30,846.6666666666666,899.715
2013-07-31,744.483871,1596.4556
2013-08-31,847.4516129032259,1273.0013
2013-09-30,746.2333333333333,798.1372
2013-10-31,619.2258064516129,647.19293
2013-11-30,716.3,400.24628
2013-12-31,571.6774193548387,217.1015
2014-01-31,597.5806451612904,169.44139
2014-02-28,501.9285714285714,166.82454
2014-03-31,561.1290322580645,225.28033
2014-04-30,497.953333346049,345.58246
2014-05-31,677.6129032258065,447.33395
2014-06-30,722.2,944.8268
2014-07-31,817.5483870967741,1004.3136
2014-08-31,840.483871,1092.066
2014-09-30,828.6666666666666,1502.5996
2014-10-31,645.2258064516129,1087.8964
2014-11-30,698.6,515.80646
2014-12-31,562.0,302.46674
2015-01-31,510.7419355,240.95808
2015-02-28,490.6785714285714,221.65062
2015-03-31,625.5483870967741,260.63443
2015-04-30,597.6666666666666,298.40778
2015-05-31,638.7741935483871,351.7329
2015-06-30,606.7829999999999,751.4331
2015-07-31,807.6451612903226,1283.528
2015-08-31,746.8387096774194,576.88837
2015-09-30,637.1666666666666,680.2572
2015-10-31,584.9677419354839,727.73267
2015-11-30,574.1333333333333,408.9315
2015-12-31,476.83870967741933,243.82954
2016-01-31,468.32258064516134,165.20044
2016-02-29,452.655172413793,157.86017
2016-03-31,513.483871,209.74971
2016-04-30,470.5333333333334,317.93872
2016-05-31,565.483871,487.11725
2016-06-30,552.5666666666667,641.2557
2016-07-31,704.8064516129032,740.0968
2016-08-31,510.48387099999997,601.3932
2016-09-30,406.93333333333334,669.65594
2016-10-31,427.0967741935484,793.5546
2016-11-30,372.3333333333333,459.608
2016-12-31,323.61290322580646,267.61984
2017-01-31,332.1290322580645,181.23233
2017-02-28,416.3571428571428,181.28442
2017-03-31,448.4193548387097,213.69896
2017-04-30,483.5,316.99826
2017-05-31,529.5483870967741,414.1654
2017-06-30,557.1,921.4887
2017-07-31,639.7741935483871,672.26117
2017-08-31,578.0967741935484,624.42163
2017-09-30,506.6333333333334,1189.4813
2017-10-31,497.1612903225807,1579.4927
2017-11-30,487.8999999999999,770.3991
2017-12-31,514.3548387096774,368.9744
2018-01-31,471.8387096774193,219.42378
2018-02-28,426.75,190.44029
2018-03-31,481.8064516129031,227.23984
2018-04-30,670.4666666666667,406.21204
2018-05-31,884.1290322580644,815.3581
2018-06-30,1016.3000000000001,1086.4019
2018-07-31,1247.9354838709678,2310.5645
2018-08-31,1214.9032258064517,1389.3776
2018-09-30,1999.0666666666664,2106.3933
2018-10-31,1327.225806451613,1454.9108
2018-11-30,735.7,741.9793
2018-12-31,668.8064516129032,382.49026
2019-01-31,471.8387096774193,274.28125
2019-02-28,426.75,268.01547
2019-03-31,481.8064516129031,296.52744
2019-04-30,670.4666666666667,543.26355
2019-05-31,884.1290322580644,820.1305
2019-06-30,1016.3000000000001,1675.9458
2019-07-31,1247.9354838709678,2253.404
2019-08-31,1214.9032258064517,1571.0809
2019-09-30,1999.0666666666664,1775.1411
2019-10-31,1327.225806451613,1402.0363
2019-11-30,735.7,767.16833
2019-12-31,668.8064516129032,364.91382
