date,flow_{t+1},CER-CNN
1961-01-31,219.01135005973723,214.5923
1961-02-28,214.9884259259259,218.8583
1961-03-31,279.00985663082434,258.788
1961-04-30,525.0771604938271,533.45245
1961-05-31,701.9115890083632,687.33136
1961-06-30,849.9228395061729,904.74084
1961-07-31,1749.9253285543607,1761.9067
1961-08-31,1210.0507765830346,1215.0774
1961-09-30,1260.0308641975307,1322.7975
1961-10-31,1479.9880525686976,1526.0574
1961-11-30,880.0154320987656,922.31635
1961-12-31,368.9889486260453,377.95938
1962-01-31,256.98178016726405,255.0653
1962-02-28,234.99503968253967,236.53517
1962-03-31,289.35185185185185,288.88892
1962-04-30,444.0586419753087,458.5889
1962-05-31,617.9062126642772,624.7312
1962-06-30,1160.108024691358,1155.8547
1962-07-31,1490.068697729988,1553.899
1962-08-31,1260.0806451612902,1209.8636
1962-09-30,755.0154320987655,766.923
1962-10-31,778.0764635603346,792.032
1962-11-30,511.1882716049383,510.55655
1962-12-31,275.98566308243727,269.4061
1963-01-31,176.00059737156514,228.64496
1963-02-28,188.98809523809524,215.56087
1963-03-31,247.98387096774192,268.82587
1963-04-30,331.01851851851853,351.72485
1963-05-31,523.8201911589008,510.96225
1963-06-30,714.8919753,685.35925
1963-07-31,1609.9163679808842,1635.1255
1963-08-31,1310.110513739546,1272.0046
1963-09-30,2369.984567901234,2368.5305
1963-10-31,1870.1463560334528,1855.9326
1963-11-30,694.8302469135804,671.62256
1963-12-31,340.0164277180406,352.51862
1964-01-31,238.98596176821985,254.62267
1964-02-29,253.9910600255428,255.77596
1964-03-31,318.9964157706093,309.7958
1964-04-30,486.1111111111111,453.69107
1964-05-31,670.9229390681004,641.0433
1964-06-30,719.9074074074074,702.74164
1964-07-31,2000.0746714456395,2035.991
1964-08-31,1540.0985663082438,1485.361
1964-09-30,1599.9228395061727,1582.2856
1964-10-31,1369.847670250896,1374.7855
1964-11-30,652.0061728395061,640.4251
1964-12-31,332.9973118,322.65732
1965-01-31,238.98596176821985,236.97804
1965-02-28,265.54232804232805,236.8453
1965-03-31,283.0047789725209,270.30655
1965-04-30,432.87037037037044,439.12985
1965-05-31,667.9360812425329,641.4669
1965-06-30,935.1851851851852,897.31006
1965-07-31,1569.9671445639185,1576.4087
1965-08-31,838.9336917562724,815.2708
1965-09-30,1050.1543209876545,1028.6057
1965-10-31,869.9223416965351,894.56384
1965-11-30,447.91666666666663,452.25735
1965-12-31,223.0062724014337,240.89989
1966-01-31,187.0146356033453,195.58336
1966-02-28,187.00396825396825,200.64256
1966-03-31,244.9970131421744,245.35677
1966-04-30,334.99228395061726,344.5332
1966-05-31,405.09259259259267,435.24298
1966-06-30,484.18209876543216,506.48996
1966-07-31,1040.1732377538829,1066.0536
1966-08-31,1780.1672640382317,1777.2363
1966-09-30,2060.185185185185,2083.8604
1966-10-31,1469.9074074074072,1429.9724
1966-11-30,635.0308641975308,604.1387
1966-12-31,325.0074671445639,302.59894
1967-01-31,243.9889486260454,251.06587
1967-02-28,218.0059523809524,239.14021
1967-03-31,270.98267622461174,289.60556
1967-04-30,369.9845679012346,380.02277
1967-05-31,1160.020908004779,1111.8115
1967-06-30,1219.9074074074074,1147.843
1967-07-31,2113.575268817204,2103.4463
1967-08-31,1699.8954599761048,1657.5558
1967-09-30,2550.154320987654,2573.7231
1967-10-31,1630.077658303465,1622.6702
1967-11-30,841.0493827160494,815.7827
1967-12-31,386.05137395459974,384.7825
1968-01-31,286.9997013142174,266.02344
1968-02-29,253.9910600255428,259.4242
1968-03-31,317.9883512544803,306.4193
1968-04-30,496.9135802469136,489.7207
1968-05-31,1189.889486260454,1178.7646
1968-06-30,1130.0154320987654,1127.5608
1968-07-31,1440.0388291517324,1457.5115
1968-08-31,1020.0119474313022,997.3304
1968-09-30,2069.830247,2119.7466
1968-10-31,1319.8178016726404,1313.5452
1968-11-30,677.8549383,676.28345
1968-12-31,378.9575866188769,359.31396
1969-01-31,261.9847670250896,238.67162
1969-02-28,251.98412700000003,239.29735
1969-03-31,294.9895459976105,278.60815
1969-04-30,375.0000000000001,403.78476
1969-05-31,548.8351254480286,577.9049
1969-06-30,689.8148148148148,689.70953
1969-07-31,1149.9402628434889,1115.4185
1969-08-31,881.8697729988053,908.81537
1969-09-30,768.1327160493827,769.2777
1969-10-31,896.057347670251,873.63556
1969-11-30,437.11419753086426,430.52847
1969-12-31,218.0032855436081,237.7284
1970-01-31,183.99044205495807,208.77599
1970-02-28,159.01951058201058,198.54861
1970-03-31,200.00746714456392,245.87431
1970-04-30,380.0154320987655,394.53726
1970-05-31,594.0113500597372,591.59265
1970-06-30,714.1203703703704,689.4195
1970-07-31,731.0334528076463,723.307
1970-08-31,1229.8387096774193,1181.2021
1970-09-30,599.9228395061729,600.7001
1970-10-31,645.1612903225806,668.9908
1970-11-30,372.9938271604938,373.9384
1970-12-31,186.00657108721623,214.95251
1971-01-31,183.24372759856632,176.19261
1971-02-28,156.00198412698413,156.238
1971-03-31,201.0155316606929,228.87524
1971-04-30,315.0077160493827,323.63757
1971-05-31,477.8972520908004,481.9191
1971-06-30,618.8271604938271,591.75616
1971-07-31,714.979092,728.18854
1971-08-31,614.9193548387096,659.73004
1971-09-30,1369.9845679012346,1444.698
1971-10-31,1870.1463560334528,1879.6775
1971-11-30,755.0154320987655,731.8568
1971-12-31,303.0167264038232,284.69904
1972-01-31,220.99014336917563,228.44795
1972-02-29,212.00510855683268,219.3552
1972-03-31,280.98864994026286,259.74088
1972-04-30,440.2006172839505,400.64786
1972-05-31,742.9808841099162,713.65076
1972-06-30,1060.1851851851852,1038.964
1972-07-31,1929.8835125448031,1925.7389
1972-08-31,1130.152329749104,1132.7114
1972-09-30,814.8148148148148,791.96014
1972-10-31,652.6284348864993,671.8533
1972-11-30,378.00925925925924,383.4236
1972-12-31,215.01642771804063,232.44025
1973-01-31,174.99253285543608,197.64459
1973-02-28,178.98478835978835,190.31908
1973-03-31,219.01135005973723,239.64676
1973-04-30,279.0123456790124,306.4112
1973-05-31,561.9026284348865,539.5429
1973-06-30,1000.0,1003.8808
1973-07-31,953.9277180406212,936.59015
1973-08-31,928.1660692951016,911.2271
1973-09-30,1069.830247,1122.7714
1973-10-31,1070.041816009558,1147.8956
1973-11-30,548.9969135802469,601.57086
1973-12-31,256.0110513739546,267.27884
1974-01-31,167.0026882,206.97005
1974-02-28,181.0102513227513,215.73854
1974-03-31,227.00119474313018,241.58801
1974-04-30,325.0,360.299
1974-05-31,489.09796893667857,518.00726
1974-06-30,917.0524691358024,931.50696
1974-07-31,897.9241338112306,928.7827
1974-08-31,1040.1732377538829,1044.9851
1974-09-30,1349.9228395061727,1379.8047
1974-10-31,999.8506571087216,1045.354
1974-11-30,636.1882716049382,630.7393
1974-12-31,284.98357228195937,282.86414
1975-01-31,192.98835125448028,221.054
1975-02-28,192.9976851851852,217.41872
1975-03-31,242.01015531660693,266.02835
1975-04-30,301.00308641975306,344.24884
1975-05-31,679.8835125448029,678.107
1975-06-30,1140.0462962962963,1140.8613
1975-07-31,2280.0925925925926,2246.3032
1975-08-31,1929.8835125448031,1858.4772
1975-09-30,1729.9382716049383,1790.7843
1975-10-31,2010.155316606929,2079.5496
1975-11-30,949.0740741,957.61725
1975-12-31,372.0131421744325,380.93777
1976-01-31,271.9907407407408,263.4749
1976-02-29,279.01500638569604,262.17776
1976-03-31,329.0023894862604,339.59225
1976-04-30,451.3888888888889,439.04028
1976-05-31,654.8685782556751,677.1323
1976-06-30,1199.8456790123455,1157.6625
1976-07-31,1519.937275985663,1513.4004
1976-08-31,2060.185185185185,2027.2128
1976-09-30,2150.077160493828,2110.0317
1976-10-31,1120.0716845878137,1100.3236
1976-11-30,586.0339506,577.4055
1976-12-31,315.00149342891274,317.96387
1977-01-31,228.0092592592593,243.79956
1977-02-28,219.9900793650794,235.53413
1977-03-31,294.9895459976105,305.17502
1977-04-30,670.1388888888889,676.64545
1977-05-31,890.0836320191158,880.965
1977-06-30,994.9845679012343,945.9167
1977-07-31,831.0931899641577,796.31134
1977-08-31,760.9020310633214,740.3904
1977-09-30,694.8302469135804,672.82526
1977-10-31,567.1296296296297,563.3696
1977-11-30,355.0154320987654,357.57938
1977-12-31,192.98835125448028,216.0542
1978-01-31,136.9847670250896,164.41664
1978-02-28,151.00033068783068,173.51599
1978-03-31,197.99133811230587,217.8773
1978-04-30,484.9537037037037,506.71744
1978-05-31,595.1314217443249,583.55963
1978-06-30,800.9259259,797.87024
1978-07-31,620.1463560334528,684.7746
1978-08-31,1149.9402628434889,1164.1305
1978-09-30,1859.953703703704,1900.1489
1978-10-31,1089.8297491039427,1099.7878
1978-11-30,587.9629629629629,600.5339
1978-12-31,274.0068697729988,284.318
1979-01-31,200.00746714456392,221.93799
1979-02-28,187.00396825396825,206.54332
1979-03-31,221.99820788530465,246.01045
1979-04-30,390.0462962962963,379.3347
1979-05-31,400.9856630824373,433.6847
1979-06-30,467.9783950617284,486.65424
1979-07-31,1080.1224611708485,1066.4844
1979-08-31,1749.9253285543607,1715.0609
1979-09-30,1790.1234567901238,1744.8336
1979-10-31,1040.1732377538829,1041.8936
1979-11-30,486.1111111111111,472.34863
1979-12-31,266.01702508960574,257.05627
1980-01-31,183.99044205495807,221.4553
1980-02-29,185.9833971902937,207.02754
1980-03-31,244.9970131421744,249.67134
1980-04-30,339.0046296296297,355.43698
1980-05-31,368.9889486260453,406.548
1980-06-30,616.8981481481482,605.87787
1980-07-31,1379.9283154121863,1335.1688
1980-08-31,994.9970131421744,995.5847
1980-09-30,1420.138888888889,1460.9751
1980-10-31,1170.1015531660694,1219.9685
1980-11-30,525.8487654320987,514.97504
1980-12-31,233.0122461170848,259.17096
1981-01-31,182.0116487455197,211.27715
1981-02-28,187.00396825396825,197.62093
1981-03-31,227.00119474313018,232.173
1981-04-30,336.99845679012344,341.83264
1981-05-31,571.9832735961768,561.57526
1981-06-30,1010.0308641975308,972.7961
1981-07-31,1670.026882,1615.4347
1981-08-31,1059.9611708482676,1035.4578
1981-09-30,3530.0925925925926,3523.0305
1981-10-31,1730.1373954599758,1710.0637
1981-11-30,697.1450617,703.9082
1981-12-31,341.9952210274791,366.19928
1982-01-31,253.99492234169654,270.93436
1982-02-28,244.00628306878303,262.37497
1982-03-31,281.9967144563919,290.5007
1982-04-30,403.1635802469135,412.73355
1982-05-31,816.9056153,817.41077
1982-06-30,1469.9074074074074,1452.0565
1982-07-31,1749.9253285543607,1711.1151
1982-08-31,1070.041816009558,1012.19366
1982-09-30,1670.138888888889,1706.7831
1982-10-31,1659.9462365591398,1667.0953
1982-11-30,736.8827160493828,735.6911
1982-12-31,340.0164277180406,351.77786
1983-01-31,234.99103942652332,257.30917
1983-02-28,217.01388888888889,239.54907
1983-03-31,233.0122461170848,266.0423
1983-04-30,442.9012345679012,431.585
1983-05-31,868.0555555555555,801.5938
1983-06-30,1219.9074074074074,1054.5994
1983-07-31,2660.170250896057,2149.8596
1983-08-31,1879.8536439665472,1654.8484
1983-09-30,1130.0154320987654,1070.0286
1983-10-31,2019.862604540024,1504.5917
1983-11-30,935.1851851851852,886.8389
1983-12-31,377.83751493428906,394.63037
1984-01-31,261.01403823178015,266.82657
1984-02-29,264.0086206896552,235.14769
1984-03-31,298.9844683,268.30408
1984-04-30,412.80864197530866,406.92633
1984-05-31,498.0585424133812,751.6039
1984-06-30,1010.0308641975308,1165.3066
1984-07-31,2430.1821983273594,2348.1938
1984-08-31,1500.1493428912784,1593.3882
1984-09-30,831.0185185185185,1093.0522
1984-10-31,862.8285543608124,960.87573
1984-11-30,492.01388888888897,520.599
1984-12-31,275.01493428912784,273.78094
1985-01-31,204.00238948626043,210.67868
1985-02-28,182.0023148148148,205.42986
1985-03-31,228.0092592592593,238.76297
1985-04-30,330.0154320987654,508.0428
1985-05-31,426.0005973715651,802.6517
1985-06-30,652.0061728395061,1007.69415
1985-07-31,1300.0298685782557,1407.1735
1985-08-31,971.1021505376344,1082.2876
1985-09-30,2380.0154320987654,2277.596
1985-10-31,1189.889486260454,1552.3826
1985-11-30,516.9753086419753,577.8046
1985-12-31,272.9988052568698,306.1125
1986-01-31,206.0185185185185,245.61885
1986-02-28,196.01521164021165,233.98848
1986-03-31,229.01732377538826,267.04034
1986-04-30,328.0092592592593,574.2824
1986-05-31,823.9994026284348,971.9633
1986-06-30,1099.9228395061727,1142.7927
1986-07-31,1580.047789725209,1704.5056
1986-08-31,717.9659498207885,811.7396
1986-09-30,996.9135802469137,1029.426
1986-10-31,377.0908004778972,827.83325
1986-11-30,18.80015432098765,371.43585
1986-12-31,15.098566308243731,238.17075
1987-01-31,12.89949223416966,199.60971
1987-02-28,307.00231481481484,189.08928
1987-03-31,599.9850657108722,244.66754
1987-04-30,355.0154320987654,428.60748
1987-05-31,427.12066905615296,645.4034
1987-06-30,643.1327160493828,987.0178
1987-07-31,809.0651135005974,1594.332
1987-08-31,853.1212664277182,887.8911
1987-09-30,333.9891975308642,718.61847
1987-10-31,234.99103942652332,761.1781
1987-11-30,226.00308641975306,396.30496
1987-12-31,375.97072879330943,241.48413
1988-01-31,321.0125448028674,205.45003
1988-02-29,415.07024265644964,208.58243
1988-03-31,484.99103942652323,235.48514
1988-04-30,339.0046296296297,409.0878
1988-05-31,449.14874551971326,753.43207
1988-06-30,493.0555555555555,992.8526
1988-07-31,700.0448028673835,1037.2365
1988-08-31,554.0621266427718,1091.1976
1988-09-30,581.0185185185185,1018.5976
1988-10-31,604.8387096774194,1515.7947
1988-11-30,542.0524691358024,1102.3727
1988-12-31,477.15053763440864,345.92935
1989-01-31,653.0017921146953,255.84232
1989-02-28,457.1759259259259,231.95836
1989-03-31,443.9217443249702,316.14056
1989-04-30,420.9104938271605,503.48474
1989-05-31,676.1499402628435,818.5498
1989-06-30,770.8333333333334,1800.6255
1989-07-31,997.9838710000001,1826.2808
1989-08-31,1810.0358422939069,1818.9684
1989-09-30,1841.4351851851848,1950.1897
1989-10-31,831.0931899641577,1621.8602
1989-11-30,520.4475308641976,574.18756
1989-12-31,433.09438470728793,427.9468
1990-01-31,617.1594982078853,270.674
1990-02-28,622.5198412698413,335.35135
1990-03-31,676.8966547192354,1022.7956
1990-04-30,680.1697530864197,1017.7813
1990-05-31,1070.041816009558,889.39813
1990-06-30,986.8827160493828,1208.1565
1990-07-31,756.0483870967741,1250.5955
1990-08-31,735.8870967741935,1041.1373
1990-09-30,652.0061728395061,1313.2643
1990-10-31,611.1857825567503,1003.3839
1990-11-30,488.81172839506166,574.77136
1990-12-31,589.9044205495818,260.89496
1991-01-31,588.0376344086021,206.44136
1991-02-28,558.0357142857143,210.31976
1991-03-31,608.9456391875746,236.18387
1991-04-30,496.9135802469136,381.55008
1991-05-31,574.9701314217443,551.0702
1991-06-30,716.0493827160493,656.2955
1991-07-31,854.9880525686978,908.8938
1991-08-31,903.1511350059735,1123.4384
1991-09-30,601.0802469135803,1089.5469
1991-10-31,535.020908,1171.2028
1991-11-30,738.8117283950617,729.83875
1991-12-31,343.00328554360806,290.83655
1992-01-31,676.1499402628435,237.36116
1992-02-29,409.881864623244,215.71902
1992-03-31,363.98596176821997,251.31223
1992-04-30,388.8888888888889,352.41547
1992-05-31,554.0621266427718,676.42694
1992-06-30,689.0432098765432,962.4602
1992-07-31,658.9755077658302,1863.1489
1992-08-31,629.1069295101554,1426.3896
1992-09-30,393.13271604938274,1151.1234
1992-10-31,229.01732377538826,1395.8995
1992-11-30,498.84259259259267,556.21985
1992-12-31,630.9737157,283.5616
1993-01-31,538.0077658303464,237.31573
1993-02-28,646.9080687830688,224.86316
1993-03-31,507.1311230585424,271.76318
1993-04-30,491.89814814814815,446.88083
1993-05-31,611.1857825567503,686.13745
1993-06-30,778.1635802469136,1058.5037
1993-07-31,710.1254480286739,1534.1587
1993-08-31,769.8626045400239,1811.2659
1993-09-30,839.1203703703703,1057.6381
1993-10-31,607.0788530465951,879.3076
1993-11-30,591.0493827160494,466.46063
1993-12-31,573.8500597371565,271.83295
1994-01-31,648.8948626,212.6348
1994-02-28,663.0291005291006,209.82175
1994-03-31,729.9133811230586,243.66315
1994-04-30,628.0864197530864,456.09793
1994-05-31,906.1379928315412,922.9569
1994-06-30,785.1080246913581,1177.49
1994-07-31,623.8799283154121,1444.475
1994-08-31,788.9038231780168,1072.8811
1994-09-30,704.8611111111111,1323.8591
1994-10-31,679.1367980884111,1040.4866
1994-11-30,618.8271604938271,596.5303
1994-12-31,716.0991636798088,283.65488
1995-01-31,729.1666666666666,227.40561
1995-02-28,644.8412698412699,220.94504
1995-03-31,682.8703703703703,412.6749
1995-04-30,444.0586419753087,585.432
1995-05-31,586.1708482676224,816.1268
1995-06-30,783.1790123,976.123
1995-07-31,800.8512544802867,1059.0496
1995-08-31,655.9886499402628,1680.4739
1995-09-30,594.1358024691358,1597.5203
1995-10-31,650.0149342891278,745.208
1995-11-30,569.0586419753087,625.49115
1995-12-31,320.0044802867383,300.17593
1996-01-31,449.89545997610514,251.84201
1996-02-29,484.1155810983397,248.24756
1996-03-31,461.84289127837513,460.12955
1996-04-30,354.0123456790124,668.70807
1996-05-31,539.8745519713261,812.9835
1996-06-30,560.1851851851852,1076.3557
1996-07-31,722.8195937873357,1240.3116
1996-08-31,713.8590203106332,1341.255
1996-09-30,603.0092592592592,1137.2323
1996-10-31,390.15830350000005,876.38525
1996-11-30,451.003086419753,546.93256
1996-12-31,452.8823178016726,274.43387
1997-01-31,123.99193548387096,232.50238
1997-02-28,375.0,215.89084
1997-03-31,270.98267622461174,356.0298
1997-04-30,352.0061728395062,567.04034
1997-05-31,471.92353643966555,753.1519
1997-06-30,655.8641975308642,985.5042
1997-07-31,521.9534050179211,1249.095
1997-08-31,355.9961170848268,1021.5805
1997-09-30,452.16049382716045,910.13104
1997-10-31,570.8632019,785.39453
1997-11-30,576.0030864197531,442.20068
1997-12-31,423.0137395459976,258.36322
1998-01-31,393.14516129032256,213.2575
1998-02-28,343.99801587301585,223.18411
1998-03-31,345.99014336917566,279.3309
1998-04-30,342.0138888888889,507.61145
1998-05-31,399.1188769414576,720.13635
1998-06-30,604.9382716049382,831.12305
1998-07-31,440.9348864994026,1186.1931
1998-08-31,445.0418160095579,1516.5684
1998-09-30,513.8888888888889,1855.1318
1998-10-31,524.9402628434887,1294.5851
1998-11-30,503.0864197530864,561.6899
1998-12-31,514.8596176821983,299.65005
1999-01-31,537.0322580645161,226.96382
1999-02-28,563.1428571428571,231.01671
1999-03-31,607.9354838709677,292.27972
1999-04-30,610.5333333333333,490.00598
1999-05-31,564.9677419354839,676.081
1999-06-30,664.5,1292.2509
1999-07-31,647.8387096774194,2133.2236
1999-08-31,502.7419355,1414.0431
1999-09-30,640.1,796.0369
1999-10-31,594.8387096774194,815.6759
1999-11-30,609.4666666666667,506.10474
1999-12-31,613.9677419354839,318.19803
2000-01-31,681.9354838709677,214.83415
2000-02-29,630.1379310344828,213.31476
2000-03-31,562.2580645,251.58047
2000-04-30,704.5999999999999,462.9639
2000-05-31,625.1612903225806,613.24713
2000-06-30,555.8933333333333,1082.4255
2000-07-31,647.7096774193549,938.1427
2000-08-31,641.5806451612904,866.0995
2000-09-30,510.1666666666667,1070.5426
2000-10-31,618.0322580645161,823.43616
2000-11-30,649.3666666666667,500.58017
2000-12-31,559.7419355,279.3088
2001-01-31,480.80645161290323,211.95518
2001-02-28,518.4285714285714,222.72806
2001-03-31,500.0322580645161,262.63538
2001-04-30,468.3333333333333,453.70706
2001-05-31,587.1612903225806,694.2042
2001-06-30,598.9666666666667,938.4074
2001-07-31,617.516129,877.3575
2001-08-31,562.2258064516129,767.29346
2001-09-30,501.7,953.23096
2001-10-31,420.9354838709677,1351.8838
2001-11-30,628.9333333333333,604.37036
2001-12-31,661.7096774193549,262.93985
2002-01-31,385.90322580645164,189.88792
2002-02-28,378.3928571428572,196.40997
2002-03-31,476.8419354838708,236.77855
2002-04-30,536.8333333333334,392.66644
2002-05-31,552.483871,560.51526
2002-06-30,454.76666666666665,939.43787
2002-07-31,512.4516129032259,1027.6118
2002-08-31,549.0645161290323,768.76184
2002-09-30,530.4,706.131
2002-10-31,760.4193548387096,757.3049
2002-11-30,666.9666666666667,387.11697
2002-12-31,506.0645161290322,229.2756
2003-01-31,373.64516129032256,185.61499
2003-02-28,214.75,192.06798
2003-03-31,253.06451612903223,246.00545
2003-04-30,387.8666666666667,326.27734
2003-05-31,394.9870967741937,466.58228
2003-06-30,426.1,719.0172
2003-07-31,510.6774193548388,877.02454
2003-08-31,342.48387096774195,1289.7854
2003-09-30,409.00000000000006,1615.1616
2003-10-31,403.2580645,1425.7
2003-11-30,487.30000000000007,678.2132
2003-12-31,398.41935483870975,311.1374
2004-01-31,429.12903225806457,228.66925
2004-02-29,504.8275862068965,238.33626
2004-03-31,528.7419355,260.53717
2004-04-30,468.4333333333333,377.4663
2004-05-31,516.2258064516129,489.86148
2004-06-30,587.6333333333333,870.42615
2004-07-31,542.8709677419355,890.92944
2004-08-31,333.80612903225807,880.2225
2004-09-30,441.7333333333334,1210.7428
2004-10-31,537.7096774193549,1266.6011
2004-11-30,484.4,657.7332
2004-12-31,504.5806451612903,277.13223
2005-01-31,513.1612903225806,225.79533
2005-02-28,406.8571428571429,224.36487
2005-03-31,457.93548387096774,246.48605
2005-04-30,523.1,355.1761
2005-05-31,556.3548387096774,777.3441
2005-06-30,532.2333333333333,1021.92834
2005-07-31,588.9032258064516,2153.9985
2005-08-31,584.7419355,1391.6279
2005-09-30,591.5333333333333,1167.2345
2005-10-31,775.0322580645161,1592.7885
2005-11-30,558.3333333333334,622.7753
2005-12-31,502.3225806451612,341.69226
2006-01-31,433.4516129032258,246.15675
2006-02-28,454.82142857142856,243.49182
2006-03-31,648.0,303.00092
2006-04-30,924.2333333333332,484.304
2006-05-31,948.6129032258065,808.7239
2006-06-30,775.5666666666667,1088.5814
2006-07-31,900.5161290000001,1277.9994
2006-08-31,651.7419355,977.19006
2006-09-30,531.6333333333333,1147.4551
2006-10-31,512.2903225806451,842.38354
2006-11-30,506.0666666666666,513.47614
2006-12-31,488.93548387096774,261.7618
2007-01-31,495.51612903225805,212.14488
2007-02-28,481.4285714285714,197.03632
2007-03-31,568.4258064516129,245.39606
2007-04-30,571.6733333333333,342.9248
2007-05-31,664.7419355,509.81592
2007-06-30,819.9333333333333,960.67975
2007-07-31,673.7096774193549,1352.8936
2007-08-31,824.6774193548387,1016.3696
2007-09-30,821.2666666666667,1023.55743
2007-10-31,533.6451612903226,1015.6863
2007-11-30,466.73333333333335,530.14343
2007-12-31,498.74193549999995,265.77423
2008-01-31,493.3548387096775,206.10017
2008-02-29,522.1379310344828,216.7816
2008-03-31,438.5806451612903,248.06223
2008-04-30,707.9333333333333,431.2378
2008-05-31,782.2580645161291,651.0966
2008-06-30,926.2333333333332,824.8996
2008-07-31,805.0967741935484,1020.07697
2008-08-31,782.6129032258066,1338.3337
2008-09-30,661.9666666666667,1144.631
2008-10-31,525.7419355,1459.9827
2008-11-30,449.83000000000004,691.7213
2008-12-31,509.09677419354836,285.96396
2009-01-31,460.21290322580643,232.53423
2009-02-28,564.4642857142857,221.37564
2009-03-31,573.516129,262.84445
2009-04-30,918.9666666666668,376.15533
2009-05-31,936.0967741935484,726.8701
2009-06-30,851.8,1066.037
2009-07-31,618.0645161290323,1866.7944
2009-08-31,665.9677419354839,1588.777
2009-09-30,635.3666666666667,1686.148
2009-10-31,602.8709677419355,1249.2483
2009-11-30,666.1333333333334,553.2883
2009-12-31,545.7096774193549,343.1401
2010-01-31,506.38709677419365,250.24986
2010-02-28,444.3214285714286,242.502
2010-03-31,500.7419355,319.40024
2010-04-30,838.0,439.2415
2010-05-31,906.2903225806452,772.75214
2010-06-30,910.2,1294.0635
2010-07-31,1045.6129032258063,2372.413
2010-08-31,1101.8064516129032,1204.1921
2010-09-30,880.3,836.39795
2010-10-31,568.5483870967741,690.68744
2010-11-30,539.6333333333333,440.44272
2010-12-31,595.2258064516129,268.33365
2011-01-31,558.2580645,220.43765
2011-02-28,340.2142857142857,206.90036
2011-03-31,583.5806451612904,228.42506
2011-04-30,819.2666666666667,332.16232
2011-05-31,845.2580645,541.2232
2011-06-30,728.5,891.4317
2011-07-31,696.5483870967741,1267.2886
2011-08-31,659.8709677419355,920.40924
2011-09-30,648.3333333333334,1118.7863
2011-10-31,578.0967741935484,1286.1086
2011-11-30,564.0333333333333,649.71436
2011-12-31,580.2580645,281.67218
2012-01-31,511.35483870967744,229.95354
2012-02-29,468.7241379310345,205.32158
2012-03-31,459.1290322580645,238.21016
2012-04-30,605.6333333333333,353.27902
2012-05-31,856.0645161290323,807.2023
2012-06-30,852.9666666666667,1027.246
2012-07-31,1100.741935483871,2233.346
2012-08-31,1644.1935483870968,2379.4788
2012-09-30,956.6333333333333,1526.6997
2012-10-31,862.483871,1016.10876
2012-11-30,718.1600000000001,543.1086
2012-12-31,558.4516129032259,319.61212
2013-01-31,614.9451612964754,249.71674
2013-02-28,510.9642857142858,234.96011
2013-03-31,616.483871,314.21225
2013-04-30,789.9,407.69022
2013-05-31,878.8064516129032,644.8226
2013-06-30,846.6666666666666,995.23425
2013-07-31,744.483871,1688.1555
2013-08-31,847.4516129032259,1138.9578
2013-09-30,746.2333333333333,810.2393
2013-10-31,619.2258064516129,845.8838
2013-11-30,716.3,444.74048
2013-12-31,571.6774193548387,259.71213
2014-01-31,597.5806451612904,214.23007
2014-02-28,501.9285714285714,211.39156
2014-03-31,561.1290322580645,256.18634
2014-04-30,497.953333346049,348.45016
2014-05-31,677.6129032258065,683.77594
2014-06-30,722.2,946.30695
2014-07-31,817.5483870967741,1270.6221
2014-08-31,840.483871,1328.2343
2014-09-30,828.6666666666666,1930.4094
2014-10-31,645.2258064516129,1464.8594
2014-11-30,698.6,540.04407
2014-12-31,562.0,277.31442
2015-01-31,510.7419355,222.36604
2015-02-28,490.6785714285714,219.06155
2015-03-31,625.5483870967741,261.8463
2015-04-30,597.6666666666666,382.9211
2015-05-31,638.7741935483871,559.0757
2015-06-30,606.7829999999999,907.42413
2015-07-31,807.6451612903226,1241.7632
2015-08-31,746.8387096774194,727.4871
2015-09-30,637.1666666666666,842.3727
2015-10-31,584.9677419354839,1034.2615
2015-11-30,574.1333333333333,459.87708
2015-12-31,476.83870967741933,258.09985
2016-01-31,468.32258064516134,213.22256
2016-02-29,452.655172413793,207.16011
2016-03-31,513.483871,245.27458
2016-04-30,470.5333333333334,376.15237
2016-05-31,565.483871,578.74255
2016-06-30,552.5666666666667,633.40607
2016-07-31,704.8064516129032,749.0192
2016-08-31,510.48387099999997,655.45276
2016-09-30,406.93333333333334,1014.11176
2016-10-31,427.0967741935484,1080.0054
2016-11-30,372.3333333333333,587.27545
2016-12-31,323.61290322580646,258.55905
2017-01-31,332.1290322580645,210.10985
2017-02-28,416.3571428571428,221.23256
2017-03-31,448.4193548387097,284.91663
2017-04-30,483.5,397.79852
2017-05-31,529.5483870967741,640.424
2017-06-30,557.1,990.94867
2017-07-31,639.7741935483871,852.19574
2017-08-31,578.0967741935484,732.1876
2017-09-30,506.6333333333334,1506.3225
2017-10-31,497.1612903225807,1922.0437
2017-11-30,487.8999999999999,840.6839
2017-12-31,514.3548387096774,342.02606
2018-01-31,471.8387096774193,231.6124
2018-02-28,426.75,224.8117
2018-03-31,481.8064516129031,252.02815
2018-04-30,670.4666666666667,429.06177
2018-05-31,884.1290322580644,842.3048
2018-06-30,1016.3000000000001,1169.0985
2018-07-31,1247.9354838709678,2058.2063
2018-08-31,1214.9032258064517,1304.3429
2018-09-30,1999.0666666666664,2095.3965
2018-10-31,1327.225806451613,1603.1395
2018-11-30,735.7,724.6032
2018-12-31,668.8064516129032,370.61688
2019-01-31,471.8387096774193,263.13843
2019-02-28,426.75,252.79688
2019-03-31,481.8064516129031,303.70068
2019-04-30,670.4666666666667,458.7196
2019-05-31,884.1290322580644,961.8178
2019-06-30,1016.3000000000001,1387.3496
2019-07-31,1247.9354838709678,2073.0173
2019-08-31,1214.9032258064517,1574.1461
2019-09-30,1999.0666666666664,1915.2026
2019-10-31,1327.225806451613,1600.39
2019-11-30,735.7,647.663
2019-12-31,668.8064516129032,347.1745
