date,flow,CER-BiLSTM
1961-01-31,173.01373954599762,177.4545
1961-02-28,167.989417989418,179.71573
1961-03-31,241.0020908004779,243.54958
1961-04-30,476.8518518518519,463.41135
1961-05-31,673.9097968936678,631.96063
1961-06-30,834.104938271605,802.07135
1961-07-31,1699.895459976105,1640.4226
1961-08-31,1099.910394265233,1132.4218
1961-09-30,1079.861111111111,1062.6803
1961-10-31,1310.110513739546,1307.6514
1961-11-30,755.0154320987655,727.26685
1961-12-31,286.9997013142174,292.83603
1962-01-31,196.01254480286727,194.69351
1962-02-28,192.00562169312167,194.18718
1962-03-31,205.01045400238948,213.9541
1962-04-30,398.1481481481481,402.14795
1962-05-31,576.836917562724,590.894
1962-06-30,1140.0462962962963,1078.9634
1962-07-31,1490.068697729988,1417.6335
1962-08-31,1239.9193548387098,1156.624
1962-09-30,694.8302469135804,702.15643
1962-10-31,732.1535244922342,713.4916
1962-11-30,456.0185185185185,472.0974
1962-12-31,214.00836320191164,217.87592
1963-01-31,141.98775388291517,141.30289
1963-02-28,137.97949735449737,140.66344
1963-03-31,212.320788530466,194.39372
1963-04-30,283.9891975308642,304.88852
1963-05-31,467.8166069295101,481.71194
1963-06-30,675.1543209876543,687.8517
1963-07-31,1519.937275985663,1524.2101
1963-08-31,1199.9701314217443,1202.2628
1963-09-30,2219.9074074074074,2217.529
1963-10-31,1630.077658303465,1594.147
1963-11-30,574.8456790123457,601.65076
1963-12-31,266.9877538829152,265.5087
1964-01-31,202.99432497013143,193.72849
1964-02-29,191.01213282247764,206.39494
1964-03-31,251.00806451612905,260.90756
1964-04-30,405.0925925925926,409.9244
1964-05-31,585.0507765830347,586.21155
1964-06-30,623.8425925925927,616.10364
1964-07-31,1810.0358422939066,1821.0016
1964-08-31,1410.1702508960575,1378.8562
1964-09-30,1410.1080246913575,1375.9988
1964-10-31,1249.9999999999998,1227.2894
1964-11-30,584.8765432098766,603.25793
1964-12-31,275.01493428912784,281.63403
1965-01-31,197.99133811230587,203.10187
1965-02-28,207.010582010582,210.83257
1965-03-31,227.00119474313024,234.64359
1965-04-30,349.99999999999994,365.51843
1965-05-31,586.9175627240144,593.8106
1965-06-30,866.1265432098766,853.0923
1965-07-31,1500.1493428912784,1473.6014
1965-08-31,794.1308243727599,793.2007
1965-09-30,996.141975308642,990.4646
1965-10-31,823.9994026284348,853.5622
1965-11-30,417.0524691358025,431.70294
1965-12-31,213.0002986857825,201.86205
1966-01-31,173.98446833930706,183.67683
1966-02-28,166.9973544973545,182.33876
1966-03-31,227.00119474313024,244.5948
1966-04-30,310.9953703703704,325.54395
1966-05-31,368.0182198327359,375.47653
1966-06-30,447.91666666666674,460.4107
1966-07-31,1049.8805256869773,1071.8593
1966-08-31,1749.9253285543605,1747.8662
1966-09-30,2010.030864197531,2055.0325
1966-10-31,1440.0388291517324,1418.6682
1966-11-30,601.8518518518518,603.7364
1966-12-31,285.9916367980884,304.91357
1967-01-31,206.0185185185185,215.85968
1967-02-28,192.9976851851852,202.93864
1967-03-31,249.7759856630824,261.81583
1967-04-30,347.9938271604938,368.29547
1967-05-31,1109.9910394265232,1081.0034
1967-06-30,1170.138888888889,1140.6545
1967-07-31,1969.8327359617683,1991.581
1967-08-31,1649.8655913978494,1610.4664
1967-09-30,2359.953703703704,2344.49
1967-10-31,1540.0985663082438,1544.7526
1967-11-30,812.1141975308642,746.12866
1967-12-31,353.00925925925924,327.85596
1968-01-31,255.0029868578256,243.30676
1968-02-29,229.00702426564496,216.66864
1968-03-31,307.0116487455198,290.44293
1968-04-30,500.0,488.86133
1968-05-31,1189.889486260454,1143.3206
1968-06-30,1160.108024691358,1134.1938
1968-07-31,1419.8775388291515,1335.719
1968-08-31,974.8357228195937,964.6359
1968-09-30,2040.123456790124,2060.1172
1968-10-31,1220.131421744325,1187.1014
1968-11-30,562.8858024691358,542.41614
1968-12-31,315.00149342891274,296.7994
1969-01-31,234.9910394265233,221.5145
1969-02-28,209.98677248677245,209.62703
1969-03-31,252.9868578255675,259.00616
1969-04-30,331.01851851851853,326.49924
1969-05-31,510.0059737156511,503.28427
1969-06-30,650.0771604938273,663.60284
1969-07-31,1130.152329749104,1121.7665
1969-08-31,793.0107526881719,808.4341
1969-09-30,709.104938271605,732.9379
1969-10-31,841.173835125448,824.1991
1969-11-30,381.0185185185185,405.39557
1969-12-31,190.0014934289128,193.0159
1970-01-31,147.9988052568698,147.90254
1970-02-28,145.99867724867724,157.15569
1970-03-31,188.9934289127837,221.34499
1970-04-30,367.0138888888889,379.5812
1970-05-31,558.1690561529272,549.98834
1970-06-30,672.067901234568,675.9175
1970-07-31,726.926523297491,741.07886
1970-08-31,1180.1821983273596,1108.3634
1970-09-30,569.0586419753087,594.63794
1970-10-31,614.1726403823178,614.0796
1970-11-30,348.9969135802469,373.00433
1970-12-31,177.00866188769413,196.92542
1971-01-31,139.00089605734766,148.18692
1971-02-28,135.0033068783069,95.99598
1971-03-31,201.0155316606929,205.49683
1971-04-30,335.9953703703704,348.3673
1971-05-31,486.857825567503,471.63644
1971-06-30,638.8888888888888,643.5947
1971-07-31,719.8327359617682,702.8363
1971-08-31,638.0675029868578,659.72797
1971-09-30,1329.861111111111,1324.7263
1971-10-31,1799.9551971326164,1746.6971
1971-11-30,721.0648148148149,700.14075
1971-12-31,308.9904420549582,292.34338
1972-01-31,214.00836320191164,224.73874
1972-02-29,214.0006385696041,213.1954
1972-03-31,284.98357228195937,284.6301
1972-04-30,440.97222222222223,432.54175
1972-05-31,723.9396654719235,708.2903
1972-06-30,1069.83024691358,1045.3862
1972-07-31,1910.0955794504182,1910.1471
1972-08-31,1059.9611708482676,1056.5625
1972-09-30,775.8487654320987,770.85675
1972-10-31,658.9755077658302,656.1558
1972-11-30,364.0046296296296,375.89236
1972-12-31,213.0002986857825,215.5843
1973-01-31,174.99253285543608,184.12314
1973-02-28,176.00859788359787,187.29662
1973-03-31,227.00119474313024,240.84122
1973-04-30,293.98148148148147,296.20804
1973-05-31,564.1427718040621,550.7585
1973-06-30,1050.1543209876545,1033.4851
1973-07-31,919.9522102747908,897.5985
1973-08-31,897.1774193548387,902.1495
1973-09-30,1020.0617283950619,986.01825
1973-10-31,1040.1732377538829,1034.2709
1973-11-30,535.8796296296297,531.4488
1973-12-31,246.00507765830343,254.05241
1974-01-31,168.01075268817203,173.75612
1974-02-28,175.01653439153438,183.67905
1974-03-31,219.98207885304657,232.29602
1974-04-30,305.0154320987654,314.45474
1974-05-31,486.857825567503,497.3828
1974-06-30,910.8796296296296,916.2671
1974-07-31,896.0573476702509,899.61676
1974-08-31,999.8506571087216,1020.177
1974-09-30,1359.9537037037037,1369.5157
1974-10-31,956.1678614097968,985.50867
1974-11-30,589.891975308642,602.4655
1974-12-31,278.0017921146953,293.27972
1975-01-31,178.9874551971326,185.9138
1975-02-28,183.98644179894177,178.83237
1975-03-31,233.98297491039423,233.08296
1975-04-30,316.01080246913585,328.1762
1975-05-31,683.9904420549582,688.88416
1975-06-30,1140.0462962962963,1150.281
1975-07-31,2230.0627240143367,2262.8157
1975-08-31,1829.823775388292,1844.9893
1975-09-30,1689.8148148148148,1682.4642
1975-10-31,1960.1254480286736,1954.0704
1975-11-30,881.9444444444445,898.3481
1975-12-31,354.0173237753882,359.03317
1976-01-31,239.9940262843489,238.86317
1976-02-29,242.01787994891444,247.27904
1976-03-31,321.98327359617684,326.31177
1976-04-30,449.8456790123456,451.7865
1976-05-31,636.9474313022699,657.4913
1976-06-30,1170.138888888889,1149.6763
1976-07-31,1469.9074074074072,1503.3784
1976-08-31,1920.1762246117087,1910.6904
1976-09-30,2000.0,1894.8136
1976-10-31,1089.8297491039427,1059.608
1976-11-30,523.9197530864197,541.92377
1976-12-31,289.98655913978496,284.76678
1977-01-31,214.00836320191164,216.24002
1977-02-28,204.98511904761904,208.41705
1977-03-31,293.01075268817203,281.8014
1977-04-30,606.8672839506173,599.3875
1977-05-31,860.9617682198327,841.4926
1977-06-30,966.820987654321,959.5931
1977-07-31,800.8512544802867,817.6361
1977-08-31,711.9922341696536,709.7344
1977-09-30,658.9506172839506,678.70483
1977-10-31,539.8745519713261,554.2517
1977-11-30,333.9891975308642,330.2455
1977-12-31,188.9934289127837,189.00955
1978-01-31,127.01612903225808,137.17989
1978-02-28,141.0094246031746,152.07837
1978-03-31,196.01254480286727,209.97485
1978-04-30,467.9783950617284,470.7381
1978-05-31,551.0752688172043,554.07837
1978-06-30,760.0308641975308,794.8122
1978-07-31,568.9964157706094,616.3327
1978-08-31,1070.041816009558,1105.6139
1978-09-30,1760.030864197531,1785.7119
1978-10-31,1020.0119474313022,1040.9514
1978-11-30,523.9197530864197,530.25354
1978-12-31,256.0110513739546,259.06735
1979-01-31,193.99641577060933,180.5754
1979-02-28,178.98478835978835,177.56929
1979-03-31,220.99014336917563,222.82729
1979-04-30,390.81790123456796,387.99564
1979-05-31,402.85244922341695,414.47137
1979-06-30,466.0493827160494,488.05777
1979-07-31,1109.9910394265232,1135.9906
1979-08-31,1739.8446833930702,1767.6136
1979-09-30,1680.1697530864203,1684.5214
1979-10-31,965.1284348864992,996.3251
1979-11-30,440.97222222222223,444.4696
1979-12-31,248.99193548387092,241.45503
1980-01-31,173.98446833930706,178.51218
1980-02-29,172.01468710089398,176.72185
1980-03-31,237.0071684587814,237.61766
1980-04-30,328.0092592592593,338.87714
1980-05-31,362.0071684587812,363.14127
1980-06-30,618.8271604938271,633.2302
1980-07-31,1350.0597371565111,1356.2158
1980-08-31,949.0740740740739,988.39825
1980-09-30,1390.0462962962963,1421.9142
1980-10-31,1130.152329749104,1138.1855
1980-11-30,494.9845679012346,517.0778
1980-12-31,221.99820788530462,232.88287
1981-01-31,173.01373954599762,176.7056
1981-02-28,173.98313492063488,190.92914
1981-03-31,223.00627240143368,143.24696
1981-04-30,341.0108024691358,339.06635
1981-05-31,583.9307048984468,568.0651
1981-06-30,1060.1851851851852,1063.721
1981-07-31,1640.1583034647551,1614.949
1981-08-31,1059.9611708482676,1039.1603
1981-09-30,3469.907407407407,3442.2175
1981-10-31,1680.10752688172,1679.4407
1981-11-30,714.891975308642,722.47894
1981-12-31,352.0011947431302,335.8699
1982-01-31,251.00806451612905,246.07085
1982-02-28,250.9920634920635,239.36224
1982-03-31,285.9916367980884,278.7292
1982-04-30,395.83333333333326,389.9652
1982-05-31,850.1344086021505,891.4764
1982-06-30,1514.6604938271605,1540.9291
1982-07-31,1749.9253285543605,1764.325
1982-08-31,1059.9611708482676,1090.7683
1982-09-30,1650.0771604938273,1695.2072
1982-10-31,1649.8655913978494,1673.1954
1982-11-30,697.145061728395,701.7975
1982-12-31,326.0155316606929,304.916
1983-01-31,233.98297491039423,217.96954
1983-02-28,215.98048941798942,209.08005
1983-03-31,251.00806451612905,257.547
1983-04-30,476.08024691358025,462.29562
1983-05-31,872.1624850657109,886.4243
1983-06-30,1209.8765432098764,1218.6865
1983-07-31,2529.8685782556754,2586.9229
1983-08-31,1789.8745519713257,1739.8942
1983-09-30,1099.9228395061727,1171.339
1983-10-31,1960.1254480286736,1927.2667
1983-11-30,912.8086419753088,884.476
1983-12-31,579.8237753882916,349.13965
1984-01-31,275.98566308243727,228.33981
1984-02-29,283.0060664112388,251.33092
1984-03-31,326.9862604540023,293.63144
1984-04-30,444.0586419753087,413.5001
1984-05-31,520.0866188769414,504.4661
1984-06-30,1060.1851851851852,1111.6965
1984-07-31,2460.050776583035,2427.0142
1984-08-31,1479.9880525686976,1435.4192
1984-09-30,834.8765432098766,877.8887
1984-10-31,893.0704898446834,907.0902
1984-11-30,520.0617283950618,548.5786
1984-12-31,280.0179211469534,283.21277
1985-01-31,207.997311827957,197.88904
1985-02-28,177.99272486772486,180.17067
1985-03-31,233.98297491039423,236.82716
1985-04-30,356.98302469135797,359.3187
1985-05-31,452.13560334528086,465.94254
1985-06-30,665.1234567901233,658.653
1985-07-31,1249.9999999999998,1232.7559
1985-08-31,980.0627240143368,1067.2499
1985-09-30,2449.845679012345,2348.8926
1985-10-31,1170.1015531660694,1245.9102
1985-11-30,508.87345679012344,499.00354
1985-12-31,270.98267622461174,260.76495
1986-01-31,205.01045400238948,187.12434
1986-02-28,192.00562169312167,190.67793
1986-03-31,238.98596176821985,249.64262
1986-04-30,356.98302469135797,379.4835
1986-05-31,829.9731182795699,873.3486
1986-06-30,1109.9537037037037,1118.5297
1986-07-31,1680.10752688172,1699.765
1986-08-31,719.8327359617682,755.2505
1986-09-30,1060.1851851851852,1092.8193
1986-10-31,369.9970131421744,660.4113
1986-11-30,311.50327932098764,363.49448
1986-12-31,184.44941009557945,228.32643
1987-01-31,122.40882616487457,162.2564
1987-02-28,344.9900793650793,181.78323
1987-03-31,627.9868578255675,225.4613
1987-04-30,373.9969135802469,297.3047
1987-05-31,433.09438470728793,569.54095
1987-06-30,587.5771604938271,1168.1887
1987-07-31,816.1589008363202,1674.9623
1987-08-31,619.0262843488649,1060.3867
1987-09-30,318.016975308642,667.93164
1987-10-31,244.99701314217444,584.1845
1987-11-30,233.9891975308642,357.508
1987-12-31,417.04002389486254,190.794
1988-01-31,332.997311827957,154.57881
1988-02-29,429.83716475095787,175.47314
1988-03-31,502.9121863799283,252.65308
1988-04-30,348.9969135802469,360.71414
1988-05-31,443.17502986857824,433.51215
1988-06-30,834.104938271605,806.7973
1988-07-31,701.9115890083632,843.0308
1988-08-31,1780.167264038232,580.6846
1988-09-30,616.8981481481482,800.8462
1988-10-31,620.1463560334528,1272.9895
1988-11-30,567.1296296296297,690.32336
1988-12-31,536.1409796893668,295.63248
1989-01-31,666.0692951015532,188.95068
1989-02-28,467.09656084656086,191.19492
1989-03-31,477.1505376344086,278.1884
1989-04-30,451.00308641975306,377.17572
1989-05-31,672.0430107526881,858.1046
1989-06-30,711.033950617284,2542.014
1989-07-31,918.832138590203,2083.7488
1989-08-31,710.8721624850657,1780.0847
1989-09-30,1706.4043209876545,1792.6597
1989-10-31,760.1553166069295,1212.0372
1989-11-30,528.9351851851852,670.3301
1989-12-31,452.88231780167257,339.2464
1990-01-31,635.0806451612904,259.66092
1990-02-28,660.135582010582,261.2755
1990-03-31,679.8835125448029,301.10385
1990-04-30,662.8086419753087,370.36685
1990-05-31,1040.1732377538829,700.5266
1990-06-30,900.8487654320987,762.454
1990-07-31,710.1254480286739,816.44275
1990-08-31,618.279569892473,853.5826
1990-09-30,638.8888888888888,997.1037
1990-10-31,586.1708482676224,751.93164
1990-11-30,520.0617283950618,450.1383
1990-12-31,617.1594982078853,248.11787
1991-01-31,604.0919952210274,166.34738
1991-02-28,574.156746031746,167.92656
1991-03-31,614.1726403823178,225.42868
1991-04-30,518.1327160493827,273.1854
1991-05-31,582.0639187574671,464.98627
1991-06-30,724.1512345679013,581.41986
1991-07-31,823.9994026284348,849.40375
1991-08-31,869.9223416965351,1149.7185
1991-09-30,579.0895061728395,766.43066
1991-10-31,552.942054958184,666.8896
1991-11-30,731.0956790123457,455.7263
1991-12-31,341.9952210274791,241.82504
1992-01-31,678.0167264038232,166.58878
1992-02-29,399.90421455938696,167.69292
1992-03-31,359.99103942652323,214.42296
1992-04-30,400.0771604938272,378.5644
1992-05-31,548.8351254480286,468.70477
1992-06-30,710.6481481481483,830.80664
1992-07-31,616.0394265232975,1774.0333
1992-08-31,582.0639187574671,1112.604
1992-09-30,368.98148148148147,1091.5095
1992-10-31,241.0020908004779,1073.2072
1992-11-30,542.824074074074,470.52686
1992-12-31,691.8309438470728,223.19269
1993-01-31,551.0752688172043,180.14664
1993-02-28,644.0145502645503,196.94313
1993-03-31,508.1391875746714,262.46524
1993-04-30,506.9444444444444,481.79068
1993-05-31,598.1182795698925,704.368
1993-06-30,734.9537037037037,1015.54346
1993-07-31,686.9772998805256,1416.5493
1993-08-31,745.9677419354839,1650.5857
1993-09-30,804.0123456790124,1136.7948
1993-10-31,611.9324970131422,803.2412
1993-11-30,592.9783950617284,505.88336
1993-12-31,595.1314217443249,242.69118
1994-01-31,651.1350059737157,183.03773
1994-02-28,689.0707671957673,194.91096
1994-03-31,729.9133811230586,217.7099
1994-04-30,643.9043209876544,474.97437
1994-05-31,894.9372759856631,666.7877
1994-06-30,724.9228395061729,1127.0693
1994-07-31,583.9307048984468,1051.3389
1994-08-31,734.0203106332139,661.52997
1994-09-30,663.966049382716,738.4994
1994-10-31,632.0937873357228,622.0294
1994-11-30,599.9228395061729,402.3478
1994-12-31,703.0316606929509,205.69756
1995-01-31,704.8984468339307,156.2912
1995-02-28,689.8974867724869,146.55563
1995-03-31,636.9474313022699,200.47916
1995-04-30,430.1697530864197,396.68066
1995-05-31,589.15770609319,750.6308
1995-06-30,750.0000000000001,560.09143
1995-07-31,716.0991636798088,568.5737
1995-08-31,533.9008363201912,995.3024
1995-09-30,609.9537037037037,1067.7836
1995-10-31,655.9886499402628,725.6432
1995-11-30,621.9135802469136,470.62854
1995-12-31,344.0113500597371,250.56126
1996-01-31,464.82974910394273,166.25687
1996-02-29,502.0753512132823,173.82535
1996-03-31,455.86917562724017,235.54544
1996-04-30,330.0154320987654,336.51575
1996-05-31,529.0471923536439,593.0423
1996-06-30,520.8333333333334,775.09283
1996-07-31,666.0692951015532,694.07043
1996-08-31,661.9623655913979,765.6873
1996-09-30,582.175925925926,685.6823
1996-10-31,378.9575866188769,667.0698
1996-11-30,461.033950617284,414.98984
1996-12-31,486.857825567503,213.34073
1997-01-31,406.95937873357224,151.1088
1997-02-28,391.9890873015873,148.49596
1997-03-31,275.01493428912784,220.42953
1997-04-30,339.0046296296297,308.4683
1997-05-31,455.1224611708482,821.1482
1997-06-30,667.0524691358024,758.4293
1997-07-31,527.9271206690562,836.6822
1997-08-31,293.98148148148147,693.8391
1997-09-30,474.9228395061728,545.4685
1997-10-31,620.1463560334528,528.433
1997-11-30,532.0216049382716,386.1012
1997-12-31,424.1338112305854,212.1735
1998-01-31,387.91816009557937,163.5597
1998-02-28,342.01388888888886,171.21724
1998-03-31,331.989247311828,217.2486
1998-04-30,291.0108024691358,410.47742
1998-05-31,363.01523297491036,580.8615
1998-06-30,582.9475308641976,588.61334
1998-07-31,390.90501792114696,1056.8951
1998-08-31,417.04002389486254,1231.2042
1998-09-30,481.8672839506172,1249.0491
1998-10-31,529.0471923536439,915.64905
1998-11-30,498.070987654321,525.57855
1998-12-31,501.0454002389486,257.61154
1999-01-31,492.41935483870975,180.6328
1999-02-28,536.9642857142857,210.93607
1999-03-31,557.9032258064516,254.35645
1999-04-30,556.7333333333333,310.9862
1999-05-31,532.0967741935484,373.3878
1999-06-30,629.7666666666667,1578.6812
1999-07-31,574.7096774193549,2327.3982
1999-08-31,535.1612903225806,1414.335
1999-09-30,616.1666666666666,899.3969
1999-10-31,563.5483870967741,1135.9829
1999-11-30,571.0333333333333,623.6828
1999-12-31,579.6129032258065,266.74127
2000-01-31,620.5483870967743,190.02048
2000-02-29,571.5862068965517,188.52916
2000-03-31,515.0,222.34319
2000-04-30,650.8,386.88052
2000-05-31,622.2903225806451,460.13174
2000-06-30,532.7333333333333,1021.54846
2000-07-31,587.0645161290323,853.0717
2000-08-31,576.0967741935484,788.8012
2000-09-30,443.5,862.9655
2000-10-31,552.4193548387096,739.12256
2000-11-30,586.0666666666667,417.21228
2000-12-31,490.0322580645161,211.16284
2001-01-31,401.4516129032258,156.9752
2001-02-28,454.3928571428572,166.2491
2001-03-31,414.35483870967744,188.58627
2001-04-30,404.8333333333333,311.82858
2001-05-31,537.4516129032259,484.5558
2001-06-30,543.7666666666667,842.3295
2001-07-31,549.1290322580645,659.5879
2001-08-31,578.483870967742,568.4305
2001-09-30,449.2333333333333,795.4257
2001-10-31,385.61290322580646,860.37115
2001-11-30,620.5333333333333,442.64737
2001-12-31,583.0,220.65233
2002-01-31,357.96774193548384,146.48521
2002-02-28,323.07142857142856,164.50467
2002-03-31,424.5161290322581,198.39244
2002-04-30,465.50000000000006,262.2432
2002-05-31,489.741935483871,324.75806
2002-06-30,366.33333333333326,829.55945
2002-07-31,468.5806451612903,838.4918
2002-08-31,521.3548387096774,509.00995
2002-09-30,496.1666666666667,416.04
2002-10-31,720.0967741935483,388.9975
2002-11-30,608.1333333333333,245.14032
2002-12-31,461.6774193548387,158.9656
2003-01-31,318.4258064516129,119.4392
2003-02-28,184.1107142857143,134.90207
2003-03-31,214.9032258064516,185.9588
2003-04-30,362.6333333333334,250.6316
2003-05-31,358.0322580645161,390.68573
2003-06-30,392.79999999999995,545.1117
2003-07-31,433.5161290322581,827.34467
2003-08-31,288.51612903225805,1211.1703
2003-09-30,360.9333333333332,1516.8124
2003-10-31,371.8387096774192,1022.0419
2003-11-30,456.7333333333333,496.73132
2003-12-31,381.06451612903226,231.11414
2004-01-31,404.7096774193548,170.23862
2004-02-29,466.9655172413793,157.91228
2004-03-31,484.8709677419355,213.1596
2004-04-30,437.0,256.69333
2004-05-31,451.741935483871,331.01465
2004-06-30,546.8,685.3778
2004-07-31,455.8064516129032,751.9551
2004-08-31,429.7419354838709,930.5764
2004-09-30,397.6333333333333,1113.082
2004-10-31,476.7096774193548,913.8603
2004-11-30,468.3666666666667,499.27322
2004-12-31,469.9032258064516,245.37614
2005-01-31,487.7741935483871,182.64282
2005-02-28,360.2857142857142,182.66284
2005-03-31,446.48387096774195,229.5016
2005-04-30,486.33333333333326,357.9684
2005-05-31,510.51612903225805,631.3853
2005-06-30,492.06666666666666,805.41846
2005-07-31,505.5806451612903,1955.9248
2005-08-31,490.51612903225816,1609.7812
2005-09-30,517.4,1362.8679
2005-10-31,699.9032258064516,1723.6604
2005-11-30,542.0,715.9123
2005-12-31,509.1290322580645,303.21503
2006-01-31,413.9677419354838,243.95168
2006-02-28,425.3928571428573,240.87088
2006-03-31,656.483870967742,260.667
2006-04-30,881.7666666666667,317.7844
2006-05-31,901.1612903225806,393.7047
2006-06-30,738.6333333333333,646.1521
2006-07-31,832.7096774193549,896.9938
2006-08-31,588.2258064516129,658.26013
2006-09-30,454.03333333333336,808.4989
2006-10-31,482.0967741935484,766.2659
2006-11-30,487.63333333333327,412.00687
2006-12-31,470.87096774193554,222.41206
2007-01-31,479.99999999999994,166.30528
2007-02-28,496.5,167.67894
2007-03-31,518.9354838709677,239.0214
2007-04-30,635.2666666666667,314.63266
2007-05-31,687.1612903225807,328.08148
2007-06-30,798.0999999999999,1321.9114
2007-07-31,624.9677419354838,1476.4679
2007-08-31,771.8387096774194,966.6564
2007-09-30,742.0333333333333,1096.033
2007-10-31,436.45161290322585,876.20233
2007-11-30,447.46666666666664,510.60178
2007-12-31,471.774193548387,260.7714
2008-01-31,483.70967741935476,201.57295
2008-02-29,502.0,166.43948
2008-03-31,449.3225806451613,231.31429
2008-04-30,672.7,375.99026
2008-05-31,781.9032258064515,383.7993
2008-06-30,922.0666666666667,493.37155
2008-07-31,753.4838709677418,922.23816
2008-08-31,768.0000000000001,1134.157
2008-09-30,591.5,1025.9626
2008-10-31,430.483870967742,1187.9249
2008-11-30,477.9333333333333,638.3193
2008-12-31,407.3225806451612,305.53928
2009-01-31,541.258064516129,209.5658
2009-02-28,585.5714285714286,227.64581
2009-03-31,534.6012903225807,294.86444
2009-04-30,898.5,446.425
2009-05-31,890.741935483871,723.6699
2009-06-30,830.1,1101.0459
2009-07-31,594.0645161290323,1705.363
2009-08-31,621.0322580645162,1605.9567
2009-09-30,563.0666666666667,1609.2803
2009-10-31,602.3225806451613,1286.2373
2009-11-30,640.8999999999999,726.75165
2009-12-31,561.516129032258,380.94336
2010-01-31,531.5806451612904,258.39896
2010-02-28,459.5,266.44485
2010-03-31,527.3870967741935,304.63574
2010-04-30,878.9,347.546
2010-05-31,943.741935483871,401.8472
2010-06-30,931.566666666667,1065.3811
2010-07-31,998.4193548387096,2183.0808
2010-08-31,1140.0,1032.1842
2010-09-30,803.5666666666667,733.39246
2010-10-31,636.2903225806451,669.68146
2010-11-30,588.9,456.03864
2010-12-31,605.3225806451613,229.87985
2011-01-31,583.4516129032259,192.7254
2011-02-28,333.03571428571433,187.45479
2011-03-31,617.0967741935484,238.23997
2011-04-30,822.8999999999999,390.32196
2011-05-31,850.7096774193549,491.7395
2011-06-30,645.6999999999999,1198.664
2011-07-31,619.3225806451613,1596.1616
2011-08-31,632.6129032258065,952.1265
2011-09-30,599.0666666666667,987.8787
2011-10-31,550.4193548387096,1100.5598
2011-11-30,543.2,644.84283
2011-12-31,589.4193548387096,337.25848
2012-01-31,534.0,250.16527
2012-02-29,506.55172413793116,251.21198
2012-03-31,469.03225806451616,307.88528
2012-04-30,606.9,501.82498
2012-05-31,840.8064516129032,822.8168
2012-06-30,831.6666666666666,1090.8765
2012-07-31,1009.6129032258063,2513.8313
2012-08-31,1457.7096774193549,2268.991
2012-09-30,916.2666666666668,1109.9099
2012-10-31,808.741935483871,915.9385
2012-11-30,704.9666666666666,520.9458
2012-12-31,572.7741935483871,275.55008
2013-01-31,642.4516129032259,246.90257
2013-02-28,519.1071428571429,282.16025
2013-03-31,614.5483870967741,332.95535
2013-04-30,755.1333333333333,339.52112
2013-05-31,827.5483870967741,684.5226
2013-06-30,782.6,938.5233
2013-07-31,707.4516129032259,1610.4966
2013-08-31,781.741935483871,1274.8198
2013-09-30,656.4333333333333,755.19543
2013-10-31,575.483870967742,647.62585
2013-11-30,662.7333333333333,405.8158
2013-12-31,561.9354838709677,209.85405
2014-01-31,555.483870967742,174.65855
2014-02-28,457.6071428571428,184.96742
2014-03-31,526.2258064516129,249.34666
2014-04-30,453.6666666666667,351.79196
2014-05-31,600.0322580645161,449.94086
2014-06-30,650.8333333333334,979.08984
2014-07-31,686.1612903225806,1013.38214
2014-08-31,729.0967741935484,1074.6682
2014-09-30,722.7666666666667,1517.9082
2014-10-31,566.9032258064516,1097.2705
2014-11-30,613.7333333333333,495.2402
2014-12-31,520.258064516129,279.69858
2015-01-31,462.8709677419355,240.76007
2015-02-28,450.7142857142857,233.52994
2015-03-31,565.0,276.36136
2015-04-30,544.1666666666666,311.9937
2015-05-31,574.2258064516129,368.6404
2015-06-30,551.3,790.97687
2015-07-31,748.1612903225806,1301.1886
2015-08-31,659.8064516129032,560.8868
2015-09-30,574.3333333333334,686.68524
2015-10-31,530.6129032258065,759.9002
2015-11-30,551.6333333333333,407.62448
2015-12-31,447.61290322580646,234.08997
2016-01-31,466.7419354838709,162.64229
2016-02-29,437.86206896551727,170.46028
2016-03-31,522.4516129032259,225.69408
2016-04-30,461.2333333333333,338.10516
2016-05-31,531.1935483870968,508.05573
2016-06-30,482.3333333333333,671.40967
2016-07-31,639.0645161290323,754.7686
2016-08-31,447.4193548387097,616.983
2016-09-30,300.43333333333334,666.62933
2016-10-31,336.3870967741935,814.82904
2016-11-30,349.3333333333333,464.69
2016-12-31,274.96774193548384,247.8952
2017-01-31,308.93548387096774,174.65147
2017-02-28,380.6071428571427,187.63979
2017-03-31,425.258064516129,231.32785
2017-04-30,447.1,321.69122
2017-05-31,497.8709677419355,421.7545
2017-06-30,501.1000000000001,952.4646
2017-07-31,588.258064516129,685.4026
2017-08-31,487.7741935483871,624.4227
2017-09-30,408.23333333333335,1219.2832
2017-10-31,395.3870967741936,1612.9458
2017-11-30,438.1333333333333,762.1945
2017-12-31,465.6774193548387,341.48962
2018-01-31,438.93548387096763,210.92209
2018-02-28,405.3571428571427,200.48552
2018-03-31,447.7096774193549,239.51372
2018-04-30,645.2666666666667,417.41693
2018-05-31,843.290322580645,837.0339
2018-06-30,974.5666666666668,1101.6133
2018-07-31,1152.483870967742,2264.3289
2018-08-31,1005.9354838709675,1326.9486
2018-09-30,1700.6333333333334,2045.5659
2018-10-31,1071.6129032258063,1465.8187
2018-11-30,566.3666666666667,731.57635
2018-12-31,548.8709677419355,365.63345
2019-01-31,438.94,271.55154
2019-02-28,405.36,280.45206
2019-03-31,447.71,304.83112
2019-04-30,645.27,542.96826
2019-05-31,843.2900000000001,811.8695
2019-06-30,974.5700000000002,1702.7234
2019-07-31,1152.48,2139.9043
2019-08-31,1005.9400000000002,1514.147
2019-09-30,1700.63,1771.0023
2019-10-31,1071.61,1435.4133
2019-11-30,566.37,756.9083
2019-12-31,548.87,353.4247
