date,CER-XGB
1961-01-31,217.79102
1961-02-28,214.24377
1961-03-31,278.18353
1961-04-30,520.67163
1961-05-31,700.5446
1961-06-30,851.5616
1961-07-31,1748.2306
1961-08-31,1206.2245
1961-09-30,1257.3749
1961-10-31,1477.7828
1961-11-30,875.66754
1961-12-31,367.8604
1962-01-31,252.29759
1962-02-28,235.51595
1962-03-31,282.1112
1962-04-30,442.17398
1962-05-31,619.0646
1962-06-30,1160.3672
1962-07-31,1494.19
1962-08-31,1260.009
1962-09-30,754.7542
1962-10-31,780.13794
1962-11-30,511.76196
1962-12-31,271.39267
1963-01-31,178.78891
1963-02-28,188.38933
1963-03-31,247.99754
1963-04-30,331.6779
1963-05-31,523.0483
1963-06-30,715.42
1963-07-31,1621.8788
1963-08-31,1316.5708
1963-09-30,2420.2874
1963-10-31,1865.876
1963-11-30,691.73535
1963-12-31,339.71045
1964-01-31,239.64612
1964-02-29,252.64543
1964-03-31,317.76895
1964-04-30,485.9406
1964-05-31,670.58856
1964-06-30,718.4509
1964-07-31,2000.5184
1964-08-31,1538.3201
1964-09-30,1615.0249
1964-10-31,1392.8726
1964-11-30,651.6805
1964-12-31,330.44208
1965-01-31,236.88795
1965-02-28,263.45804
1965-03-31,280.16962
1965-04-30,427.4746
1965-05-31,666.5901
1965-06-30,932.7405
1965-07-31,1574.5399
1965-08-31,833.62396
1965-09-30,1048.1483
1965-10-31,866.2151
1965-11-30,446.54816
1965-12-31,223.34676
1966-01-31,187.06494
1966-02-28,187.46791
1966-03-31,244.06573
1966-04-30,334.97314
1966-05-31,406.42276
1966-06-30,484.81058
1966-07-31,1040.9122
1966-08-31,1803.0609
1966-09-30,2074.5098
1966-10-31,1467.8492
1966-11-30,637.0254
1966-12-31,324.6151
1967-01-31,245.41563
1967-02-28,221.26321
1967-03-31,271.172
1967-04-30,373.42722
1967-05-31,1158.2136
1967-06-30,1217.5753
1967-07-31,2095.8262
1967-08-31,1725.8369
1967-09-30,2612.2534
1967-10-31,1626.7158
1967-11-30,842.7034
1967-12-31,385.93237
1968-01-31,286.75464
1968-02-29,253.48569
1968-03-31,318.03397
1968-04-30,498.3847
1968-05-31,1179.9879
1968-06-30,1129.8441
1968-07-31,1437.4631
1968-08-31,1017.7609
1968-09-30,2129.841
1968-10-31,1320.8015
1968-11-30,675.34235
1968-12-31,375.84662
1969-01-31,260.26236
1969-02-28,251.58296
1969-03-31,294.7295
1969-04-30,372.76666
1969-05-31,547.80817
1969-06-30,690.76794
1969-07-31,1150.3264
1969-08-31,882.9078
1969-09-30,767.609
1969-10-31,895.9061
1969-11-30,437.94125
1969-12-31,216.29065
1970-01-31,182.6169
1970-02-28,160.58882
1970-03-31,201.16385
1970-04-30,379.21835
1970-05-31,593.34143
1970-06-30,712.077
1970-07-31,759.71265
1970-08-31,1232.3223
1970-09-30,596.34906
1970-10-31,644.277
1970-11-30,371.6933
1970-12-31,186.98329
1971-01-31,180.08345
1971-02-28,156.8617
1971-03-31,202.98926
1971-04-30,316.2719
1971-05-31,474.6465
1971-06-30,618.36395
1971-07-31,730.984
1971-08-31,629.1963
1971-09-30,1366.4739
1971-10-31,1870.5072
1971-11-30,753.47675
1971-12-31,304.90198
1972-01-31,221.99045
1972-02-29,214.14645
1972-03-31,282.9017
1972-04-30,439.4294
1972-05-31,743.54626
1972-06-30,1058.8926
1972-07-31,1932.8558
1972-08-31,1148.1814
1972-09-30,891.8591
1972-10-31,679.822
1972-11-30,378.01016
1972-12-31,217.38634
1973-01-31,176.16702
1973-02-28,177.56035
1973-03-31,217.41795
1973-04-30,282.09818
1973-05-31,563.1631
1973-06-30,998.5552
1973-07-31,951.9283
1973-08-31,921.5033
1973-09-30,1068.2065
1973-10-31,1069.8949
1973-11-30,550.1745
1973-12-31,255.89168
1974-01-31,169.76646
1974-02-28,180.39627
1974-03-31,226.72633
1974-04-30,327.44498
1974-05-31,491.49442
1974-06-30,915.9241
1974-07-31,894.5133
1974-08-31,1052.1537
1974-09-30,1356.3433
1974-10-31,999.37823
1974-11-30,636.6039
1974-12-31,286.27234
1975-01-31,193.58658
1975-02-28,191.96217
1975-03-31,242.92706
1975-04-30,305.74908
1975-05-31,680.3069
1975-06-30,1139.0297
1975-07-31,2365.4348
1975-08-31,1923.7863
1975-09-30,1731.8518
1975-10-31,2016.1969
1975-11-30,947.2329
1975-12-31,372.17438
1976-01-31,270.43134
1976-02-29,275.82507
1976-03-31,328.559
1976-04-30,449.95364
1976-05-31,656.25116
1976-06-30,1201.0183
1976-07-31,1521.2081
1976-08-31,2058.421
1976-09-30,2144.549
1976-10-31,1119.5754
1976-11-30,584.7456
1976-12-31,314.9749
1977-01-31,228.25288
1977-02-28,220.96893
1977-03-31,296.86142
1977-04-30,668.2825
1977-05-31,890.3355
1977-06-30,994.3576
1977-07-31,829.7217
1977-08-31,762.80286
1977-09-30,691.6956
1977-10-31,567.6997
1977-11-30,354.25977
1977-12-31,191.66805
1978-01-31,146.14777
1978-02-28,153.03117
1978-03-31,194.97247
1978-04-30,484.52533
1978-05-31,596.4339
1978-06-30,802.26587
1978-07-31,637.54034
1978-08-31,1170.3784
1978-09-30,1848.6165
1978-10-31,1096.8984
1978-11-30,588.92426
1978-12-31,274.62943
1979-01-31,200.60439
1979-02-28,186.44815
1979-03-31,222.67097
1979-04-30,389.78564
1979-05-31,401.4776
1979-06-30,470.53882
1979-07-31,1079.855
1979-08-31,1746.4567
1979-09-30,1775.9542
1979-10-31,1040.389
1979-11-30,487.61752
1979-12-31,265.27097
1980-01-31,184.47006
1980-02-29,188.38474
1980-03-31,245.50272
1980-04-30,339.95392
1980-05-31,368.40204
1980-06-30,617.74536
1980-07-31,1375.2666
1980-08-31,993.12274
1980-09-30,1431.4807
1980-10-31,1172.1631
1980-11-30,524.7277
1980-12-31,234.54707
1981-01-31,181.95663
1981-02-28,187.07346
1981-03-31,221.73868
1981-04-30,336.1451
1981-05-31,572.8048
1981-06-30,1012.25165
1981-07-31,1668.7373
1981-08-31,1068.7437
1981-09-30,2960.5176
1981-10-31,1736.6381
1981-11-30,701.8414
1981-12-31,342.61282
1982-01-31,254.75961
1982-02-28,244.77428
1982-03-31,286.36044
1982-04-30,401.8031
1982-05-31,818.4929
1982-06-30,1475.0103
1982-07-31,1754.317
1982-08-31,1069.0509
1982-09-30,1683.0148
1982-10-31,1655.4866
1982-11-30,735.9101
1982-12-31,337.0016
1983-01-31,236.32675
1983-02-28,219.89043
1983-03-31,234.86354
1983-04-30,445.1001
1983-05-31,868.5813
1983-06-30,1221.4772
1983-07-31,2576.9458
1983-08-31,1880.4375
1983-09-30,1131.7797
1983-10-31,2019.3937
1983-11-30,935.999
1983-12-31,378.0067
1984-01-31,260.44067
1984-02-29,263.85696
1984-03-31,299.53906
1984-04-30,414.8013
1984-05-31,496.09015
1984-06-30,1015.08356
1984-07-31,2432.4646
1984-08-31,1516.1106
1984-09-30,829.4507
1984-10-31,863.1582
1984-11-30,491.499
1984-12-31,276.79462
1985-01-31,206.43442
1985-02-28,181.32722
1985-03-31,229.38379
1985-04-30,332.32446
1985-05-31,426.44272
1985-06-30,650.8673
1985-07-31,1298.0071
1985-08-31,968.4836
1985-09-30,2411.0486
1985-10-31,1191.7291
1985-11-30,518.7281
1985-12-31,274.8079
1986-01-31,214.96439
1986-02-28,197.58438
1986-03-31,253.41939
1986-04-30,376.37567
1986-05-31,862.2479
1986-06-30,1183.2046
1986-07-31,1807.36
1986-08-31,812.19324
1986-09-30,1243.8113
1986-10-31,635.1097
1986-11-30,369.46002
1986-12-31,241.7051
1987-01-31,180.35175
1987-02-28,191.30789
1987-03-31,221.14873
1987-04-30,311.6616
1987-05-31,589.9267
1987-06-30,1233.443
1987-07-31,1757.7701
1987-08-31,1028.7838
1987-09-30,634.2769
1987-10-31,613.15106
1987-11-30,368.25266
1987-12-31,218.7326
1988-01-31,189.89188
1988-02-29,185.47464
1988-03-31,234.1747
1988-04-30,346.09778
1988-05-31,444.78845
1988-06-30,832.2381
1988-07-31,937.0961
1988-08-31,634.58624
1988-09-30,814.592
1988-10-31,1286.1978
1988-11-30,640.96497
1988-12-31,268.5765
1989-01-31,186.96472
1989-02-28,174.8565
1989-03-31,281.8173
1989-04-30,387.47867
1989-05-31,844.6335
1989-06-30,2463.9968
1989-07-31,2457.9104
1989-08-31,2015.1268
1989-09-30,1953.0934
1989-10-31,1259.4596
1989-11-30,708.0819
1989-12-31,353.54916
1990-01-31,268.95538
1990-02-28,272.8589
1990-03-31,317.1194
1990-04-30,388.444
1990-05-31,723.91626
1990-06-30,826.05994
1990-07-31,836.13855
1990-08-31,929.6386
1990-09-30,1045.9613
1990-10-31,755.7112
1990-11-30,424.15115
1990-12-31,238.16496
1991-01-31,179.47267
1991-02-28,175.01636
1991-03-31,221.82263
1991-04-30,275.8401
1991-05-31,457.7038
1991-06-30,590.11053
1991-07-31,970.92163
1991-08-31,1272.2831
1991-09-30,827.66473
1991-10-31,752.51465
1991-11-30,446.90247
1991-12-31,244.13573
1992-01-31,189.66183
1992-02-29,177.33575
1992-03-31,206.87846
1992-04-30,373.9518
1992-05-31,478.8985
1992-06-30,826.7582
1992-07-31,1792.6145
1992-08-31,1115.1177
1992-09-30,1094.2291
1992-10-31,1055.712
1992-11-30,448.7176
1992-12-31,238.7474
1993-01-31,202.45227
1993-02-28,193.02966
1993-03-31,253.32758
1993-04-30,479.97937
1993-05-31,742.4045
1993-06-30,993.76935
1993-07-31,1524.2881
1993-08-31,1745.5421
1993-09-30,1174.4113
1993-10-31,880.4772
1993-11-30,470.1772
1993-12-31,235.63904
1994-01-31,190.84036
1994-02-28,183.89764
1994-03-31,230.1368
1994-04-30,485.6315
1994-05-31,659.541
1994-06-30,1174.8401
1994-07-31,1014.4591
1994-08-31,733.0269
1994-09-30,865.94836
1994-10-31,690.20404
1994-11-30,399.457
1994-12-31,202.05228
1995-01-31,184.00063
1995-02-28,183.82622
1995-03-31,186.19472
1995-04-30,397.23572
1995-05-31,807.07935
1995-06-30,616.56433
1995-07-31,659.2089
1995-08-31,1067.929
1995-09-30,1025.8794
1995-10-31,780.51636
1995-11-30,498.67307
1995-12-31,254.84697
1996-01-31,183.06325
1996-02-29,192.35751
1996-03-31,233.45256
1996-04-30,339.72488
1996-05-31,590.46515
1996-06-30,820.10095
1996-07-31,760.31335
1996-08-31,861.8561
1996-09-30,815.5839
1996-10-31,698.53687
1996-11-30,425.16534
1996-12-31,215.43028
1997-01-31,178.69351
1997-02-28,169.76653
1997-03-31,208.93382
1997-04-30,329.3027
1997-05-31,819.5357
1997-06-30,813.07104
1997-07-31,908.3012
1997-08-31,747.84674
1997-09-30,509.55762
1997-10-31,523.41907
1997-11-30,345.0182
1997-12-31,204.86168
1998-01-31,177.5277
1998-02-28,176.31226
1998-03-31,194.51056
1998-04-30,429.58197
1998-05-31,627.23944
1998-06-30,621.61414
1998-07-31,1070.6951
1998-08-31,1330.2347
1998-09-30,1261.4753
1998-10-31,933.3398
1998-11-30,528.38336
1998-12-31,258.5573
1999-01-31,190.96616
1999-02-28,211.70961
1999-03-31,260.22488
1999-04-30,339.68982
1999-05-31,406.4953
1999-06-30,1549.1646
1999-07-31,2489.2334
1999-08-31,1459.6034
1999-09-30,855.246
1999-10-31,1164.0225
1999-11-30,635.43994
1999-12-31,274.13788
2000-01-31,207.61522
2000-02-29,196.26866
2000-03-31,243.94046
2000-04-30,406.3192
2000-05-31,441.14178
2000-06-30,1036.2561
2000-07-31,891.08484
2000-08-31,812.7986
2000-09-30,811.3588
2000-10-31,723.00256
2000-11-30,434.16052
2000-12-31,210.6345
2001-01-31,176.61414
2001-02-28,174.38954
2001-03-31,191.41478
2001-04-30,332.7764
2001-05-31,486.35144
2001-06-30,841.4926
2001-07-31,690.89056
2001-08-31,624.61865
2001-09-30,777.6995
2001-10-31,882.9625
2001-11-30,433.36273
2001-12-31,228.40392
2002-01-31,182.64543
2002-02-28,174.73334
2002-03-31,194.84554
2002-04-30,266.71198
2002-05-31,342.69608
2002-06-30,837.29675
2002-07-31,906.4395
2002-08-31,616.38727
2002-09-30,539.51324
2002-10-31,435.4599
2002-11-30,256.1538
2002-12-31,199.66719
2003-01-31,176.24295
2003-02-28,178.40512
2003-03-31,183.69312
2003-04-30,248.96527
2003-05-31,414.55548
2003-06-30,642.5233
2003-07-31,929.1711
2003-08-31,1331.8558
2003-09-30,1555.9257
2003-10-31,1056.4423
2003-11-30,492.05817
2003-12-31,242.43454
2004-01-31,197.337
2004-02-29,188.3394
2004-03-31,243.92795
2004-04-30,269.3917
2004-05-31,344.52838
2004-06-30,679.1282
2004-07-31,815.1336
2004-08-31,953.94714
2004-09-30,1119.9833
2004-10-31,910.3441
2004-11-30,477.79358
2004-12-31,238.22766
2005-01-31,192.28299
2005-02-28,192.25003
2005-03-31,223.9245
2005-04-30,355.98334
2005-05-31,627.9432
2005-06-30,854.2005
2005-07-31,2003.7683
2005-08-31,1682.0543
2005-09-30,1430.8721
2005-10-31,1770.7949
2005-11-30,661.4934
2005-12-31,328.16647
2006-01-31,248.04123
2006-02-28,241.57324
2006-03-31,258.21274
2006-04-30,346.42307
2006-05-31,399.8698
2006-06-30,633.503
2006-07-31,950.89307
2006-08-31,819.37103
2006-09-30,865.78217
2006-10-31,873.4235
2006-11-30,427.77567
2006-12-31,238.30911
2007-01-31,180.46938
2007-02-28,170.91313
2007-03-31,222.93364
2007-04-30,307.76117
2007-05-31,349.31335
2007-06-30,1230.8766
2007-07-31,1623.7645
2007-08-31,915.8068
2007-09-30,1163.422
2007-10-31,913.32214
2007-11-30,525.1268
2007-12-31,261.87314
2008-01-31,211.49718
2008-02-29,206.34802
2008-03-31,257.5797
2008-04-30,408.97562
2008-05-31,406.37546
2008-06-30,486.2553
2008-07-31,873.7735
2008-08-31,1247.3297
2008-09-30,968.2659
2008-10-31,1255.9022
2008-11-30,672.47675
2008-12-31,336.59344
2009-01-31,233.70715
2009-02-28,233.18611
2009-03-31,308.37244
2009-04-30,446.9607
2009-05-31,755.7244
2009-06-30,1118.8191
2009-07-31,1717.4075
2009-08-31,1817.6212
2009-09-30,1820.0927
2009-10-31,1337.2275
2009-11-30,704.4053
2009-12-31,399.1269
2010-01-31,257.77292
2010-02-28,264.69162
2010-03-31,324.68063
2010-04-30,342.89444
2010-05-31,402.4245
2010-06-30,992.8409
2010-07-31,2196.3489
2010-08-31,1141.9789
2010-09-30,874.61035
2010-10-31,639.3941
2010-11-30,466.6214
2010-12-31,249.79326
2011-01-31,192.96327
2011-02-28,173.95946
2011-03-31,222.26271
2011-04-30,375.4908
2011-05-31,478.53128
2011-06-30,1183.5714
2011-07-31,1686.528
2011-08-31,932.87286
2011-09-30,1030.2144
2011-10-31,1217.4673
2011-11-30,655.28516
2011-12-31,344.3873
2012-01-31,247.93231
2012-02-29,245.77202
2012-03-31,315.03796
2012-04-30,547.8812
2012-05-31,838.8259
2012-06-30,1111.6102
2012-07-31,2479.5825
2012-08-31,2579.1409
2012-09-30,1231.4508
2012-10-31,920.54004
2012-11-30,525.7012
2012-12-31,289.45776
2013-01-31,271.69357
2013-02-28,305.22122
2013-03-31,336.97882
2013-04-30,343.17078
2013-05-31,694.1357
2013-06-30,895.2235
2013-07-31,1680.4004
2013-08-31,1283.0945
2013-09-30,899.84125
2013-10-31,706.2329
2013-11-30,418.2168
2013-12-31,219.22798
2014-01-31,188.69714
2014-02-28,191.71936
2014-03-31,236.43773
2014-04-30,349.86816
2014-05-31,456.8764
2014-06-30,995.0399
2014-07-31,1000.79913
2014-08-31,1062.5542
2014-09-30,1581.9763
2014-10-31,1112.7633
2014-11-30,488.87085
2014-12-31,315.8245
2015-01-31,226.69904
2015-02-28,231.32901
2015-03-31,274.4367
2015-04-30,315.9013
2015-05-31,354.64178
2015-06-30,821.3405
2015-07-31,1318.2899
2015-08-31,515.0666
2015-09-30,698.4138
2015-10-31,803.7827
2015-11-30,449.13712
2015-12-31,249.46663
2016-01-31,180.73177
2016-02-29,179.74248
2016-03-31,218.09814
2016-04-30,332.14172
2016-05-31,516.7724
2016-06-30,652.1955
2016-07-31,834.3202
2016-08-31,744.7718
2016-09-30,833.7285
2016-10-31,898.75714
2016-11-30,463.36972
2016-12-31,237.05109
2017-01-31,182.6571
2017-02-28,183.69801
2017-03-31,234.64023
2017-04-30,336.64545
2017-05-31,425.44
2017-06-30,970.3052
2017-07-31,615.9177
2017-08-31,706.3489
2017-09-30,1377.7119
2017-10-31,1712.2716
2017-11-30,747.41785
2017-12-31,346.73743
2018-01-31,222.62103
2018-02-28,194.95506
2018-03-31,240.96944
2018-04-30,443.4179
2018-05-31,851.5464
2018-06-30,1173.2347
2018-07-31,2448.766
2018-08-31,1391.8766
2018-09-30,2273.2302
2018-10-31,1605.803
2018-11-30,739.9886
2018-12-31,386.86258
2019-01-31,302.0635
2019-02-28,305.62613
2019-03-31,322.58087
2019-04-30,579.90594
2019-05-31,832.5901
2019-06-30,1608.5719
2019-07-31,2119.3582
2019-08-31,1529.6255
2019-09-30,1812.9102
2019-10-31,1584.3583
2019-11-30,851.16547
2019-12-31,352.77316
