date,E-XGB
1961-01-31,173.14977
1961-02-28,167.94226
1961-03-31,240.99948
1961-04-30,476.05438
1961-05-31,673.376
1961-06-30,834.2001
1961-07-31,1696.7097
1961-08-31,1092.4913
1961-09-30,1086.4574
1961-10-31,1308.1388
1961-11-30,754.61487
1961-12-31,287.01456
1962-01-31,194.88812
1962-02-28,192.0346
1962-03-31,207.11371
1962-04-30,398.25632
1962-05-31,578.265
1962-06-30,1138.6196
1962-07-31,1494.9883
1962-08-31,1235.4634
1962-09-30,690.5661
1962-10-31,734.69403
1962-11-30,456.77722
1962-12-31,215.39981
1963-01-31,142.42708
1963-02-28,142.7554
1963-03-31,212.09105
1963-04-30,283.79324
1963-05-31,467.42056
1963-06-30,674.7776
1963-07-31,1521.658
1963-08-31,1199.9203
1963-09-30,2238.2317
1963-10-31,1659.8401
1963-11-30,574.99915
1963-12-31,268.226
1964-01-31,203.91193
1964-02-29,191.0962
1964-03-31,250.47986
1964-04-30,404.9666
1964-05-31,584.78467
1964-06-30,626.321
1964-07-31,1809.2605
1964-08-31,1400.5879
1964-09-30,1439.99
1964-10-31,1304.4958
1964-11-30,583.72986
1964-12-31,276.47415
1965-01-31,198.00127
1965-02-28,208.32916
1965-03-31,226.8876
1965-04-30,350.14548
1965-05-31,587.5779
1965-06-30,865.91705
1965-07-31,1500.2134
1965-08-31,788.61017
1965-09-30,991.531
1965-10-31,827.12823
1965-11-30,416.17853
1965-12-31,211.52261
1966-01-31,173.93556
1966-02-28,167.49693
1966-03-31,227.54924
1966-04-30,311.5709
1966-05-31,368.8554
1966-06-30,447.6513
1966-07-31,1051.9115
1966-08-31,1837.3837
1966-09-30,2026.7897
1966-10-31,1440.8467
1966-11-30,603.0134
1966-12-31,286.9736
1967-01-31,207.02507
1967-02-28,193.47223
1967-03-31,250.5413
1967-04-30,351.40018
1967-05-31,1113.6313
1967-06-30,1169.9989
1967-07-31,1944.2906
1967-08-31,1693.1699
1967-09-30,2376.8555
1967-10-31,1535.8656
1967-11-30,817.8861
1967-12-31,352.61252
1968-01-31,265.95453
1968-02-29,228.77164
1968-03-31,306.92822
1968-04-30,500.3487
1968-05-31,1148.1671
1968-06-30,1159.078
1968-07-31,1422.3279
1968-08-31,979.8619
1968-09-30,2052.2585
1968-10-31,1219.5112
1968-11-30,568.66345
1968-12-31,314.26294
1969-01-31,232.83194
1969-02-28,208.80254
1969-03-31,252.14378
1969-04-30,331.48074
1969-05-31,511.56738
1969-06-30,649.68494
1969-07-31,1132.6543
1969-08-31,800.5379
1969-09-30,699.94165
1969-10-31,840.3337
1969-11-30,380.19757
1969-12-31,190.11552
1970-01-31,147.64449
1970-02-28,146.32234
1970-03-31,189.29349
1970-04-30,367.21964
1970-05-31,557.7748
1970-06-30,671.6866
1970-07-31,729.46344
1970-08-31,1179.7777
1970-09-30,569.34503
1970-10-31,616.10876
1970-11-30,348.4406
1970-12-31,176.20103
1971-01-31,139.83755
1971-02-28,136.06892
1971-03-31,201.11917
1971-04-30,335.2216
1971-05-31,486.4113
1971-06-30,646.1989
1971-07-31,722.19653
1971-08-31,638.44183
1971-09-30,1334.229
1971-10-31,1798.3167
1971-11-30,721.06775
1971-12-31,308.9342
1972-01-31,213.8847
1972-02-29,212.31978
1972-03-31,286.02295
1972-04-30,441.36618
1972-05-31,727.01514
1972-06-30,1070.2587
1972-07-31,1913.4773
1972-08-31,1054.0198
1972-09-30,880.79504
1972-10-31,699.79504
1972-11-30,363.06854
1972-12-31,214.19638
1973-01-31,176.42062
1973-02-28,175.55226
1973-03-31,227.3558
1973-04-30,296.71344
1973-05-31,566.51263
1973-06-30,1048.7439
1973-07-31,923.44885
1973-08-31,894.6743
1973-09-30,1013.615
1973-10-31,1046.1182
1973-11-30,535.3742
1973-12-31,246.3309
1974-01-31,166.65779
1974-02-28,174.19385
1974-03-31,219.43289
1974-04-30,305.41223
1974-05-31,487.73987
1974-06-30,910.06256
1974-07-31,894.1596
1974-08-31,999.92017
1974-09-30,1362.255
1974-10-31,953.0819
1974-11-30,588.80597
1974-12-31,278.05658
1975-01-31,179.66628
1975-02-28,184.28151
1975-03-31,235.05728
1975-04-30,314.9574
1975-05-31,683.77106
1975-06-30,1140.3627
1975-07-31,2229.8218
1975-08-31,1829.249
1975-09-30,1680.765
1975-10-31,1979.7096
1975-11-30,878.3869
1975-12-31,354.04077
1976-01-31,239.80318
1976-02-29,241.28554
1976-03-31,322.28693
1976-04-30,451.74466
1976-05-31,638.6753
1976-06-30,1170.4948
1976-07-31,1471.5507
1976-08-31,1920.56
1976-09-30,1997.2664
1976-10-31,1089.9489
1976-11-30,524.42255
1976-12-31,289.9359
1977-01-31,212.63919
1977-02-28,203.8813
1977-03-31,290.54193
1977-04-30,596.1945
1977-05-31,859.15955
1977-06-30,967.20197
1977-07-31,800.5142
1977-08-31,706.7588
1977-09-30,650.23285
1977-10-31,537.72266
1977-11-30,333.46783
1977-12-31,189.18903
1978-01-31,127.3584
1978-02-28,140.31708
1978-03-31,196.887
1978-04-30,468.5305
1978-05-31,551.7798
1978-06-30,762.5524
1978-07-31,572.26
1978-08-31,1058.5101
1978-09-30,1751.3307
1978-10-31,1028.89
1978-11-30,531.8593
1978-12-31,257.38193
1979-01-31,194.99245
1979-02-28,179.92479
1979-03-31,220.72278
1979-04-30,391.68387
1979-05-31,403.5102
1979-06-30,466.4249
1979-07-31,1112.4941
1979-08-31,1736.9409
1979-09-30,1673.035
1979-10-31,963.1024
1979-11-30,442.22726
1979-12-31,248.22581
1980-01-31,173.7936
1980-02-29,171.64697
1980-03-31,236.7166
1980-04-30,329.70367
1980-05-31,364.30603
1980-06-30,619.26996
1980-07-31,1351.8135
1980-08-31,957.30054
1980-09-30,1410.6752
1980-10-31,1133.5813
1980-11-30,494.17032
1980-12-31,231.82732
1981-01-31,173.16399
1981-02-28,175.41095
1981-03-31,222.86307
1981-04-30,341.15366
1981-05-31,583.7876
1981-06-30,1059.7327
1981-07-31,1637.1239
1981-08-31,1057.2383
1981-09-30,2996.0225
1981-10-31,1683.4882
1981-11-30,714.92645
1981-12-31,351.17468
1982-01-31,250.27763
1982-02-28,251.0667
1982-03-31,283.54623
1982-04-30,394.6488
1982-05-31,850.61725
1982-06-30,1515.349
1982-07-31,1752.4159
1982-08-31,1061.1233
1982-09-30,1673.3767
1982-10-31,1648.1237
1982-11-30,696.28204
1982-12-31,325.82047
1983-01-31,233.19814
1983-02-28,215.57785
1983-03-31,251.42734
1983-04-30,475.14395
1983-05-31,873.23846
1983-06-30,1209.0815
1983-07-31,2522.8699
1983-08-31,1798.1847
1983-09-30,1098.3793
1983-10-31,1917.2129
1983-11-30,910.9372
1983-12-31,571.0748
1984-01-31,274.18057
1984-02-29,281.1315
1984-03-31,325.7852
1984-04-30,445.8558
1984-05-31,521.89197
1984-06-30,1059.8059
1984-07-31,2457.4204
1984-08-31,1484.7823
1984-09-30,833.98926
1984-10-31,887.30475
1984-11-30,521.8287
1984-12-31,288.3285
1985-01-31,208.51993
1985-02-28,177.74933
1985-03-31,234.20271
1985-04-30,357.3601
1985-05-31,456.13116
1985-06-30,683.5046
1985-07-31,1249.5157
1985-08-31,978.5311
1985-09-30,2468.0156
1985-10-31,1169.3202
1985-11-30,510.8789
1985-12-31,270.3529
1986-01-31,211.26096
1986-02-28,206.67944
1986-03-31,247.54424
1986-04-30,413.4745
1986-05-31,827.9982
1986-06-30,1269.8184
1986-07-31,1645.8511
1986-08-31,1195.9169
1986-09-30,1252.7809
1986-10-31,858.9738
1986-11-30,391.0671
1986-12-31,259.24344
1987-01-31,205.24878
1987-02-28,191.4769
1987-03-31,205.63014
1987-04-30,313.21652
1987-05-31,615.542
1987-06-30,922.7756
1987-07-31,1220.68
1987-08-31,1194.8788
1987-09-30,965.9902
1987-10-31,1032.0768
1987-11-30,431.42038
1987-12-31,253.89609
1988-01-31,146.49615
1988-02-29,169.58379
1988-03-31,196.56035
1988-04-30,373.93353
1988-05-31,683.97876
1988-06-30,1003.79266
1988-07-31,1151.7899
1988-08-31,1304.6011
1988-09-30,769.5919
1988-10-31,987.83496
1988-11-30,1101.3253
1988-12-31,431.58484
1989-01-31,223.88248
1989-02-28,195.92303
1989-03-31,267.63464
1989-04-30,374.21225
1989-05-31,676.7003
1989-06-30,1016.5728
1989-07-31,1775.2565
1989-08-31,1838.981
1989-09-30,1810.277
1989-10-31,1405.6437
1989-11-30,695.57446
1989-12-31,281.02188
1990-01-31,204.82106
1990-02-28,201.98195
1990-03-31,217.61577
1990-04-30,410.18646
1990-05-31,722.9027
1990-06-30,912.41815
1990-07-31,1491.8193
1990-08-31,1079.1578
1990-09-30,1333.0637
1990-10-31,1100.8987
1990-11-30,604.08484
1990-12-31,254.18452
1991-01-31,198.1142
1991-02-28,185.6156
1991-03-31,284.45245
1991-04-30,345.53107
1991-05-31,718.4767
1991-06-30,913.3748
1991-07-31,1392.0083
1991-08-31,1369.6184
1991-09-30,1259.3147
1991-10-31,1041.9354
1991-11-30,807.5484
1991-12-31,251.23294
1992-01-31,192.47879
1992-02-29,201.45352
1992-03-31,249.09203
1992-04-30,428.90906
1992-05-31,808.608
1992-06-30,869.5877
1992-07-31,1729.4374
1992-08-31,1836.175
1992-09-30,1683.4143
1992-10-31,1349.069
1992-11-30,615.32996
1992-12-31,307.31073
1993-01-31,192.83543
1993-02-28,208.87492
1993-03-31,304.90033
1993-04-30,417.7894
1993-05-31,695.98315
1993-06-30,1124.7484
1993-07-31,1766.2395
1993-08-31,1847.0057
1993-09-30,1522.124
1993-10-31,1005.4109
1993-11-30,628.25024
1993-12-31,314.4811
1994-01-31,214.20749
1994-02-28,226.73193
1994-03-31,252.98099
1994-04-30,341.4355
1994-05-31,677.69116
1994-06-30,786.8054
1994-07-31,1406.132
1994-08-31,1257.9695
1994-09-30,1124.1003
1994-10-31,1554.0013
1994-11-30,730.9251
1994-12-31,306.2467
1995-01-31,220.74579
1995-02-28,205.35085
1995-03-31,220.96506
1995-04-30,459.87033
1995-05-31,854.7834
1995-06-30,1068.0956
1995-07-31,1546.1904
1995-08-31,2117.872
1995-09-30,1507.276
1995-10-31,940.2124
1995-11-30,606.22253
1995-12-31,290.69785
1996-01-31,218.10284
1996-02-29,221.51833
1996-03-31,277.56897
1996-04-30,367.41223
1996-05-31,760.14087
1996-06-30,895.7849
1996-07-31,1589.3018
1996-08-31,1268.296
1996-09-30,1276.8141
1996-10-31,1018.46136
1996-11-30,640.042
1996-12-31,293.84106
1997-01-31,181.24876
1997-02-28,189.12036
1997-03-31,227.17795
1997-04-30,398.36642
1997-05-31,805.09576
1997-06-30,1379.0698
1997-07-31,1773.3998
1997-08-31,1379.2664
1997-09-30,1548.2994
1997-10-31,775.7722
1997-11-30,616.1308
1997-12-31,323.24313
1998-01-31,231.44453
1998-02-28,199.98367
1998-03-31,319.0672
1998-04-30,524.4282
1998-05-31,511.81805
1998-06-30,802.8871
1998-07-31,1632.149
1998-08-31,1661.0939
1998-09-30,1576.3456
1998-10-31,1095.8516
1998-11-30,669.5243
1998-12-31,390.23062
1999-01-31,201.50488
1999-02-28,218.01263
1999-03-31,341.79022
1999-04-30,387.29056
1999-05-31,686.66016
1999-06-30,1274.2549
1999-07-31,1794.814
1999-08-31,1505.1946
1999-09-30,1494.2698
1999-10-31,763.85254
1999-11-30,637.47473
1999-12-31,374.8395
2000-01-31,202.50687
2000-02-29,217.79337
2000-03-31,253.96524
2000-04-30,425.49768
2000-05-31,633.0339
2000-06-30,1042.4191
2000-07-31,1497.4907
2000-08-31,940.7208
2000-09-30,1203.1543
2000-10-31,1180.4557
2000-11-30,629.7079
2000-12-31,265.9892
2001-01-31,211.61826
2001-02-28,185.55804
2001-03-31,253.21611
2001-04-30,385.83118
2001-05-31,673.9279
2001-06-30,1184.2517
2001-07-31,1480.8114
2001-08-31,1086.6976
2001-09-30,1785.9679
2001-10-31,1356.4852
2001-11-30,609.3769
2001-12-31,292.9271
2002-01-31,228.12117
2002-02-28,202.09099
2002-03-31,277.30856
2002-04-30,381.68024
2002-05-31,647.31165
2002-06-30,1087.5404
2002-07-31,1592.6414
2002-08-31,1170.0665
2002-09-30,1327.6382
2002-10-31,1063.2483
2002-11-30,349.7068
2002-12-31,227.70871
2003-01-31,190.31555
2003-02-28,173.99788
2003-03-31,226.19463
2003-04-30,267.8369
2003-05-31,570.6986
2003-06-30,898.0659
2003-07-31,1390.9508
2003-08-31,1678.6273
2003-09-30,1544.61
2003-10-31,1237.8564
2003-11-30,716.4424
2003-12-31,467.74048
2004-01-31,207.70383
2004-02-29,189.21536
2004-03-31,260.14856
2004-04-30,331.61325
2004-05-31,540.61566
2004-06-30,898.3142
2004-07-31,1257.6796
2004-08-31,1611.27
2004-09-30,1694.8425
2004-10-31,1350.5452
2004-11-30,666.34863
2004-12-31,301.4199
2005-01-31,197.27888
2005-02-28,204.12943
2005-03-31,240.85295
2005-04-30,343.3449
2005-05-31,734.64825
2005-06-30,1039.924
2005-07-31,1697.6991
2005-08-31,1673.0526
2005-09-30,1910.9183
2005-10-31,1644.4954
2005-11-30,742.068
2005-12-31,331.8773
2006-01-31,214.38278
2006-02-28,260.76184
2006-03-31,303.65048
2006-04-30,359.40985
2006-05-31,795.64294
2006-06-30,1175.8284
2006-07-31,1436.0721
2006-08-31,1266.0851
2006-09-30,1753.8512
2006-10-31,1214.3954
2006-11-30,654.6933
2006-12-31,274.94598
2007-01-31,217.27002
2007-02-28,188.35931
2007-03-31,237.54073
2007-04-30,344.04483
2007-05-31,525.3752
2007-06-30,1027.8904
2007-07-31,1461.6926
2007-08-31,1473.7611
2007-09-30,1523.8717
2007-10-31,1078.1031
2007-11-30,768.83655
2007-12-31,310.4887
2008-01-31,214.64294
2008-02-29,221.44994
2008-03-31,293.59155
2008-04-30,429.73074
2008-05-31,617.13245
2008-06-30,948.1382
2008-07-31,1173.9071
2008-08-31,1422.2214
2008-09-30,1281.5759
2008-10-31,1179.8615
2008-11-30,540.97174
2008-12-31,310.3844
2009-01-31,188.45561
2009-02-28,201.87045
2009-03-31,270.90128
2009-04-30,351.9796
2009-05-31,738.4386
2009-06-30,1179.0359
2009-07-31,1868.5446
2009-08-31,1623.2478
2009-09-30,2241.3823
2009-10-31,1296.2168
2009-11-30,654.7539
2009-12-31,343.49548
2010-01-31,229.20906
2010-02-28,230.45314
2010-03-31,343.93744
2010-04-30,348.64136
2010-05-31,724.2807
2010-06-30,1227.955
2010-07-31,1665.6293
2010-08-31,1572.4999
2010-09-30,1470.6951
2010-10-31,696.17883
2010-11-30,522.76526
2010-12-31,241.60721
2011-01-31,161.82108
2011-02-28,179.25479
2011-03-31,266.3628
2011-04-30,337.89456
2011-05-31,508.99988
2011-06-30,982.94037
2011-07-31,1808.7188
2011-08-31,1242.7604
2011-09-30,1504.6432
2011-10-31,1496.1749
2011-11-30,623.5019
2011-12-31,330.78433
2012-01-31,208.32924
2012-02-29,193.58151
2012-03-31,256.96124
2012-04-30,367.91293
2012-05-31,711.72095
2012-06-30,830.3413
2012-07-31,1691.5597
2012-08-31,1713.5393
2012-09-30,2034.2996
2012-10-31,997.89905
2012-11-30,610.0065
2012-12-31,342.17865
2013-01-31,214.99133
2013-02-28,179.11021
2013-03-31,323.5244
2013-04-30,331.95404
2013-05-31,569.2871
2013-06-30,1159.2812
2013-07-31,1814.7167
2013-08-31,1222.2126
2013-09-30,665.92487
2013-10-31,1038.1635
2013-11-30,408.1845
2013-12-31,213.55414
2014-01-31,185.7441
2014-02-28,198.2415
2014-03-31,252.45123
2014-04-30,547.87537
2014-05-31,581.4292
2014-06-30,1156.473
2014-07-31,1716.846
2014-08-31,1753.4811
2014-09-30,2217.5303
2014-10-31,1199.7837
2014-11-30,615.40027
2014-12-31,342.53018
2015-01-31,203.7031
2015-02-28,195.31015
2015-03-31,301.08334
2015-04-30,316.38242
2015-05-31,542.4204
2015-06-30,1375.4791
2015-07-31,1480.3275
2015-08-31,1002.3489
2015-09-30,976.32275
2015-10-31,1527.1721
2015-11-30,526.8205
2015-12-31,283.96213
2016-01-31,208.37833
2016-02-29,172.22911
2016-03-31,211.96033
2016-04-30,455.42114
2016-05-31,571.62445
2016-06-30,715.2238
2016-07-31,981.6107
2016-08-31,1098.3876
2016-09-30,1045.8132
2016-10-31,1163.5692
2016-11-30,679.5155
2016-12-31,281.1013
2017-01-31,229.38501
2017-02-28,254.47755
2017-03-31,270.84216
2017-04-30,318.3232
2017-05-31,682.3382
2017-06-30,1212.057
2017-07-31,1348.7975
2017-08-31,1209.9852
2017-09-30,2461.399
2017-10-31,1742.362
2017-11-30,747.52264
2017-12-31,359.0908
2018-01-31,232.61414
2018-02-28,222.29651
2018-03-31,269.06674
2018-04-30,369.1718
2018-05-31,661.20105
2018-06-30,1083.7495
2018-07-31,1474.7821
2018-08-31,1610.364
2018-09-30,2360.3008
2018-10-31,1633.6799
2018-11-30,674.8149
2018-12-31,339.152
2019-01-31,240.27702
2019-02-28,201.2051
2019-03-31,334.65018
2019-04-30,422.26624
2019-05-31,724.0337
2019-06-30,1133.204
2019-07-31,1580.2285
2019-08-31,1504.989
2019-09-30,2131.1125
2019-10-31,1620.6571
2019-11-30,641.94946
2019-12-31,375.8814
