date,R-XGB
1961-01-31,174.96495
1961-02-28,168.86836
1961-03-31,239.9832
1961-04-30,475.2676
1961-05-31,674.82745
1961-06-30,830.4068
1961-07-31,1695.3352
1961-08-31,1102.8451
1961-09-30,1079.3966
1961-10-31,1315.3191
1961-11-30,755.0486
1961-12-31,291.46317
1962-01-31,196.53166
1962-02-28,191.49428
1962-03-31,209.34903
1962-04-30,400.87018
1962-05-31,576.458
1962-06-30,1130.2041
1962-07-31,1492.0409
1962-08-31,1227.6606
1962-09-30,698.4594
1962-10-31,728.1755
1962-11-30,462.87576
1962-12-31,216.25537
1963-01-31,141.97327
1963-02-28,144.35455
1963-03-31,211.59988
1963-04-30,285.1814
1963-05-31,465.6052
1963-06-30,676.26416
1963-07-31,1549.4279
1963-08-31,1220.9089
1963-09-30,2396.3894
1963-10-31,1622.6886
1963-11-30,573.23364
1963-12-31,263.0907
1964-01-31,203.75694
1964-02-29,193.42682
1964-03-31,250.25662
1964-04-30,405.70355
1964-05-31,585.70593
1964-06-30,623.79456
1964-07-31,1807.2153
1964-08-31,1412.173
1964-09-30,1413.8568
1964-10-31,1232.3652
1964-11-30,590.7583
1964-12-31,279.6313
1965-01-31,198.04176
1965-02-28,205.66052
1965-03-31,226.70816
1965-04-30,353.09918
1965-05-31,584.6663
1965-06-30,869.056
1965-07-31,1501.7596
1965-08-31,795.4132
1965-09-30,998.7171
1965-10-31,824.0692
1965-11-30,413.88022
1965-12-31,208.81352
1966-01-31,173.3916
1966-02-28,166.7885
1966-03-31,228.00446
1966-04-30,315.1389
1966-05-31,369.57312
1966-06-30,450.13977
1966-07-31,1056.1815
1966-08-31,1739.8314
1966-09-30,1998.4996
1966-10-31,1441.7288
1966-11-30,601.21063
1966-12-31,282.17545
1967-01-31,205.76521
1967-02-28,194.62022
1967-03-31,252.64053
1967-04-30,346.1745
1967-05-31,1107.5311
1967-06-30,1175.6205
1967-07-31,2025.3015
1967-08-31,1653.7626
1967-09-30,2393.2913
1967-10-31,1552.7126
1967-11-30,810.2808
1967-12-31,352.70306
1968-01-31,254.47508
1968-02-29,229.1963
1968-03-31,307.31458
1968-04-30,500.45123
1968-05-31,1178.9166
1968-06-30,1153.6459
1968-07-31,1405.3788
1968-08-31,982.7531
1968-09-30,2111.8933
1968-10-31,1219.6022
1968-11-30,559.6955
1968-12-31,316.46915
1969-01-31,234.82256
1969-02-28,211.8797
1969-03-31,255.31726
1969-04-30,331.09247
1969-05-31,503.83572
1969-06-30,650.03046
1969-07-31,1131.1484
1969-08-31,791.4073
1969-09-30,708.3816
1969-10-31,841.67206
1969-11-30,384.35846
1969-12-31,193.06789
1970-01-31,145.44215
1970-02-28,145.13678
1970-03-31,191.46504
1970-04-30,365.48
1970-05-31,558.7088
1970-06-30,673.86206
1970-07-31,756.6885
1970-08-31,1180.6719
1970-09-30,575.76086
1970-10-31,625.0963
1970-11-30,349.0221
1970-12-31,178.29672
1971-01-31,142.08083
1971-02-28,139.52829
1971-03-31,199.611
1971-04-30,332.0707
1971-05-31,479.2633
1971-06-30,630.45264
1971-07-31,737.5561
1971-08-31,673.26556
1971-09-30,1324.9075
1971-10-31,1804.122
1971-11-30,713.7402
1971-12-31,309.58582
1972-01-31,213.13258
1972-02-29,211.62703
1972-03-31,283.58527
1972-04-30,444.2192
1972-05-31,725.00757
1972-06-30,1067.6532
1972-07-31,1903.485
1972-08-31,1065.8843
1972-09-30,774.7285
1972-10-31,658.80725
1972-11-30,363.47162
1972-12-31,214.6098
1973-01-31,175.98453
1973-02-28,170.67754
1973-03-31,224.5757
1973-04-30,289.66156
1973-05-31,561.11914
1973-06-30,1053.4469
1973-07-31,912.57776
1973-08-31,891.01324
1973-09-30,999.73004
1973-10-31,1036.6522
1973-11-30,535.0783
1973-12-31,246.79964
1974-01-31,165.63052
1974-02-28,175.96992
1974-03-31,222.84592
1974-04-30,305.48874
1974-05-31,488.06967
1974-06-30,901.0008
1974-07-31,896.4474
1974-08-31,989.09106
1974-09-30,1359.1234
1974-10-31,972.4563
1974-11-30,588.66486
1974-12-31,276.85254
1975-01-31,179.48564
1975-02-28,182.1982
1975-03-31,232.98792
1975-04-30,317.59326
1975-05-31,682.3353
1975-06-30,1145.5814
1975-07-31,2340.3906
1975-08-31,1830.7318
1975-09-30,1691.234
1975-10-31,1957.383
1975-11-30,877.66144
1975-12-31,384.3176
1976-01-31,242.11931
1976-02-29,252.79723
1976-03-31,328.86832
1976-04-30,450.24286
1976-05-31,639.24854
1976-06-30,1169.5121
1976-07-31,1467.3347
1976-08-31,1909.4487
1976-09-30,1978.025
1976-10-31,1083.7382
1976-11-30,534.52234
1976-12-31,290.83765
1977-01-31,216.40822
1977-02-28,203.15787
1977-03-31,291.68503
1977-04-30,614.2128
1977-05-31,863.0193
1977-06-30,968.11975
1977-07-31,805.57166
1977-08-31,715.53296
1977-09-30,653.64215
1977-10-31,538.04565
1977-11-30,332.01688
1977-12-31,187.00275
1978-01-31,133.06612
1978-02-28,141.92244
1978-03-31,194.656
1978-04-30,474.8449
1978-05-31,555.70087
1978-06-30,762.2439
1978-07-31,601.7065
1978-08-31,1141.6536
1978-09-30,1745.7706
1978-10-31,1030.597
1978-11-30,528.10645
1978-12-31,256.15228
1979-01-31,191.22061
1979-02-28,175.08527
1979-03-31,219.58296
1979-04-30,385.66403
1979-05-31,406.22308
1979-06-30,472.19727
1979-07-31,1110.8942
1979-08-31,1737.1234
1979-09-30,1668.8567
1979-10-31,971.6783
1979-11-30,443.90335
1979-12-31,248.51947
1980-01-31,173.31816
1980-02-29,171.40222
1980-03-31,239.5861
1980-04-30,329.41272
1980-05-31,365.5387
1980-06-30,618.7964
1980-07-31,1346.1659
1980-08-31,955.1804
1980-09-30,1394.4839
1980-10-31,1140.6843
1980-11-30,489.34482
1980-12-31,223.67589
1981-01-31,173.65761
1981-02-28,173.05956
1981-03-31,206.4922
1981-04-30,339.5017
1981-05-31,584.0721
1981-06-30,1060.1787
1981-07-31,1631.5876
1981-08-31,1037.1633
1981-09-30,2700.4475
1981-10-31,1679.6975
1981-11-30,730.3085
1981-12-31,351.86963
1982-01-31,250.93008
1982-02-28,249.21489
1982-03-31,285.32397
1982-04-30,388.80527
1982-05-31,855.36523
1982-06-30,1510.1788
1982-07-31,1767.4602
1982-08-31,1060.6616
1982-09-30,1654.4746
1982-10-31,1653.867
1982-11-30,699.01794
1982-12-31,340.10294
1983-01-31,234.00246
1983-02-28,214.03592
1983-03-31,251.40492
1983-04-30,471.1431
1983-05-31,873.90875
1983-06-30,1244.8906
1983-07-31,2467.0479
1983-08-31,1788.8759
1983-09-30,1110.4773
1983-10-31,1956.3246
1983-11-30,910.91473
1983-12-31,511.3981
1984-01-31,268.50937
1984-02-29,277.65482
1984-03-31,319.05508
1984-04-30,443.17258
1984-05-31,516.4336
1984-06-30,1070.4357
1984-07-31,2441.6375
1984-08-31,1486.8615
1984-09-30,835.8058
1984-10-31,895.44403
1984-11-30,518.6649
1984-12-31,282.709
1985-01-31,204.51189
1985-02-28,180.41516
1985-03-31,233.46234
1985-04-30,355.2585
1985-05-31,454.01547
1985-06-30,664.30927
1985-07-31,1246.6571
1985-08-31,1011.9542
1985-09-30,2413.8367
1985-10-31,1169.9353
1985-11-30,506.67996
1985-12-31,269.5035
1986-01-31,192.99794
1986-02-28,191.51407
1986-03-31,249.68504
1986-04-30,362.75595
1986-05-31,853.0361
1986-06-30,1135.9952
1986-07-31,1744.9551
1986-08-31,750.20483
1986-09-30,1119.0369
1986-10-31,603.38495
1986-11-30,348.8287
1986-12-31,219.75745
1987-01-31,147.5232
1987-02-28,172.55563
1987-03-31,210.1607
1987-04-30,264.2474
1987-05-31,527.6221
1987-06-30,1152.192
1987-07-31,1776.2742
1987-08-31,1040.3097
1987-09-30,674.2932
1987-10-31,583.7066
1987-11-30,347.5812
1987-12-31,189.42206
1988-01-31,151.67648
1988-02-29,155.81946
1988-03-31,230.79349
1988-04-30,353.0918
1988-05-31,438.20364
1988-06-30,793.8559
1988-07-31,916.7093
1988-08-31,585.2979
1988-09-30,807.4567
1988-10-31,1352.4685
1988-11-30,658.79266
1988-12-31,273.23685
1989-01-31,172.51352
1989-02-28,169.80664
1989-03-31,274.76556
1989-04-30,365.84988
1989-05-31,870.5751
1989-06-30,2334.195
1989-07-31,2333.6458
1989-08-31,1888.1495
1989-09-30,1742.9735
1989-10-31,1209.1543
1989-11-30,682.6776
1989-12-31,350.734
1990-01-31,265.11743
1990-02-28,247.18108
1990-03-31,305.65863
1990-04-30,352.80692
1990-05-31,683.81396
1990-06-30,771.79297
1990-07-31,764.62805
1990-08-31,788.6417
1990-09-30,924.8699
1990-10-31,720.6589
1990-11-30,436.16898
1990-12-31,222.5019
1991-01-31,162.89793
1991-02-28,161.68079
1991-03-31,203.32289
1991-04-30,244.89182
1991-05-31,437.50024
1991-06-30,569.2109
1991-07-31,937.6744
1991-08-31,1214.8679
1991-09-30,827.93945
1991-10-31,719.11676
1991-11-30,440.0494
1991-12-31,220.19244
1992-01-31,161.25528
1992-02-29,140.50375
1992-03-31,200.46294
1992-04-30,363.70825
1992-05-31,488.2471
1992-06-30,803.9156
1992-07-31,1758.1056
1992-08-31,1115.7548
1992-09-30,1097.4369
1992-10-31,1063.3773
1992-11-30,450.06213
1992-12-31,212.5196
1993-01-31,182.46971
1993-02-28,180.19193
1993-03-31,248.02283
1993-04-30,511.4232
1993-05-31,721.8094
1993-06-30,1028.2529
1993-07-31,1516.6519
1993-08-31,1621.0281
1993-09-30,1128.4622
1993-10-31,783.6688
1993-11-30,473.02774
1993-12-31,214.65256
1994-01-31,169.65398
1994-02-28,176.82663
1994-03-31,219.28899
1994-04-30,496.6774
1994-05-31,665.2578
1994-06-30,1166.4725
1994-07-31,1090.691
1994-08-31,700.21857
1994-09-30,692.9811
1994-10-31,586.5294
1994-11-30,362.90213
1994-12-31,184.89273
1995-01-31,148.13763
1995-02-28,153.60791
1995-03-31,192.3568
1995-04-30,412.306
1995-05-31,761.3753
1995-06-30,587.83295
1995-07-31,568.06616
1995-08-31,1050.9786
1995-09-30,1013.6368
1995-10-31,737.6874
1995-11-30,469.69937
1995-12-31,232.629
1996-01-31,159.2028
1996-02-29,154.94879
1996-03-31,213.59956
1996-04-30,322.65988
1996-05-31,565.9379
1996-06-30,831.48145
1996-07-31,781.9593
1996-08-31,762.0256
1996-09-30,692.6823
1996-10-31,648.84906
1996-11-30,377.2728
1996-12-31,198.94539
1997-01-31,137.97452
1997-02-28,137.70186
1997-03-31,197.13622
1997-04-30,304.12494
1997-05-31,787.31323
1997-06-30,787.8223
1997-07-31,893.04443
1997-08-31,730.2238
1997-09-30,527.6402
1997-10-31,549.6147
1997-11-30,337.96378
1997-12-31,188.59174
1998-01-31,137.53006
1998-02-28,140.90816
1998-03-31,193.50618
1998-04-30,389.05695
1998-05-31,580.0912
1998-06-30,558.5847
1998-07-31,1097.9697
1998-08-31,1241.2664
1998-09-30,1171.3634
1998-10-31,899.919
1998-11-30,490.35388
1998-12-31,241.0222
1999-01-31,175.66136
1999-02-28,189.1847
1999-03-31,234.68617
1999-04-30,293.22946
1999-05-31,372.47052
1999-06-30,1510.9617
1999-07-31,2337.9749
1999-08-31,1416.9701
1999-09-30,895.47784
1999-10-31,1127.7769
1999-11-30,603.42883
1999-12-31,269.50662
2000-01-31,184.24127
2000-02-29,174.48816
2000-03-31,217.78973
2000-04-30,368.95786
2000-05-31,458.70465
2000-06-30,1018.3043
2000-07-31,832.0027
2000-08-31,761.0042
2000-09-30,847.12286
2000-10-31,739.15393
2000-11-30,384.8781
2000-12-31,201.77174
2001-01-31,145.06107
2001-02-28,143.0114
2001-03-31,184.27432
2001-04-30,313.8499
2001-05-31,474.4894
2001-06-30,793.2848
2001-07-31,667.026
2001-08-31,583.53186
2001-09-30,742.4949
2001-10-31,847.6561
2001-11-30,407.6944
2001-12-31,205.47957
2002-01-31,146.62575
2002-02-28,148.8621
2002-03-31,177.33545
2002-04-30,241.9447
2002-05-31,319.8357
2002-06-30,786.8127
2002-07-31,895.1978
2002-08-31,534.5465
2002-09-30,363.13177
2002-10-31,363.9542
2002-11-30,234.03828
2002-12-31,167.17682
2003-01-31,149.48712
2003-02-28,162.8297
2003-03-31,173.23007
2003-04-30,240.89404
2003-05-31,371.49884
2003-06-30,615.2757
2003-07-31,859.47034
2003-08-31,1237.1156
2003-09-30,1501.7521
2003-10-31,1038.2855
2003-11-30,488.83246
2003-12-31,224.31569
2004-01-31,160.04614
2004-02-29,155.04858
2004-03-31,205.99864
2004-04-30,238.07599
2004-05-31,332.9983
2004-06-30,657.3543
2004-07-31,816.4669
2004-08-31,934.6762
2004-09-30,1109.9485
2004-10-31,934.8257
2004-11-30,489.12256
2004-12-31,236.89307
2005-01-31,171.52773
2005-02-28,156.79237
2005-03-31,205.704
2005-04-30,347.24805
2005-05-31,624.4713
2005-06-30,845.3417
2005-07-31,1871.9512
2005-08-31,1579.4275
2005-09-30,1336.6617
2005-10-31,1707.2477
2005-11-30,669.3974
2005-12-31,300.329
2006-01-31,225.9924
2006-02-28,220.76503
2006-03-31,246.4577
2006-04-30,312.3512
2006-05-31,381.1682
2006-06-30,611.40063
2006-07-31,830.5015
2006-08-31,598.8823
2006-09-30,764.63086
2006-10-31,736.5775
2006-11-30,383.29947
2006-12-31,215.21822
2007-01-31,155.91278
2007-02-28,157.43977
2007-03-31,213.5621
2007-04-30,292.72403
2007-05-31,328.30594
2007-06-30,1280.521
2007-07-31,1546.3761
2007-08-31,970.4377
2007-09-30,1087.1815
2007-10-31,888.5097
2007-11-30,500.2599
2007-12-31,246.2657
2008-01-31,179.66437
2008-02-29,160.2262
2008-03-31,252.59009
2008-04-30,366.3011
2008-05-31,369.30215
2008-06-30,462.58105
2008-07-31,850.3151
2008-08-31,1189.5991
2008-09-30,927.7776
2008-10-31,1172.7328
2008-11-30,609.0481
2008-12-31,289.44644
2009-01-31,200.73227
2009-02-28,217.1824
2009-03-31,279.23685
2009-04-30,446.5512
2009-05-31,716.8058
2009-06-30,1108.5161
2009-07-31,1715.2979
2009-08-31,1578.9396
2009-09-30,1512.7471
2009-10-31,1352.5549
2009-11-30,725.27936
2009-12-31,403.99786
2010-01-31,244.60725
2010-02-28,241.97212
2010-03-31,299.59766
2010-04-30,328.54526
2010-05-31,363.33105
2010-06-30,1004.03174
2010-07-31,2198.1995
2010-08-31,990.832
2010-09-30,766.31635
2010-10-31,652.01746
2010-11-30,460.45563
2010-12-31,225.20386
2011-01-31,191.14781
2011-02-28,176.48767
2011-03-31,230.9538
2011-04-30,377.16562
2011-05-31,486.38663
2011-06-30,1131.978
2011-07-31,1555.406
2011-08-31,910.5396
2011-09-30,987.2485
2011-10-31,1135.1768
2011-11-30,637.1046
2011-12-31,334.7022
2012-01-31,241.95494
2012-02-29,244.6141
2012-03-31,302.01227
2012-04-30,521.29803
2012-05-31,812.69293
2012-06-30,1099.0078
2012-07-31,2409.5728
2012-08-31,2384.3262
2012-09-30,1101.0055
2012-10-31,897.7238
2012-11-30,485.2659
2012-12-31,265.60922
2013-01-31,249.91803
2013-02-28,274.64548
2013-03-31,331.27686
2013-04-30,315.31464
2013-05-31,651.25073
2013-06-30,902.33105
2013-07-31,1565.5498
2013-08-31,1186.4138
2013-09-30,837.1187
2013-10-31,647.0446
2013-11-30,360.80594
2013-12-31,202.30225
2014-01-31,178.4312
2014-02-28,179.95752
2014-03-31,241.07501
2014-04-30,356.9618
2014-05-31,466.2652
2014-06-30,929.9593
2014-07-31,976.37427
2014-08-31,1016.0713
2014-09-30,1499.9951
2014-10-31,1051.0808
2014-11-30,463.64362
2014-12-31,278.03613
2015-01-31,220.66695
2015-02-28,214.27736
2015-03-31,271.2782
2015-04-30,312.16437
2015-05-31,341.97064
2015-06-30,755.6161
2015-07-31,1343.8647
2015-08-31,578.59
2015-09-30,669.8044
2015-10-31,744.13525
2015-11-30,378.15555
2015-12-31,213.60461
2016-01-31,161.30542
2016-02-29,154.74554
2016-03-31,211.35802
2016-04-30,320.25522
2016-05-31,478.80496
2016-06-30,630.81476
2016-07-31,804.77527
2016-08-31,606.05396
2016-09-30,662.08124
2016-10-31,823.9478
2016-11-30,449.10663
2016-12-31,233.72546
2017-01-31,159.04248
2017-02-28,163.85425
2017-03-31,205.67705
2017-04-30,321.86603
2017-05-31,429.15356
2017-06-30,933.9734
2017-07-31,663.8303
2017-08-31,544.6137
2017-09-30,1186.3385
2017-10-31,1552.5957
2017-11-30,750.61414
2017-12-31,332.15533
2018-01-31,203.04617
2018-02-28,185.80994
2018-03-31,231.39088
2018-04-30,442.5729
2018-05-31,841.5848
2018-06-30,1111.8674
2018-07-31,2377.2292
2018-08-31,1386.2782
2018-09-30,2135.8972
2018-10-31,1463.1195
2018-11-30,735.24207
2018-12-31,398.37402
2019-01-31,270.22205
2019-02-28,274.7873
2019-03-31,305.5921
2019-04-30,544.6818
2019-05-31,856.7
2019-06-30,1678.4987
2019-07-31,2185.2537
2019-08-31,1500.6294
2019-09-30,1752.8706
2019-10-31,1454.563
2019-11-30,782.4209
2019-12-31,382.90143
