YQ,natural_flow,VIF_MLR,VIF_LSTM,VIF_LSTM_MLR,VIF_XGB,VIF_BILSTM,VIF_CNN,CER-XGB,CER-LSTM,CER-BILSTM,CER-CNN,CER-MLR,CER-BiLSTM
1986-1,469,506.5874779554933,486.6381733333333,447.49965,497.3476533333333,484.01622,604.42868,497.3476533333333,486.6381733333333,484.01622,604.42868,506.58747795549334,484.01622
1986-2,1156,1270.50828641288,1230.0837833333333,1221.5094766666666,1267.5859466666666,1221.2963333333337,1219.6793,1267.5859466666666,1230.0837833333333,1221.2963333333337,1219.6793,1270.50828641288,1221.2963333333335
1986-3,696,763.4633178580403,745.7830466666666,709.4442166666668,749.46034,721.1421799999999,742.8983666666667,749.46034,745.7830466666666,721.1421799999999,742.8983666666667,763.4633178580403,721.1421799999999
1986-4,217,201.4767058283081,184.62356666666665,213.4185044784001,196.7974133333333,191.27398666666667,210.06104,196.79741333333334,184.62356666666665,191.27398666666667,210.06104000000002,201.4767058283081,191.27398666666667
1987-1,359,375.4654108272107,349.41927000000004,320.2322439801575,374.24567666666667,349.68074666666666,439.5594733333334,374.24567666666667,349.41927000000004,349.68074666666666,439.5594733333334,375.4654108272107,349.68074666666666
1987-2,1292,1355.1440145073273,1312.3146333333334,1329.1276,1339.9989666666668,1316.2008666666668,1156.413633333333,1339.9989666666668,1312.3146333333334,1316.2008666666668,1156.4136333333333,1355.1440145073273,1316.2008666666668
1987-3,520,582.96097019391,577.8499566666667,522.47058,538.5602066666667,556.4769366666667,625.3671766666666,538.5602066666667,577.8499566666667,556.4769366666667,625.3671766666666,582.96097019391,556.4769366666667
1987-4,156,236.1393014413427,206.9092833333333,220.23935051988173,214.6476733333333,198.7391533333333,253.3206033333333,214.6476733333333,206.90928333333332,198.7391533333333,253.32060333333334,236.1393014413427,198.73915333333335
1988-1,348,339.05406616061515,340.99520333333334,327.9571344173895,341.6869766666667,328.31368,466.00166999999993,341.6869766666667,340.99520333333334,328.31368,466.00166999999993,339.05406616061515,328.31368
1988-2,755,803.3355265893839,754.7142166666666,753.8951999999999,801.3068133333333,763.5008333333334,1040.4289,801.3068133333333,754.7142166666666,763.5008333333334,1040.4289,803.3355265893839,763.5008333333334
1988-3,901,981.9545899327544,944.6176333333332,941.80004,913.9182566666668,927.5650466666668,1212.255,913.9182566666667,944.6176333333333,927.5650466666668,1212.2549999999999,981.9545899327545,927.5650466666667
1988-4,184,273.66780263819186,242.9128,263.3809543212324,238.4567933333333,227.7697933333333,305.24916,238.4567933333333,242.91279999999998,227.7697933333333,305.24916,273.66780263819186,227.7697933333333
1989-1,536,526.594635896963,496.7673133333333,533.2334099999999,504.6431566666667,506.14724666666666,546.0583666666666,504.6431566666667,496.76731333333333,506.14724666666666,546.0583666666666,526.594635896963,506.14724666666666
1989-2,2212,2274.753898840201,2267.601633333333,2121.310633333333,2312.3446666666664,2098.255333333333,1815.2915666666668,2312.3446666666664,2267.601633333333,2098.255333333333,1815.2915666666668,2274.753898840201,2098.255333333333
1989-3,1330,1336.6916117393682,1319.0327433333334,1333.6797766666666,1306.8783,1200.1117333333334,1382.0791533333334,1306.8783,1319.0327433333334,1200.1117333333334,1382.0791533333334,1336.6916117393682,1200.1117333333334
1989-4,237,300.0939722421122,252.99612,249.41707,259.99308,232.34791,288.97343666666666,259.99308,252.99612000000002,232.34791,288.97343666666666,300.0939722421122,232.34790999999998
1990-1,522,484.3582107027439,448.38496333333336,434.9514966666666,476.49322,454.12074666666666,976.6583433333334,476.49322,448.38496333333336,454.12074666666666,976.6583433333334,484.3582107027439,454.12074666666666
1990-2,906,826.8239576672007,792.1851533333333,779.20925,863.9456966666667,816.5557600000001,1166.629766666667,863.9456966666667,792.1851533333333,816.5557600000001,1166.6297666666667,826.8239576672007,816.5557600000001
1990-3,756,769.5545303581476,750.54253,700.5883433333333,741.9412166666666,731.7280233333335,963.80652,741.9412166666666,750.54253,731.7280233333335,963.8065200000001,769.5545303581476,731.7280233333335
1990-4,238,219.03080168904629,190.26549,201.9197874339609,199.54158666666663,179.82304666666664,235.86589,199.54158666666663,190.26549,179.82304666666664,235.86589,219.03080168904629,179.82304666666664
1991-1,360,340.9687472943735,323.91630000000004,304.06158909756,318.45551,309.02267333333333,389.6013833333333,318.45551,323.91630000000004,309.02267333333333,389.60138333333333,340.9687472943735,309.02267333333333
1991-2,890,915.5317372450968,868.3303999999999,865.17692,944.43842,848.6410666666667,896.2092333333334,944.4384200000001,868.3303999999999,848.6410666666667,896.2092333333334,915.5317372450967,848.6410666666667
1991-3,629,693.8610320718122,694.3376466666667,619.5340666666667,675.69395,649.62691,996.8628166666668,675.69395,694.3376466666667,649.62691,996.8628166666667,693.8610320718122,649.62691
1991-4,202,218.53650797004173,191.69425,209.2276511147974,201.9149933333333,185.7004533333333,245.54726,201.9149933333333,191.69425,185.7004533333333,245.54726000000002,218.53650797004175,185.70045333333334
1992-1,388,374.1894925627636,354.9360133333333,340.8680520388645,353.24292,346.02851000000004,426.7182133333333,353.24291999999997,354.9360133333333,346.02851000000004,426.7182133333333,374.18949256276363,346.02851000000004
1992-2,1220,1309.5783243067733,1269.9994666666666,1242.5813533333333,1244.8301333333332,1270.655,1417.3329,1244.8301333333332,1269.9994666666666,1270.655,1417.3329,1309.5783243067733,1270.655
1992-3,862,955.9161780560602,953.4142,906.75892,866.2195666666667,908.2376066666668,1034.41425,866.2195666666667,953.4142,908.2376066666668,1034.41425,955.9161780560602,908.2376066666667
1992-4,181,241.69255144039343,210.80216,230.7661120125489,210.37365666666665,204.9699933333333,244.6706133333333,210.37365666666665,210.80216,204.9699933333333,244.67061333333334,241.69255144039343,204.96999333333335
1993-1,529,506.8182093221739,474.9785133333333,451.56816333333336,491.9038166666666,460.5747466666666,468.2604866666666,491.90381666666667,474.9785133333333,460.5747466666666,468.2604866666666,506.8182093221739,460.57474666666667
1993-2,1382,1431.336662699783,1382.1228,1396.26458,1421.19985,1371.7626,1467.9761,1421.19985,1382.1228,1371.7626,1467.9760999999999,1431.336662699783,1371.7626
1993-3,795,872.9615634679731,866.4516833333333,817.8614666666666,841.6885666666667,836.8930266666666,801.1354433333332,841.6885666666667,866.4516833333333,836.8930266666666,801.1354433333332,872.9615634679731,836.8930266666666
1993-4,202,221.2919927285037,198.7265933333333,216.4906354187054,192.26342666666665,196.4143433333333,235.3704766666667,192.26342666666665,198.7265933333333,196.4143433333333,235.3704766666667,221.2919927285037,196.41434333333333
1994-1,522,468.77161125973606,447.93745000000007,452.7882400781924,458.43643333333335,445.8338733333333,540.9059933333333,458.43643333333335,447.93745000000007,445.8338733333333,540.9059933333333,468.77161125973606,445.8338733333333
1994-2,985,1005.8013262800514,966.1272533333334,954.7757666666666,974.1087,954.6827866666666,1231.615366666667,974.1086999999999,966.1272533333334,954.6827866666666,1231.6153666666667,1005.8013262800514,954.6827866666666
1994-3,581,647.3803485815722,647.6588966666667,612.89244,651.8697999999999,617.4634533333334,986.9586666666664,651.8697999999999,647.6588966666667,617.4634533333334,986.9586666666665,647.3803485815722,617.4634533333334
1994-4,230,209.25837023636905,196.97663,200.92968193641173,207.55794,193.00722,249.50886,207.55794,196.97663,193.00722,249.50886,209.25837023636905,193.00722
1995-1,486,438.5629090404339,438.9583866666667,412.2256821366129,463.5032633333333,427.3942933333333,604.7445666666666,463.50326333333334,438.9583866666667,427.3942933333333,604.7445666666666,438.5629090404339,427.39429333333334
1995-2,801,780.234472381621,729.3149,718.29175,781.2340766666666,735.564,1238.5488333333333,781.2340766666666,729.3149,735.564,1238.5488333333333,780.234472381621,735.564
1995-3,743,804.2649585687226,792.0706666666666,776.8341399999999,768.3562766666668,774.6197233333334,989.4064833333332,768.3562766666668,792.0706666666666,774.6197233333334,989.4064833333332,804.2649585687226,774.6197233333334
1995-4,170,210.93648778566853,198.02966333333333,208.0406311742273,196.95034666666663,185.70243666666667,258.17448,196.95034666666666,198.02966333333333,185.70243666666667,258.17447999999996,210.93648778566853,185.70243666666667
1996-1,415,397.6787923347479,389.8334733333333,392.9850066666667,387.8808633333333,375.44581,647.2737066666667,387.8808633333333,389.8334733333333,375.44581,647.2737066666667,397.6787923347479,375.44581
1996-2,848,815.5189739521156,763.7643266666668,760.1682566666667,814.0901333333333,762.6972833333333,1219.3074333333334,814.0901333333333,763.7643266666668,762.6972833333333,1219.3074333333334,815.5189739521156,762.6972833333333
1996-3,555,631.6544200145222,612.9660866666667,576.7463,646.4287033333334,594.67595,853.5167033333333,646.4287033333334,612.9660866666667,594.67595,853.5167033333333,631.6544200145222,594.67595
1996-4,155,198.56816577451937,182.87943,199.8124594106668,184.44057333333333,177.2766333333333,235.58548,184.44057333333333,182.87942999999999,177.2766333333333,235.58548,198.56816577451937,177.2766333333333
1997-1,470,466.9856698610288,443.97587,453.2072366666667,452.5907399999999,425.70711,558.74068,452.5907399999999,443.97587,425.70711,558.74068,466.9856698610288,425.70711
1997-2,880,827.3680754669531,791.2439666666666,764.3350833333334,823.0729933333333,781.8707633333333,1085.3932333333332,823.0729933333333,791.2439666666666,781.8707633333333,1085.3932333333332,827.3680754669531,781.8707633333333
1997-3,421,540.4883157881628,528.9439833333333,523.7809533333333,459.33163,511.65588,712.5754166666667,459.33162999999996,528.9439833333333,511.65588,712.5754166666667,540.4883157881628,511.65588
1997-4,135,229.86881009913165,205.30795333333333,210.56286510446773,204.13242,195.43301,245.36388666666667,204.13242,205.30795333333333,195.43301,245.36388666666667,229.86881009913165,195.43301
1998-1,421,425.4446882419673,408.38093333333336,399.7512658877338,417.1106566666666,392.0003400000001,502.3595666666667,417.11065666666667,408.38093333333336,392.0003400000001,502.3595666666667,425.4446882419673,392.00034000000005
1998-2,968,997.488824213186,958.5312533333332,964.3387666666669,1007.5146466666666,958.9243666666669,1177.9615166666667,1007.5146466666666,958.5312533333332,958.9243666666669,1177.9615166666667,997.4888242131859,958.9243666666667
1998-3,801,954.0383953346508,959.1600766666668,885.36399,907.73282,919.7609466666668,1237.1356,907.7328200000001,959.1600766666667,919.7609466666668,1237.1356,954.0383953346509,919.7609466666667
1998-4,262,252.68316463165297,227.55025333333333,242.18803139801523,225.60455,219.89856,258.7261866666667,225.60455000000002,227.55025333333333,219.89856,258.7261866666667,252.68316463165297,219.89856
1999-1,320,334.3510302425891,326.3609666666666,293.38884,335.47,318.98828333333336,486.1222333333333,335.46999999999997,326.3609666666666,318.98828333333336,486.1222333333333,334.3510302425891,318.98828333333336
1999-2,1709,1849.2633014934656,1791.4507,1777.8530666666666,1832.667133333333,1770.5899000000002,1613.1725333333334,1832.6671333333334,1791.4507,1770.5899000000002,1613.1725333333334,1849.2633014934656,1770.5899000000002
1999-3,850,950.0131868455044,928.5559633333332,907.9274,884.9028133333335,903.2432866666668,705.93918,884.9028133333335,928.5559633333332,903.2432866666668,705.93918,950.0131868455043,903.2432866666667
1999-4,217,226.19737585469576,204.58653,226.5534992130973,204.83946,200.70174,235.81923666666668,204.83946,204.58653,200.70174,235.81923666666668,226.19737585469576,200.70174
2000-1,400,373.2183815854026,355.49086333333327,320.503025206725,363.8004800000001,347.64682,442.5971666666667,363.80048000000005,355.49086333333327,347.64682,442.5971666666667,373.2183815854026,347.64682
2000-2,850,900.4219358451364,859.5830666666667,830.7635866666666,913.3798466666668,869.9547466666667,962.2225666666668,913.3798466666667,859.5830666666667,869.9547466666667,962.2225666666667,900.4219358451364,869.9547466666667
2000-3,625,711.002561730813,700.9216433333332,639.0732666666667,656.17396,686.9189133333333,798.18631,656.17396,700.9216433333332,686.9189133333333,798.18631,711.002561730813,686.9189133333333
2000-4,238,211.1309993658064,195.5093,196.745956112225,193.13586666666663,192.60512000000003,232.54103,193.13586666666666,195.50930000000002,192.60512000000003,232.54103,211.13099936580633,192.60512000000003
2001-1,415,345.9707408087125,328.06097666666665,322.690362441608,336.84754000000004,317.9987233333333,470.1822133333333,336.84754000000004,328.06097666666665,317.9987233333333,470.1822133333333,345.9707408087125,317.9987233333333
2001-2,910,720.9611064221307,684.2628166666667,680.8699399999999,719.0006033333334,678.6290133333333,861.0194533333333,719.0006033333334,684.2628166666667,678.6290133333333,861.0194533333333,720.9611064221307,678.6290133333333
2001-3,670,752.8710042842328,735.8402666666667,708.7819800000001,698.0082433333333,724.1119333333332,969.8283733333332,698.0082433333333,735.8402666666667,724.1119333333332,969.8283733333333,752.8710042842328,724.1119333333332
2001-4,245,184.2998629306072,160.5077566666667,183.8098831332351,185.6819866666667,163.78732,205.1911633333333,185.6819866666667,160.50775666666667,163.78732,205.19116333333332,184.29986293060713,163.78732
2002-1,411,284.0307029828658,277.4015866666667,257.2997302651784,268.0845333333333,253.1163933333333,396.6534166666667,268.08453333333335,277.4015866666667,253.1163933333333,396.6534166666667,284.0307029828658,253.11639333333335
2002-2,870,762.6230892236027,733.4636999999999,726.11373,786.70784,740.9737,911.93717,786.70784,733.4636999999999,740.9737,911.93717,762.6230892236027,740.9737
2002-3,632,380.9809410550835,363.6552266666667,339.8032866666667,410.3756466666667,373.7765633333333,616.8509566666667,410.3756466666667,363.6552266666667,373.7765633333333,616.8509566666667,380.9809410550835,373.77656333333334
2002-4,237,185.82808526486176,165.88564666666664,176.46351017303496,199.0275366666667,166.15757,229.60679,199.0275366666667,165.88564666666664,166.15757,229.60679000000002,185.82808526486178,166.15757
2003-1,530,291.74970789515424,275.54814,261.32799200401047,282.40462333333335,260.08008333333333,346.2883566666667,282.40462333333335,275.54814,260.08008333333333,346.2883566666667,291.74970789515424,260.08008333333333
2003-2,1120,909.5993789938832,855.4294100000001,863.61019,967.8500666666667,851.2358899999999,961.94238,967.8500666666667,855.4294100000001,851.2358899999999,961.94238,909.5993789938833,851.2358899999999
2003-3,830,1085.0714323086384,1089.0326466666668,1030.4549133333333,1034.808723333333,1055.5415666666668,1239.6916,1034.8087233333333,1089.0326466666668,1055.5415666666668,1239.6915999999999,1085.0714323086384,1055.5415666666668
2003-4,305,223.0309410851698,200.3354566666667,220.47446419318464,207.96802,194.84106666666665,248.0459133333333,207.96802,200.3354566666667,194.84106666666665,248.04591333333335,223.03094108516981,194.84106666666665
2004-1,450,283.09067781523794,271.67528666666664,255.85563423158248,285.9493433333334,269.39722333333333,375.9549833333333,285.9493433333334,271.67528666666664,269.39722333333333,375.9549833333333,283.09067781523794,269.39722333333333
2004-2,960,826.3829335979468,777.8638299999999,782.9619733333334,816.0696466666667,777.2469766666667,880.52603,816.0696466666667,777.8638299999999,777.2469766666667,880.52603,826.3829335979468,777.2469766666667
2004-3,701,900.6025475053966,892.1238366666666,869.92661,836.0403266666667,858.7828566666667,1045.0257,836.0403266666667,892.1238366666666,858.7828566666667,1045.0257,900.6025475053966,858.7828566666667
2004-4,263,255.1725057160561,223.15258333333333,234.17861769192203,237.5664966666667,212.9336233333333,263.95082,237.56649666666667,223.15258333333335,212.9336233333333,263.95081999999996,255.1725057160561,212.93362333333334
2005-1,728,418.1796065266406,407.0877066666667,388.1074587128895,402.6170133333333,389.53649666666666,459.66875,402.6170133333333,407.0877066666667,389.53649666666666,459.66875,418.1796065266406,389.53649666666666
2005-2,1550,1538.8188603695442,1489.785466666667,1481.53445,1513.3410333333334,1464.2268333333334,1522.5182466666663,1513.3410333333334,1489.785466666667,1464.2268333333334,1522.5182466666665,1538.8188603695442,1464.2268333333334
2005-3,1142,1346.9725586960285,1336.3537333333334,1321.64969,1287.7201333333337,1312.8799333333334,1127.5994333333335,1287.7201333333335,1336.3537333333334,1312.8799333333334,1127.5994333333335,1346.9725586960283,1312.8799333333334
2005-4,422,271.46382762333536,235.90107333333333,233.40062,242.6411933333333,232.38019666666665,250.4701233333333,242.64119333333335,235.90107333333333,232.38019666666665,250.4701233333333,271.46382762333536,232.38019666666665
2006-1,454,332.2058392675993,323.58476666666667,292.2538133333333,334.8352033333333,329.0079666666667,532.0096066666666,334.8352033333333,323.58476666666667,329.0079666666667,532.0096066666666,332.2058392675993,329.0079666666667
2006-2,965,762.4370178723951,730.5415499999999,732.7160833333334,801.2557,751.27178,1114.5902866666668,801.2557,730.5415499999999,751.27178,1114.5902866666668,762.4370178723951,751.27178
2006-3,708,711.0154963999474,692.7613,691.2941900000001,722.3271133333333,682.1580033333333,834.4382599999999,722.3271133333333,692.7613,682.1580033333333,834.4382599999999,711.0154963999474,682.1580033333333
2006-4,263,223.0345303825109,204.4144833333333,207.80026451944613,204.41855,198.16659,224.98514333333333,204.41854999999998,204.41448333333335,198.16659,224.98514333333333,223.0345303825109,198.16659
2007-1,590,308.8304412649665,301.96675,276.1871307836747,293.3360533333333,295.39411666666666,366.0455933333333,293.3360533333333,301.96675,295.39411666666666,366.04559333333333,308.8304412649665,295.39411666666666
2007-2,1253,1282.6320513655326,1228.11335,1216.4989466666666,1256.8159666666668,1225.0113333333331,1109.9809833333334,1256.8159666666668,1228.11335,1225.0113333333331,1109.9809833333334,1282.6320513655326,1225.0113333333331
2007-3,925,881.8949257679865,865.0338,833.8388166666667,867.2903133333333,847.8473533333332,856.4623866666666,867.2903133333333,865.0338,847.8473533333332,856.4623866666666,881.8949257679865,847.8473533333332
2007-4,337,256.1190697131563,238.52839,239.11487293464768,251.47954666666664,228.83876666666663,236.28191,251.47954666666666,238.52838999999997,228.83876666666663,236.28191,256.1190697131563,228.83876666666666
2008-1,507,353.91202831946606,336.6408433333333,306.18085,357.6435933333333,322.75405666666666,443.4655433333333,357.6435933333333,336.64084333333335,322.75405666666666,443.4655433333333,353.91202831946606,322.75405666666666
2008-2,1080,882.9036771730913,835.3930266666666,847.2259866666667,869.1195000000001,856.9997,1061.1034233333332,869.1195000000001,835.3930266666666,856.9997,1061.1034233333332,882.9036771730913,856.9997
2008-3,800,997.7541448166594,977.0320333333332,962.4221333333334,965.5482833333332,976.4007666666666,1098.7783333333334,965.5482833333332,977.0320333333333,976.4007666666666,1098.7783333333334,997.7541448166594,976.4007666666666
2008-4,296,319.7208715122014,276.70651,290.24249305287026,288.67338666666666,260.75323,265.68332333333336,288.67338666666666,276.70651,260.75323,265.68332333333336,319.7208715122014,260.75323
2009-1,683,513.2759503987123,486.8089433333333,438.3911666666666,503.6858466666666,455.66049,455.28996,503.6858466666666,486.8089433333333,455.66049,455.28996,513.2759503987123,455.66049000000004
2009-2,1455,1555.811378821544,1511.9482,1494.8677,1551.2825999999998,1491.1585333333333,1507.2028,1551.2825999999998,1511.9482,1491.1585333333333,1507.2028,1555.811378821544,1491.1585333333333
2009-3,1070,1284.280468980307,1263.2008666666668,1252.4846666666667,1287.2418333333333,1242.6055833333332,1162.8948666666668,1287.2418333333333,1263.2008666666668,1242.6055833333332,1162.8948666666668,1284.280468980307,1242.6055833333332
2009-4,395,287.67725354131784,245.29005666666663,244.78669,257.41926666666666,234.80077,253.69517,257.41926666666666,245.29005666666663,234.80077,253.69517,287.67725354131784,234.80076999999997
2010-1,561,365.6644277218393,353.51201,314.8786533333334,356.6665233333333,355.06098000000003,510.4646266666667,356.6665233333333,353.51201,355.06098000000003,510.4646266666667,365.6644277218393,355.06098000000003
2010-2,1192,1457.752215968103,1413.1490666666666,1429.2997333333333,1443.7229,1454.3621,1623.5562,1443.7229,1413.1490666666666,1454.3621,1623.5562,1457.752215968103,1454.3621
2010-3,870,668.510078692684,657.4708466666667,611.08343,660.2086166666667,648.4836799999999,655.8427033333334,660.2086166666667,657.4708466666667,648.4836799999999,655.8427033333334,668.510078692684,648.4836799999999
2010-4,319,277.29811004576794,240.6370833333333,253.7477244718032,237.10334333333333,228.37362666666664,236.33673,237.10334333333333,240.63708333333332,228.37362666666664,236.33673,277.29811004576794,228.37362666666664
2011-1,565,398.7852054928344,370.6702666666667,339.88772279999586,358.76159666666666,351.41907999999995,367.2701933333333,358.76159666666666,370.6702666666667,351.41907999999995,367.27019333333334,398.78520549283434,351.41907999999995
2011-2,1215,1283.229191478539,1243.2147,1224.574566666667,1267.65742,1268.6376566666663,1026.3765133333334,1267.65742,1243.2147,1268.6376566666663,1026.3765133333334,1283.229191478539,1268.6376566666665
2011-3,891,980.9295267926568,949.9586133333332,915.9524333333334,967.65562,923.7238833333334,1018.2030866666668,967.65562,949.9586133333333,923.7238833333334,1018.2030866666668,980.9295267926567,923.7238833333334
2011-4,331,298.2370077916915,257.25998,241.2149733333333,261.05403,240.28561666666667,251.62908,261.05403,257.25998,240.28561666666667,251.62908000000002,298.2370077916915,240.28561666666667
2012-1,763,575.2172799331425,535.2123766666667,528.0476033333333,567.2483533333334,519.1831366666667,466.2304933333333,567.2483533333334,535.2123766666667,519.1831366666667,466.2304933333333,575.2172799331425,519.1831366666667
2012-2,1633,2051.5782165942123,1990.7820333333327,1961.3343,2056.777866666667,1964.8994333333333,1880.0236,2056.777866666667,1990.7820333333332,1964.8994333333333,1880.0235999999998,2051.5782165942123,1964.8994333333333
2012-3,1210,917.2198199489496,905.04258,869.7395766666667,892.5640133333333,867.2073700000001,1028.6390199999998,892.5640133333333,905.0425799999999,867.2073700000001,1028.6390199999998,917.2198199489495,867.2073700000001
2012-4,545,286.07818164063355,243.22292666666667,241.15708156220023,265.3809233333333,233.9935933333333,248.12966,265.3809233333333,243.22292666666667,233.9935933333333,248.12965999999997,286.07818164063355,233.99359333333334
2013-1,543,482.4167002922509,443.7876533333333,371.6670833333333,458.0951,427.8035266666666,455.5750233333333,458.0951,443.7876533333333,427.8035266666666,455.5750233333333,482.4167002922509,427.80352666666664
2013-2,1160,1314.4483497257384,1286.517,1270.873016666667,1286.2394666666669,1307.9219533333337,1274.11585,1286.2394666666667,1286.517,1307.9219533333337,1274.11585,1314.4483497257384,1307.9219533333335
2013-3,855,652.6264539350201,643.82906,590.2611933333334,674.76365,634.5218266666667,700.2878599999999,674.76365,643.82906,634.5218266666667,700.2878599999999,652.6264539350201,634.5218266666667
2013-4,320,246.22412161517505,217.8287533333333,233.69597087922543,232.08033333333333,210.35353,234.31201666666664,232.08033333333333,217.82875333333334,210.35353,234.31201666666666,246.22412161517505,210.35353
2014-1,585,370.4252286240485,346.96945,321.44074,347.72743,339.17667,429.47081333333335,347.72742999999997,346.96945,339.17667,429.47081333333335,370.4252286240485,339.17667
2014-2,1259,1078.240200259583,1030.62198,1022.0506666666666,1019.46441,1028.2198,1181.7211166666668,1019.46441,1030.6219800000001,1028.2198,1181.7211166666668,1078.240200259583,1028.2198
2014-3,820,1099.577448404274,1099.907866666667,1062.7769666666666,1061.2034833333337,1072.3439,1311.7709566666667,1061.2034833333335,1099.9078666666667,1072.3439,1311.7709566666667,1099.577448404274,1072.3439
2014-4,337,271.8253760403384,237.94719,243.86931617539187,235.83156,223.14772,233.17581333333337,235.83156,237.94719,223.14772,233.17581333333337,271.8253760403384,223.14772000000002
2015-1,432,337.563181969626,322.2423533333333,266.05352666666664,314.99326,309.5051866666667,401.28103333333337,314.99325999999996,322.2423533333333,309.5051866666667,401.28103333333337,337.563181969626,309.5051866666667
2015-2,930,915.5027807486008,883.6112333333334,880.4124,884.899,895.1154333333334,958.8914766666668,884.899,883.6112333333334,895.1154333333334,958.8914766666667,915.5027807486009,895.1154333333334
2015-3,675,665.2515078567409,644.4905433333333,594.1559733333333,650.44454,625.4345099999999,778.8370933333332,650.44454,644.4905433333333,625.4345099999999,778.8370933333332,665.2515078567409,625.4345099999999
2015-4,252,219.1017601309724,195.49052333333336,214.05100308974545,199.1751133333333,191.0323633333333,226.31390666666667,199.17511333333334,195.49052333333336,191.0323633333333,226.31390666666667,219.10176013097234,191.03236333333334
